年,0.026996883933189098,1
日,0.04275528577225862,1
月,0.05545634860806947,1
大,0.06476789443112761,1
本,0.07286627663974998,1
学,0.08081236976325847,1
人,0.08802661230029862,1
国,0.09421452576730723,2
中,0.10024330989888747,1
一,0.10605921560617562,1
出,0.11157086452085023,1
部,0.1170375714982213,3
作,0.1222158482133598,2
会,0.12730469238748068,2
名,0.1322549508072203,1
市,0.13718634453661901,2
地,0.14207896923753455,2
行,0.1469328565208798,2
時,0.15132124150118217,2
場,0.15562816691515946,2
生,0.15992761986056475,1
上,0.16415315595469007,1
子,0.1683785919475913,1
社,0.17246381071177438,2
田,0.17642063297249394,1
合,0.18035470240058857,2
後,0.1842468329281031,2
代,0.18813440270335402,3
第,0.1920203480289154,3
道,0.19588369857641624,2
東,0.19974266925632164,2
発,0.2034849868868977,3
者,0.20717324458796674,3
山,0.21085833944158613,1
高,0.2145343285961348,2
戦,0.21819223630851722,4
事,0.2217986182329083,3
用,0.22532943778238798,2
長,0.22878091218438176,2
間,0.23221956309271802,2
県,0.2356519743580845,3
画,0.23902468665831883,2
所,0.24231883354691833,3
立,0.24558837836448952,1
成,0.24884286760672159,4
分,0.25208286851388456,2
業,0.25530566957211814,3
校,0.2584323242826712,1
新,0.2615475656975134,2
手,0.26464145745303014,1
川,0.267703067441851,1
同,0.2707594827039889,2
目,0.2738131284989263,1
開,0.2768484311835853,3
前,0.27982235250008236,2
関,0.2827142645716026,4
小,0.2855797112843966,1
動,0.28841616376543405,3
定,0.29121684849854995,3
線,0.2940169870653378,2
内,0.29680290598981596,2
主,0.2995740169577726,3
自,0.30230573545979755,2
文,0.3050093799588632,1
和,0.3076722446241542,3
的,0.3103295721112061,4
車,0.3129713505414456,1
駅,0.31561308155531576,3
物,0.3182120851519457,3
体,0.32078617759306594,2
通,0.32335992231414445,2
野,0.3259082729352109,2
町,0.3284538786753424,1
公,0.33098096042052744,2
家,0.33350323379463126,2
号,0.33601227800169564,3
下,0.33851798725745136,1
入,0.34101125235050406,1
設,0.3435044875888057,5
連,0.34599231209251974,4
現,0.34845099133456015,5
外,0.3509090225528866,2
放,0.35331996053567194,3
送,0.35572527001980314,3
在,0.3581272691388913,5
方,0.3605051508876153,2
番,0.3628733737462932,2
式,0.36522057534790714,3
全,0.3675632741505978,3
機,0.3698838576074066,4
島,0.3721919003126119,3
村,0.3744942354918809,1
選,0.3767847253596297,4
回,0.3790261533344299,2
京,0.3812598594656787,2
平,0.383472509216627,3
表,0.38567855404294565,3
度,0.38787753383023604,3
原,0.39006936779505413,2
記,0.39225997069043184,2
世,0.3944327257131662,3
女,0.39660185953021415,1
明,0.3987654842676122,2
北,0.4009215434598614,2
化,0.40306539732741603,3
当,0.40520913704445194,2
三,0.4072951007935558,1
最,0.40937793857460836,4
数,0.41144623533573704,2
組,0.41351450399827644,2
対,0.41556753620080866,3
曲,0.4175874050434081,3
語,0.4196054826009444,2
法,0.42161342886090325,4
初,0.42362119248003216,4
海,0.42561341406699604,2
演,0.42759399756953526,5
書,0.42957200653883676,2
神,0.4315423305439852,3
力,0.4335092756937794,1
教,0.4354702955535707,2
位,0.43741330597383066,4
区,0.43935499576039705,3
理,0.4412826169345708,2
西,0.44319687547340636,2
期,0.4451093866312244,3
見,0.4470008273594474,1
以,0.44888649382758466,4
性,0.4507542597382238,5
軍,0.4525861490189081,4
多,0.4543996653345629,2
実,0.4561362740553471,3
水,0.45785246739489754,1
特,0.4595684271649251,4
員,0.4612710225434525,3
経,0.4629593385701681,5
都,0.4646209767425764,3
品,0.46625646566538725,3
元,0.46789124158649653,2
要,0.4695257646203027,4
編,0.4711516174831712,5
制,0.472761489273418,5
身,0.4743707288454072,3
治,0.4759769583560257,4
金,0.47757618604944174,1
勝,0.4791471588552302,3
使,0.4807171148433211,3
正,0.48225372658681104,1
木,0.4837872896333701,1
面,0.4853208421429582,3
政,0.48684632860127686,5
点,0.4883683413715026,2
南,0.48987453814831833,2
鉄,0.49137939497366045,3
置,0.4928805691276522,4
民,0.4943652002372378,4
電,0.4958414878219854,2
加,0.4973095249584718,4
共,0.4987627980424823,4
等,0.5002062137901603,3
科,0.5016495540228798,2
売,0.503092005637715,2
形,0.5045272675260323,2
版,0.5059545248287441,5
二,0.5073679857241464,1
能,0.508780817913615,5
映,0.5101878266704665,6
口,0.5115906206389343,1
王,0.5129798236710263,1
務,0.5143509294554958,5
像,0.5157174165343612,5
活,0.5170833047620439,2
気,0.5184399748962989,1
美,0.5197925918090582,3
来,0.5211450401302822,2
界,0.5224955935528953,3
優,0.5238452636261096,6
州,0.5251802785288814,3
参,0.5265146963366321,4
天,0.527845789730045,1
賞,0.529175465900864,4
取,0.5305044308261432,3
空,0.5318316905182888,1
称,0.5331514601802441,S
話,0.5344637591297893,2
知,0.5357593271256127,2
役,0.5370510930310817,3
音,0.5383337655306127,1
言,0.5396051634712172,2
運,0.54087580977456,3
重,0.5421427593572579,3
集,0.543408592021034,3
楽,0.5446669873394746,2
受,0.5459199297754438,3
次,0.5471705663709348,3
路,0.5484178645027934,3
持,0.5496599837134255,3
結,0.5509005153537664,4
別,0.5521351094109717,4
団,0.5533606012814298,5
型,0.5545793951506816,4
報,0.5557975813879412,5
岡,0.557013186067316,S
郡,0.5582267694044283,4
際,0.5594396221782207,5
変,0.5606499302735265,4
信,0.561855633712523,4
昭,0.5630586502239249,3
有,0.5642501796808193,3
他,0.5654390257224425,3
井,0.5666278559586095,S
院,0.5678155446895892,3
交,0.5690029893140749,2
属,0.5701859012848863,5
台,0.5713629669929771,2
指,0.5725367451661286,3
工,0.5737076924064156,2
系,0.5748726037185048,6
登,0.5760317583321265,3
製,0.5771909094334245,5
録,0.5783496460805315,4
利,0.57950832653046,4
不,0.5806585721351355,4
士,0.5818039162921531,4
館,0.5829480943577179,3
松,0.5840835759099176,4
説,0.5852169781665146,4
局,0.5863486980200817,3
藤,0.5874795977460758,S
郎,0.5886079405004505,S
近,0.5897345025067331,2
史,0.5908588254066868,4
議,0.5919815765418057,4
保,0.5931023098469859,5
産,0.5942228956345726,4
歌,0.5953420747365363,2
店,0.5964568107490787,2
歴,0.5975698766517242,4
総,0.5986793915951563,5
付,0.599772426716008,4
続,0.6008547773483068,4
太,0.601935940815211,2
始,0.6030154183667615,3
終,0.6040859816408806,3
隊,0.6051564623753937,4
石,0.6062243773574783,1
種,0.6072847917724015,4
得,0.6083422417861616,4
広,0.609392164890333,2
男,0.6104411238616616,1
考,0.6114831354568043,2
造,0.6125202631659075,5
項,0.6135547917555072,S
城,0.6145825977576349,6
義,0.6156087564799694,5
宮,0.6166345060165981,3
流,0.6176583255313796,3
園,0.6186782779778188,2
備,0.6196889578898139,5
基,0.6206975409445881,5
屋,0.6217026187003565,3
決,0.622703583525127,3
改,0.6237031416642744,4
任,0.6246998144295409,5
愛,0.6256941392064452,4
相,0.6266870063690334,3
注,0.6276750669167024,3
心,0.6286612922752627,2
意,0.6296417170313098,3
古,0.6306213040981655,2
収,0.631599294813921,6
無,0.6325754626337005,4
門,0.6335513301498077,2
真,0.6345247583571377,3
進,0.6354953169960432,3
計,0.6364655823559237,2
術,0.637433994965077,5
少,0.6383999050436275,2
解,0.6393638499770942,5
権,0.6403261353376347,6
技,0.6412883890872624,5
研,0.6422448352097296,3
武,0.6431939686743511,5
安,0.6441410930898429,3
朝,0.645086492954421,2
脚,0.6460233455793892,S
球,0.646957065211659,3
福,0.6478902474584097,3
情,0.6488211326454913,5
建,0.6497511134092323,4
馬,0.6506796804627029,2
向,0.651607876966028,3
約,0.6525290224796195,4
営,0.6534486752556584,5
育,0.6543651634280859,3
様,0.6552763356986644,3
光,0.656185683317105,2
統,0.6570931816971424,5
域,0.6579974223969914,6
監,0.658900897410284,S
由,0.659799560540172,3
英,0.6606974667643125,4
止,0.661593623851274,2
崎,0.6624883707402885,S
支,0.6633745405349423,5
撃,0.6642564551494903,S
転,0.6651375601734362,3
直,0.6660166245373396,2
府,0.6668955326028405,4
死,0.6677740402634449,3
戸,0.6686482646453544,2
橋,0.669517636752137,3
究,0.670383633515889,3
谷,0.6712391495058602,2
阪,0.6720922788719089,S
色,0.6729431902055708,2
伝,0.6737910774285673,4
装,0.6746376633356503,6
両,0.6754839436705755,3
格,0.6763236524479458,5
土,0.6771598243153972,1
呼,0.677995133907392,6
字,0.678828353666813,1
常,0.6796612678540763,5
存,0.6804815394323501,6
題,0.681301233233383,3
督,0.6821173532450989,S
配,0.682933359106296,3
移,0.6837483042457498,5
彼,0.6845614721494353,S
兵,0.6853709363078284,4
佐,0.6861727681869234,S
再,0.686969661738962,5
可,0.6877659213165813,5
引,0.6885485091743808,2
構,0.6893299274284038,5
官,0.6901047706125482,4
類,0.6908750407512961,4
強,0.6916449245344423,2
族,0.692412332129413,3
声,0.6931734509088827,2
施,0.6939323095080817,S
乗,0.6946856028304523,3
星,0.6954362320553321,2
命,0.6961847609106673,3
協,0.6969282144583236,4
寺,0.6976690372755638,2
江,0.6984006648294803,S
白,0.6991321202795375,1
吉,0.6998624851531006,S
調,0.700589767962658,3
果,0.701314787079621,4
状,0.7020396358488868,5
料,0.702760743993462,4
曜,0.7034726287761242,2
千,0.7041814069085152,1
万,0.704888383218872,2
競,0.7055950838118221,4
師,0.7063017527938594,5
株,0.707004185913571,6
起,0.707700439099815,3
先,0.7083946762122819,1
紀,0.7090878771892712,4
葉,0.70977980846126,3
住,0.7104685400064008,3
河,0.7111549147823703,5
着,0.7118398565302894,3
覧,0.7125219269536219,6
達,0.7132034986269958,4
艦,0.7138825344026921,S
器,0.7145595453238024,4
試,0.7152351881948498,4
津,0.715909162712162,S
旧,0.7165819711380212,5
論,0.7172542070551251,6
退,0.7179181696938641,5
陸,0.718578061549489,4
管,0.7192378199368152,4
資,0.7198963841340993,5
良,0.7205531623148057,4
十,0.7212096226302216,1
各,0.7218650661279399,4
級,0.7225193540711763,3
降,0.7231735840610725,6
問,0.7238263845352417,3
載,0.7244788495825022,S
親,0.7251303785955091,2
側,0.7257744860686369,4
青,0.7264175012091086,1
条,0.7270567318208441,5
党,0.7276915527102331,6
風,0.7283258449949123,2
列,0.7289547388381367,3
劇,0.729582052135717,6
周,0.7302090510803305,4
巻,0.730834460698491,6
速,0.7314585935870035,3
花,0.7320812126640215,1
影,0.7327028377534457,S
沢,0.7333235549072056,S
久,0.7339431920214421,5
更,0.7345627940124421,S
座,0.735177678952776,6
半,0.7357922723702466,2
応,0.7364063652815968,5
件,0.7370184983163484,5
示,0.737630601496349,5
判,0.7382396682725514,5
容,0.7388483732794175,5
職,0.7394568376921136,5
過,0.7400651809296435,5
落,0.7406710233927324,3
予,0.7412752519431026,3
廃,0.7418787639794476,S
四,0.7424820424462698,1
著,0.743080774210123,6
典,0.7436787648736852,4
八,0.7442767169016874,1
衛,0.744872507094481,5
専,0.7454679794219842,6
司,0.7460625947425158,4
図,0.7466569659565536,2
認,0.7472500639532672,6
限,0.7478429599913706,5
室,0.7484355346518599,2
観,0.7490275473405645,4
商,0.7496183693515509,3
港,0.7502091035544459,3
攻,0.7507985750769876,S
夫,0.7513856353893414,4
反,0.7519726921893716,3
修,0.75255824747104,5
打,0.7531426261242847,3
森,0.7537237945137104,1
詞,0.7543040883345465,6
領,0.7548823889117094,5
頭,0.7554594601755937,2
米,0.7560344714616556,2
継,0.7566089225320947,S
離,0.7571796417586524,S
船,0.7577482676403128,2
円,0.7583160224657072,1
父,0.7588829220402921,2
食,0.7594471715666807,2
接,0.7600092258907861,5
量,0.7605706725828996,4
概,0.7611320490285399,S
切,0.7616924139249682,2
防,0.7622491312732826,5
洋,0.7628031177899569,3
急,0.7633564914061536,3
浜,0.7639096314528274,S
便,0.7644624360725923,4
航,0.7650152003006352,4
氏,0.7655656182964778,4
係,0.7661132299457216,3
庫,0.7666606466610026,3
足,0.7672065302470091,1
及,0.7677519063022477,S
催,0.7682968766841043,S
単,0.7688410041082842,4
歳,0.7693838776329199,S
味,0.7699256395071195,3
査,0.7704657137098035,5
芸,0.7710056913235873,4
母,0.7715456636688856,2
殺,0.7720854252747646,4
異,0.7726225649310366,6
込,0.7731579659871003,S
念,0.7736924924745744,4
独,0.7742236927915489,5
思,0.774753763896469,2
横,0.7752816819469898,3
規,0.7758080018902483,5
担,0.7763335052182575,6
春,0.7768588206369512,2
走,0.7773818460206232,2
争,0.7779032065628835,4
五,0.7784243510972392,1
波,0.7789452322073209,3
投,0.7794652615789167,3
黒,0.779984648195284,2
例,0.7805019976639325,4
態,0.7810158031980149,5
派,0.7815273748942541,6
創,0.7820389149795802,6
復,0.7825494101486197,5
央,0.7830598614136134,3
魔,0.7835689990695609,S
医,0.7840771444940764,3
助,0.7845841361202718,3
企,0.7850909591549319,S
今,0.7855952287302961,2
挙,0.7860991505856186,4
聞,0.7866022400202355,2
将,0.7871046831873001,6
奈,0.7876037650606287,S
岩,0.788101826603936,2
客,0.7885984375575746,3
博,0.7890944847832669,4
介,0.789590423126926,S
敗,0.790082940467347,4
富,0.7905754174160458,5
完,0.7910671743383958,4
林,0.7915585923215133,1
護,0.7920496292175144,5
済,0.7925398091065441,6
去,0.7930293023362996,3
供,0.7935151831411781,6
警,0.7940006371987325,6
清,0.7944817605612227,4
籍,0.7949618337389406,S
御,0.7954417576429031,S
程,0.7959216235935256,5
省,0.7963979333164491,4
守,0.7968731138273182,3
病,0.7973474390873778,3
尾,0.7978203717111089,S
略,0.7982932147705868,5
害,0.7987659103124713,4
帝,0.7992377014310151,S
導,0.7997082017706164,5
渡,0.8001782595574375,S
火,0.8006480310898807,1
好,0.8011169947878838,4
委,0.8015849118134383,3
宇,0.8020520754455691,6
衆,0.8025190880477828,6
準,0.8029854139907224,5
展,0.8034496097093663,6
飛,0.8039133101903753,4
質,0.8043766629513425,5
刊,0.8048396943346954,5
闘,0.8053014050843548,S
素,0.8057617671017313,5
増,0.806221723445726,5
率,0.8066810756700522,5
徳,0.8071395480573034,5
皇,0.8075976393574382,6
験,0.8080556270440253,4
比,0.8085129421206327,5
残,0.8089700236277173,4
提,0.8094270243513578,5
必,0.8098828291287945,4
与,0.810338159742538,S
辺,0.8107901957966948,4
旅,0.8112420737962872,3
追,0.8116915089747789,3
雄,0.8121399607026478,S
積,0.8125882684252469,4
根,0.8130364830712691,3
銀,0.813484650300922,3
志,0.8139325224953881,5
赤,0.8143794814857044,1
秋,0.8148245561143806,2
首,0.8152651191633246,2
消,0.8157056804561067,3
標,0.8161457465112537,4
張,0.816585313816442,5
章,0.8170213126007987,3
献,0.8174569987883502,S
含,0.8178923372558601,S
般,0.8183251398256924,S
仕,0.8187578071710642,3
香,0.8191885708370158,S
従,0.8196186373067224,6
賀,0.8200481435608062,5
堂,0.8204764942604083,4
告,0.8209046693438277,4
末,0.8213298361220381,4
了,0.8217536243132147,S
授,0.8221766292562167,5
没,0.8225994392652559,S
泉,0.8230209584953526,6
帯,0.8234415258857393,4
確,0.8238614505208974,5
境,0.8242805321983788,5
友,0.8246983599763161,2
夜,0.8251158839382574,2
感,0.8255327739257793,3
倉,0.8259495673244006,4
差,0.8263655528885818,4
里,0.8267793467628035,2
失,0.8271909805579785,4
勢,0.8276014552863479,5
宗,0.8280111063748207,6
補,0.8284203342282933,6
照,0.8288286769762053,4
未,0.8292366000014407,4
豊,0.829644484391116,5
細,0.8300515837764548,2
蔵,0.8304580140641377,6
併,0.8308641598536046,S
想,0.8312691026722204,3
響,0.8316730620402133,S
丁,0.8320762609901353,3
察,0.832478987532526,4
舞,0.8328783246825914,S
破,0.8332763043195649,5
興,0.8336739379926585,5
血,0.8340714346851297,3
写,0.8344669592078696,3
坂,0.8348618251699246,3
右,0.8352566331786393,1
令,0.8356514183572502,4
聖,0.8360458733774377,6
九,0.8364401422444717,1
児,0.8368343900375637,4
陽,0.8372285394855934,3
玉,0.8376223096026686,1
評,0.8380159480076068,5
非,0.8384087416987065,5
永,0.838801516072026,5
視,0.8391932068934985,6
郵,0.8395846676577718,6
角,0.839974772665115,2
街,0.840363836268495,4
越,0.8407489344584707,S
源,0.8411317232956443,6
鳥,0.8415144857903907,2
象,0.8418967056311325,4
織,0.8422780263170192,5
個,0.8426583811139013,5
述,0.8430383688729617,5
階,0.8434158804438466,3
誌,0.8437920836741707,6
価,0.8441669820762576,5
秀,0.8445409286386346,S
宝,0.8449132946553677,6
築,0.8452855711078476,5
績,0.8456576333085847,5
若,0.8460283801441136,6
断,0.8463985737886672,5
仮,0.8467682282915401,5
丸,0.8471377247398486,2
就,0.8475036263248981,6
悪,0.8478682968405071,3
検,0.8482329515506598,5
帰,0.8485975061595883,2
毎,0.8489614162571265,2
卒,0.8493252403027352,4
停,0.8496888184856881,4
祭,0.850052154318309,3
短,0.8504135724222153,3
左,0.8507748236907481,1
歩,0.8511352355139278,2
環,0.8514934363293678,S
頃,0.851851261326177,S
講,0.8522084242499774,5
販,0.8525642946386737,S
革,0.8529192553355437,6
弾,0.8532728725686164,S
週,0.8536264511661289,2
読,0.8539781418896778,2
課,0.8543284768562966,4
除,0.8546782498511311,6
段,0.8550273449675003,6
然,0.8553761468048446,4
夏,0.8557202719832447,2
早,0.8560637210393417,1
留,0.8564064922169735,5
池,0.8567489349923438,2
瀬,0.85709109502566,S
算,0.8574311459086226,2
薬,0.85776974971424,3
模,0.8581070486916202,6
深,0.8584440947816976,3
漫,0.8587809002776046,S
居,0.8591172755138641,5
財,0.8594534189367625,5
浦,0.8597890126810093,S
房,0.8601233349640935,S
樹,0.860457179571161,6
農,0.8607901548781243,3
割,0.8611228281252534,6
換,0.861455283608316,S
超,0.8617872543907146,S
健,0.8621190513130922,4
甲,0.8624473218625222,S
訳,0.8627749496567235,6
百,0.8631022613417962,1
満,0.8634292569177401,4
極,0.8637556905218995,4
鹿,0.8640818747510794,S
跡,0.8644072265595536,S
庁,0.8647322692835464,6
弟,0.8650568290630368,2
奏,0.8653807899913444,6
塚,0.8657025083009994,S
整,0.8660239702110277,3
低,0.8663436267866984,4
案,0.8666631095023483,4
射,0.8669818019451762,6
証,0.8673000325174436,5
群,0.867614852623444,5
華,0.8679295199433653,S
援,0.8682440660881207,S
何,0.8685584418851788,2
郷,0.8688722680035854,6
推,0.8691850316440868,6
遠,0.8694967538806251,2
幸,0.869807576962308,3
幕,0.8701183473591364,6
温,0.8704285803704457,3
複,0.8707387765023566,5
採,0.8710483316352009,5
板,0.8713572352320076,3
藩,0.8716660633138557,S
私,0.8719735110525081,6
難,0.8722805917533387,6
負,0.8725871578987542,3
養,0.8728919538330485,4
習,0.8731964898553924,3
岸,0.8734987446235237,3
効,0.8738008711918417,5
植,0.874102781752255,3
違,0.8744044640116307,S
精,0.8747056545456952,5
沿,0.8750066115102365,6
盤,0.8753074964721431,S
療,0.8756077263856883,S
遺,0.875907668288694,6
振,0.8762072817894382,S
談,0.8765064913729621,3
徒,0.8768054937293907,4
婚,0.8771036689335988,S
延,0.8774014929054417,6
撮,0.8776990042804794,S
恋,0.8779953530763879,S
密,0.87829168606684,6
伴,0.878587311324076,S
席,0.878882360560233,4
普,0.8791769830490659,S
竹,0.8794715967570899,1
臣,0.8797661665610681,4
材,0.880060100634465,4
為,0.8803525086032349,S
望,0.8806433781742445,4
策,0.8809339614908764,6
静,0.8812243340680892,4
突,0.8815145204921483,S
枚,0.8818043785139459,6
求,0.882093604317486,4
描,0.8823827405567728,S
羽,0.8826717292784662,2
砲,0.8829594641006154,S
順,0.8832462312775983,4
絵,0.8835329879176101,2
妻,0.8838185731976836,5
働,0.884103684314064,4
獲,0.8843884002940334,S
端,0.8846727790909322,S
諸,0.8849570279318557,6
六,0.8852412205756008,1
宿,0.8855231881623117,3
背,0.8858048080289808,6
囲,0.8860860116852971,4
枠,0.8863667113231691,S
替,0.8866461658423062,S
寄,0.8869238589311311,5
処,0.887201330743566,6
刑,0.8874785444002123,S
裁,0.8877535821723556,6
盟,0.8880282827614281,6
亡,0.8883024213787161,6
兄,0.8885760928569583,2
舎,0.8888495184725447,5
徴,0.8891222293302677,S
給,0.889394501147534,4
故,0.8896645742501936,5
功,0.8899345226653634,4
爆,0.8902042638534378,S
康,0.8904732832590014,4
雑,0.8907422851029467,5
草,0.891011165771726,1
秒,0.8912790559652352,3
休,0.8915463086720012,1
識,0.891811680529451,5
敵,0.8920764746096599,5
布,0.8923410193148894,5
娘,0.8926039202526493,S
熊,0.8928661380434586,S
七,0.8931267647516531,1
輸,0.8933861603904072,5
輪,0.8936437471824799,4
液,0.8939011724076644,5
圧,0.8941584782138449,5
扱,0.8944154152260417,S
紙,0.8946722538931763,2
険,0.8949288238675515,5
翌,0.8951845631773826,6
熱,0.8954394700665079,4
宙,0.8956943031968365,6
姿,0.8959490450067502,6
邦,0.8962024855007504,S
揮,0.8964547493663267,6
乱,0.8967067972239985,6
緯,0.8969587045887241,S
幼,0.897210153595213,6
貴,0.8974612373200418,6
恵,0.8977122209436467,S
韓,0.8979623984889731,S
労,0.8982115943398384,4
副,0.898460514473297,4
景,0.8987077065435183,4
具,0.8989540117520172,3
壊,0.899200125538877,S
探,0.8994461515176454,6
湾,0.8996913292702515,S
絶,0.8999363419436461,5
搭,0.9001783691419354,S
服,0.9004203015074862,3
岐,0.9006612328607957,S
麻,0.90090183229952,S
許,0.9011417152242192,5
昇,0.9013808552924657,S
頼,0.90161953173399,S
純,0.901858139685203,6
忠,0.9020958923856065,6
返,0.9023333711247651,3
抜,0.9025702668181972,S
遊,0.9028071379253638,3
操,0.9030439282490863,6
減,0.9032806887180578,5
亜,0.903517270058523,S
札,0.9037536599773491,4
息,0.9039892666480005,3
拠,0.9042243833495024,S
捕,0.9044593859004855,S
宅,0.9046941408326511,6
幅,0.904928446187389,S
貨,0.9051613676866076,4
費,0.9053941153258055,4
栄,0.9056266135900238,4
因,0.9058581178666485,5
閉,0.9060889477771317,6
則,0.9063197776876148,5
節,0.9065497189802139,4
詳,0.906778736531692,S
怪,0.9070070937663234,S
仲,0.9072352174314319,4
鈴,0.9074631005023701,S
印,0.9076907903955074,4
隣,0.9079180605659681,S
笑,0.9081446669072585,4
滅,0.9083703986799592,S
仙,0.9085959513241536,S
況,0.9088214442588458,S
倒,0.9090465490817744,S
値,0.9092710655904912,6
沖,0.9094955680499133,S
被,0.9097190273492104,S
掲,0.90994242167052,S
盛,0.9101657931617257,6
途,0.9103890715763547,S
覚,0.9106103374295305,4
潟,0.9108303002106309,S
抗,0.9110496658967103,S
竜,0.911268471367167,S
俳,0.911487081903661,6
並,0.911705560728018,6
候,0.9119233651862336,4
審,0.9121411257404035,S
散,0.912358840634366,4
毛,0.9125752805548424,2
矢,0.9127909460079532,2
夢,0.9130065113598399,5
黄,0.9132220486131374,2
喜,0.9134369062318081,4
君,0.9136513037360801,3
測,0.9138648495018663,5
脱,0.914077548797652,S
躍,0.9142900022307822,S
戻,0.9145017426622106,S
酸,0.9147127823850703,5
待,0.9149233461880749,3
隆,0.9151337800351045,S
桜,0.9153424805504112,5
剣,0.9155509615454895,S
距,0.9157593933680368,S
軽,0.9159677531879491,3
襲,0.9161753297596869,S
仁,0.9163827149097855,6
巨,0.916589978884718,S
承,0.9167971041228663,5
激,0.9170040765749357,6
老,0.9172097512234152,4
誕,0.9174153802116872,6
障,0.9176209055864115,6
携,0.9178261324136253,S
練,0.918031339923059,3
辞,0.9182364561120776,4
弁,0.9184402850344775,5
奥,0.9186436889657152,S
駆,0.9188466011716416,S
紹,0.9190491937561156,S
幹,0.9192517090694691,5
宣,0.9194538011478225,6
閣,0.919655749220906,6
救,0.9198576797323713,4
惑,0.9200592572553095,S
契,0.9202608259974385,S
災,0.9204623262492564,5
礎,0.9206634208276923,S
湖,0.9208643327652981,3
兼,0.9210645650682772,S
片,0.9212647657603433,6
執,0.9214645871214548,S
億,0.9216643944332719,4
締,0.9218634307900471,S
姫,0.9220622212841665,S
似,0.9222604814174142,5
慶,0.9224584008552676,S
騎,0.92265608847976,S
罪,0.9228537374686921,5
適,0.9230507454585576,5
雲,0.9232456109309947,2
敷,0.9234403482036184,S
逆,0.9236350749392711,5
至,0.9238293731714382,6
署,0.9240228776184597,6
殿,0.9242155373516425,S
秘,0.9244078476086219,6
稲,0.924599706532012,S
傷,0.9247904081447582,6
票,0.924980902530409,4
妹,0.9251708999222628,2
掛,0.9253598945457137,S
裏,0.9255487451638947,6
霊,0.925737462313777,S
善,0.9259260003351529,6
雪,0.9261144189375247,2
吹,0.9263023809378216,S
杉,0.9264903394257947,S
酒,0.9266782346919421,3
鮮,0.926865812092799,S
庭,0.9270530979707926,3
須,0.9272392423435989,S
圏,0.9274251689523388,S
旗,0.9276110095091491,4
哲,0.9277959456426188,S
律,0.9279805129821049,6
易,0.9281647624563004,5
訪,0.928348453471035,6
震,0.9285318231081554,S
仏,0.9287148274636159,5
巡,0.9288974682935782,S
占,0.9290799264827106,S
拡,0.9292620281709922,6
固,0.9294439507307676,4
沼,0.9296247827140486,S
銃,0.9298049438435119,S
魚,0.929984204061958,2
顔,0.9301625475639308,2
犯,0.9303408489180197,5
筆,0.930519146759785,3
祖,0.9306969932679608,5
裕,0.9308740986758459,S
禁,0.9310502048276517,5
詩,0.9312261862919676,3
範,0.9314012299658684,S
益,0.931576273639769,5
鬼,0.9317512312617401,S
俊,0.9319261028317818,S
姉,0.9321009550840433,2
臨,0.9322746746119268,6
埼,0.9324467415915314,S
憲,0.9326186557850571,6
肉,0.9327901379627735,2
症,0.932961599066548,S
浅,0.9331326509846168,4
勤,0.9333033920620425,6
丘,0.933473890789136,S
駐,0.9336443175135947,S
塩,0.93381443339741,4
鶴,0.9339844579608103,S
衣,0.9341540645576959,4
縄,0.9343233515331291,S
摩,0.9344925858237075,S
伸,0.934661403903933,S
茶,0.9348297249903615,2
層,0.9349980127097155,6
軌,0.9351659632459987,S
暴,0.9353338523166179,5
茂,0.9355012004893946,S
焼,0.9356673123242453,4
券,0.9358322738730996,5
買,0.9359968982388833,2
那,0.936160762186596,S
危,0.936324371490844,6
季,0.9364876067326229,4
柳,0.9366507910457088,S
犬,0.9368136329072385,1
獣,0.9369763711552205,S
牧,0.9371388846144886,4
奪,0.9373010573783623,S
舗,0.9374630018411987,S
漢,0.9376235519115448,3
堀,0.9377838508507496,S
荒,0.9379434139581491,S
混,0.9381027329590548,5
額,0.9382618763437777,5
油,0.9384210127038534,3
露,0.9385790022902563,S
融,0.9387359258864305,S
双,0.9388925456666087,S
緑,0.9390488019212888,3
逃,0.9392043012702217,S
希,0.9393588997081375,4
染,0.9395130152015511,6
暗,0.9396668040488648,3
飯,0.9398202065405767,4
折,0.9399734404407534,4
請,0.9401265549219258,S
雅,0.9402790442094878,S
釈,0.9404305096547051,S
冷,0.9405818837795074,4
冬,0.9407329997485211,2
暦,0.940883699507182,S
欧,0.9410343413125026,S
砂,0.9411843210448145,6
童,0.9413339934488069,3
迎,0.9414836237049153,S
納,0.9416328869232021,6
孝,0.9417818076899327,6
隠,0.9419307091388831,S
刻,0.9420788782683519,6
塁,0.9422253105537742,S
聴,0.9423716532749434,S
税,0.9425179292619632,5
孫,0.9426640190958293,4
翼,0.9428100983927246,S
綱,0.9429560617829391,S
陣,0.94310161774361,S
伯,0.9432468734006085,S
骨,0.9433919183181879,6
訓,0.9435368367921158,4
腕,0.9436813794474127,S
我,0.943825846587751,6
願,0.943969741219334,4
湯,0.944112915824568,3
雨,0.9442558568602791,1
床,0.9443987838466956,S
寿,0.944541257743361,S
唱,0.9446833874323082,4
厚,0.9448254890226662,5
押,0.9449670988877128,S
吸,0.9451086841664937,6
互,0.9452495617120587,S
婦,0.9453902460798227,5
依,0.945530026024246,S
免,0.9456697655769473,S
潜,0.945809187264358,S
梨,0.9459477817995484,S
奇,0.9460862850143238,S
苦,0.9462245142678543,3
燃,0.9463626504448078,5
唯,0.9465007233999357,S
貫,0.9466380745725529,S
齢,0.9467751675893816,S
余,0.9469122184583264,5
批,0.9470485668625407,6
均,0.9471848098970452,5
礼,0.9473208158497033,3
討,0.9474567322381081,6
緒,0.947592314955766,S
潮,0.9477270108117014,6
核,0.9478615960294418,S
雷,0.9479959828008957,S
譲,0.9481299358003784,S
維,0.9482637676246952,S
阜,0.9483975555449663,S
架,0.9485311309696564,S
快,0.948664386772894,5
鎮,0.948797517888642,S
捜,0.9489304839251782,S
勇,0.9490626561765688,4
虫,0.9491946440309676,1
弱,0.949325857418001,2
欠,0.9494568056245986,4
寛,0.949587683584723,S
網,0.9497172321303448,S
濃,0.9498464452490577,S
恐,0.9499754458721895,S
誘,0.9501040618958815,S
誠,0.9502325549882454,6
較,0.9503605458183271,S
避,0.9504884453279937,S
才,0.9506158741862908,2
簡,0.9507431730886127,6
梅,0.95087025598303,4
既,0.9509972967295635,S
訴,0.9511240635148519,S
繁,0.9512507073688126,S
封,0.9513765802677313,S
飾,0.951502170424596,S
疑,0.9516275533543651,6
縮,0.9517527799857317,6
侵,0.9518767808161434,S
紅,0.9520003303129656,6
穂,0.9521236216539993,S
触,0.9522468901649294,S
炎,0.9523699040323945,S
亀,0.952492903850565,S
縁,0.9526154769214117,S
彩,0.9527379253047686,S
茨,0.9528601488994118,S
偵,0.9529819422344075,S
否,0.9531035353669549,6
厳,0.9532248598067429,6
択,0.9533460929261159,S
夕,0.9534673207770034,1
芝,0.9535884362335341,S
抱,0.9537091108934461,S
殊,0.95382976799174,S
鑑,0.9539504163092248,S
答,0.9540709785747801,2
遣,0.9541913125392979,S
髪,0.9543113128330686,S
繰,0.9544310795573164,S
筋,0.95455034226312,6
豪,0.9546692923721185,S
偶,0.9547880493033161,S
挑,0.9549068044783517,S
申,0.9550255034562091,3
誉,0.9551441076013276,S
眼,0.955262441297525,5
壁,0.9553806503062326,S
晴,0.9554987767753345,2
輝,0.9556160462374649,S
敬,0.9557329188070226,6
歯,0.9558491574021608,3
柄,0.9559653907288136,S
刀,0.9560815731267734,2
枝,0.9561976361057289,5
丹,0.9563130001322776,S
弥,0.9564283624026644,S
束,0.9565436280841507,4
損,0.9566587444918818,5
菜,0.956773799433949,4
脳,0.9568887929103522,6
塔,0.9570037653128135,S
羅,0.957118706104362,S
鏡,0.9572335011344788,4
浮,0.9573480362526453,S
払,0.9574623676560399,S
乳,0.9575764163173804,6
滝,0.9576893937200067,S
還,0.9578022692652471,S
墓,0.9579151342735166,5
荷,0.9580279694270349,3
岳,0.9581404094441424,S
倍,0.958252584280814,3
底,0.9583645466219045,4
責,0.9584759891390945,5
託,0.9585869346624875,S
爵,0.9586977133505069,S
己,0.9588084165235679,6
菊,0.9589185032838277,S
絡,0.9590282036884856,S
儀,0.9591377126715045,S
窓,0.959246638608797,6
牛,0.9593554117600105,2
排,0.9594627834940864,S
渋,0.9595700498584528,S
到,0.9596770808971344,S
尊,0.9597840364208575,6
胞,0.9598908409146635,S
轄,0.9599976243345275,S
招,0.9601039230537274,5
飲,0.960210163819587,3
鉱,0.9603161341365254,5
募,0.9604220728425509,S
杯,0.9605278675433065,S
傾,0.960633574435971,S
遅,0.9607391443480129,S
灯,0.9608446422574198,4
覇,0.9609500242601463,S
撤,0.9610552605014412,S
尚,0.96116019292674,S
泰,0.9612650515932422,S
盗,0.9613697469366944,S
征,0.9614739312370552,S
桃,0.9615781050004449,S
械,0.9616821049038139,4
貞,0.9617859502649422,S
午,0.9618896323030205,2
冠,0.9619933073164515,S
附,0.9620968541300692,S
忍,0.9622003271848902,S
艇,0.9623036456974704,S
冒,0.9624068079116481,S
崩,0.9625099051478382,S
包,0.9626123227494015,4
皮,0.9627140940834125,3
索,0.9628156739957844,S
敏,0.9629171134152102,S
沙,0.9630175325046149,S
畑,0.9631178585174426,3
充,0.9632177946623449,S
陰,0.9633176482676413,S
剛,0.9634172314240165,S
威,0.9635167847256406,S
鎌,0.9636156004392975,S
氷,0.963714370492747,3
鳴,0.9638130597627524,2
嫌,0.9639116015151644,S
伏,0.964009934284319,S
剤,0.9641080071415233,S
佳,0.964205925456487,S
炭,0.9643035171253508,3
稚,0.9644008787370153,S
鎖,0.964498006779157,S
箱,0.9645947712958005,3
縦,0.9646915112261785,6
徹,0.9647881545676559,S
暮,0.9648847785913534,6
購,0.9649813534425196,S
垣,0.965077612184557,S
駒,0.9651738674142708,S
困,0.9652699979564949,6
刺,0.9653661284987191,S
却,0.9654619060524161,S
奉,0.9655575413570051,S
朗,0.9656531555876523,6
致,0.9657484431721997,S
拓,0.9658430177550454,S
斎,0.9659374816996962,S
賢,0.9660317630035169,S
析,0.9661258230309475,S
柔,0.966219691636739,S
衝,0.966313505801514,S
荘,0.9664071197638406,S
拳,0.9665000259929512,S
咲,0.9665927618743646,S
幻,0.9666854679010269,S
径,0.9667779965553448,4
妖,0.9668704532070277,S
芳,0.966962785171221,S
誤,0.9670551013299579,6
軸,0.9671473489983835,S
唐,0.9672394983217468,S
即,0.967331526469944,S
浪,0.9674235230072284,S
看,0.9675151665559857,6
閲,0.9676065905845147,S
針,0.9676979777336453,6
姓,0.9677891523871949,S
謀,0.9678799038057442,S
狭,0.967970630638028,S
往,0.9680613504456645,5
又,0.9681518612700437,S
迫,0.9682422351138004,S
沈,0.9683324052427851,S
勲,0.9684223576077033,S
頂,0.9685121958221029,6
踏,0.9686016020206932,S
如,0.9686909379728104,S
序,0.9687802036784544,5
峰,0.9688692059598246,S
患,0.9689581098961324,S
斉,0.9690468417285812,S
涯,0.9691349518797434,S
紫,0.9692230620309057,S
脈,0.9693110316891218,4
彰,0.9693989890542051,S
診,0.9694868164633133,S
干,0.9695745314780645,6
弦,0.9696619286275251,S
貢,0.9697492607989983,S
栃,0.9698365525787492,S
豆,0.9699235019069441,3
趣,0.9700101702492467,S
獄,0.9700966067781882,S
妙,0.970182960767524,S
漁,0.9702692655843285,4
毒,0.9703554931300126,4
摘,0.970441687308622,S
麗,0.9705273915180819,S
戒,0.9706130342618778,S
棋,0.9706986225646571,S
翻,0.9707837683146561,S
洞,0.9708688525989911,S
晶,0.9709537700479527,S
筒,0.9710384837821423,S
埋,0.9711230096070166,S
怒,0.9712074862593596,S
坊,0.971290967167947,S
誰,0.9713743848547087,S
穴,0.9714575110186071,6
祉,0.9715403228295386,S
猫,0.9716230661501589,S
鋼,0.9717055425341815,6
腹,0.971787513143598,6
削,0.9718688357293006,S
迷,0.9719500705069118,5
隻,0.9720313000160377,S
塾,0.972112422399292,S
葬,0.9721934622429405,S
紋,0.9722743440320245,S
滑,0.9723551397691792,S
袋,0.9724355719808356,S
俗,0.9725156424231559,S
玄,0.9725956496436503,S
呂,0.9726753425111778,S
飼,0.9727545910697633,5
洗,0.9728335481054855,6
墳,0.9729124682618093,S
渉,0.972991369100353,S
卓,0.973070187399291,S
謝,0.9731489863804488,5
魂,0.9732276378440131,S
磁,0.973306101398262,6
僚,0.9733845017306851,S
賛,0.9734625543430667,5
狙,0.9735401591341825,S
裂,0.9736176813856924,S
脇,0.9736950929990071,S
滋,0.9737722886044173,S
恒,0.9738494596235618,S
糸,0.9739265902509844,1
憶,0.9740036787305232,S
耐,0.9740807531607673,S
微,0.9741577836869657,S
狩,0.9742346825010272,S
棄,0.9743115198494248,S
稿,0.9743882131925524,S
祥,0.9744647941413234,S
銅,0.9745412995751356,5
棒,0.9746176241242798,6
冊,0.9746938538406853,6
硬,0.9747694004101404,S
啓,0.9748447485333089,S
輩,0.9749198806485729,S
抑,0.9749948230983596,S
眠,0.9750693985103245,S
掘,0.9751437561582229,S
克,0.9752179733131752,S
菌,0.9752921290024635,S
祝,0.9753661652727478,4
桑,0.9754401945183846,S
陥,0.9755141903969468,S
踊,0.9755876945501974,S
虎,0.9756611793856681,S
逐,0.9757344517255577,S
遷,0.9758075853286631,S
該,0.9758806082935733,S
借,0.9759533590534004,4
葛,0.9760259096107793,S
詰,0.9760984584119964,S
嵐,0.9761707859368233,S
僕,0.9762430836068992,S
譜,0.9763151617567467,S
揚,0.9763870274110132,S
尋,0.9764588895529561,S
旬,0.9765307253524717,S
隔,0.9766022116757836,S
乙,0.976673683949801,S
顕,0.9767449612898557,S
帳,0.9768161982381882,3
句,0.9768872911812511,5
雇,0.9769583050970317,S
蒸,0.9770292698402813,6
塗,0.977100171361705,S
薄,0.9771710482968632,S
欲,0.9772418462047392,6
亭,0.9773126037208931,S
陵,0.9773833384069434,S
悲,0.9774540010903587,3
披,0.9775245847464918,S
浴,0.9775951157177702,4
謎,0.9776656431767249,S
顧,0.977735427779227,S
尉,0.9778050859380776,S
痛,0.9778747107298533,6
貸,0.9779437647690356,5
奴,0.9780127836849812,S
泊,0.9780817060120265,S
享,0.9781504070626815,S
媛,0.9782190044997888,S
溶,0.9782875826191161,S
刷,0.9783559025826548,4
尻,0.9784241716175005,S
磨,0.9784919419023875,S
透,0.9785593574425856,S
殖,0.9786267290787379,S
挿,0.9786939075370894,S
浄,0.9787610069681586,S
寝,0.9788280326404312,S
悟,0.9788949476745086,S
拝,0.9789616747992707,6
贈,0.979028387874738,S
珍,0.9790949709942303,S
弓,0.979161508453515,2
届,0.9792279352746047,6
逮,0.9792942936053831,S
拒,0.9793604570021989,S
括,0.9794265975689108,S
仰,0.9794925923741911,S
昼,0.9795585485439112,2
曽,0.9796244502726148,S
債,0.9796899726703638,S
騒,0.9797554669695235,S
斜,0.9798205924746998,S
偽,0.9798856389525937,S
僧,0.9799503254173133,S
畿,0.9800149275862652,S
斗,0.980079317259636,S
柱,0.9801435295606624,3
卵,0.980207689176834,6
遂,0.9802717416671342,S
償,0.9803356905438866,S
棟,0.9803996236151825,S
狂,0.9804633143361464,S
曹,0.9805269523722555,S
慮,0.9805905166495679,S
煙,0.9806540545844529,S
呉,0.9807173940730515,S
抵,0.9807807177561936,S
緊,0.9808439957791283,S
幾,0.980907231654179,S
郊,0.9809703674280058,S
淡,0.98103300093955,S
塞,0.981095425467837,S
賃,0.9811578113605638,6
胸,0.981220030417917,6
耳,0.9812815961830708,1
巣,0.9813428563760667,4
随,0.9814039514898509,S
涼,0.9814650290420169,S
珠,0.9815257571179794,S
握,0.9815864500707053,S
捨,0.9816469867250287,6
旋,0.9817074706944974,S
肥,0.981767944126995,5
慎,0.9818283402883723,S
闇,0.9818884765377992,S
箇,0.9819484283902343,S
滞,0.9820083099961964,S
斬,0.9820680915009343,S
廷,0.9821278396385976,S
甘,0.9821875403598915,S
琴,0.9822471163936959,S
乾,0.9823066608165872,S
撲,0.9823661736285657,S
寒,0.9824253966738429,3
覆,0.982484598645178,S
謡,0.9825436267564924,S
賊,0.9826026285253794,S
添,0.9826613984809053,S
符,0.9827197346644599,S
勧,0.982777905768803,S
摂,0.9828360206759675,S
碑,0.9828939020136092,S
侯,0.9829514935845495,S
誇,0.9830087058245351,S
侍,0.9830658794289606,S
恩,0.983122923077411,5
堤,0.9831798912109029,S
徐,0.9832366450926519,S
銭,0.9832933023855003,5
尽,0.9833497875744899,S
肩,0.9834062130539772,S
怖,0.9834623680845433,S
妃,0.9835181490526405,S
喫,0.9835737333306129,S
丈,0.9836292175073613,S
耕,0.9836846542677403,5
奨,0.983740034830941,S
倫,0.9837953925640378,S
薦,0.9838507046369271,S
泳,0.9839060096851693,3
粉,0.9839610319913572,4
峠,0.9840158997553045,S
慣,0.9840705128757868,5
熟,0.9841250048211032,6
臓,0.984179340468017,6
菓,0.9842334741563208,S
叙,0.9842875270611805,S
罰,0.9843414675716834,S
垂,0.9843950305073935,6
培,0.9844485776376471,S
瞬,0.9845021159870917,S
崇,0.9845556473118889,S
召,0.9846091083902131,S
促,0.9846625290768153,S
旨,0.9847159392264465,S
貝,0.9847691579544385,1
扉,0.9848219657405632,S
稼,0.9848747647458789,S
傘,0.9849275198471488,S
悩,0.9849802029457837,S
遭,0.9850327578446054,S
隷,0.9850852583024104,S
遇,0.9851376375850495,S
匠,0.9851899518897009,S
晩,0.9852422275587921,6
霧,0.9852944347375722,S
呪,0.9853460852130531,S
椎,0.985397716370754,S
預,0.9854487732635376,5
訂,0.9854995561950763,S
皆,0.9855503233211586,S
錦,0.9856010289815769,S
朱,0.9856517170803769,S
貧,0.9857023963983678,5
糖,0.9857527964866283,6
舟,0.9858030578381044,S
猛,0.9858532577239167,S
釜,0.9859032257963678,S
涙,0.9859530884991093,S
潤,0.9860029231032618,S
峡,0.9860527050225593,S
孤,0.9861021023424168,S
邪,0.9861514487335813,S
猿,0.9862007354152438,S
逸,0.986249851749209,S
鼻,0.9862988539326556,3
昔,0.9863477700641726,3
戯,0.9863966756587187,S
澄,0.986445507494468,S
邸,0.9864943305494083,S
勉,0.9865431448235393,3
凡,0.986591892363521,S
汚,0.9866406293665317,S
銘,0.9866891556301233,S
堅,0.9867375853048144,S
疾,0.9867859675631361,S
噴,0.9868342040600263,S
俺,0.98688242475146,S
貯,0.9869304417281218,4
灰,0.986978374409016,6
烈,0.987026257917379,S
緩,0.9870739886396631,S
忘,0.9871216245292086,6
陳,0.9871691919284428,S
努,0.9872165907361417,4
頻,0.9872638262207907,S
悠,0.9873110002397758,S
循,0.9873581215739061,S
渓,0.987404912749613,S
貿,0.9874516565089506,5
后,0.9874982158712964,6
尼,0.9875446329845342,S
屈,0.987590867456942,S
嫁,0.9876370790992461,S
宰,0.9876832485936665,S
溝,0.9877294180880868,S
励,0.9877755647524034,S
紛,0.9878214901403297,S
唄,0.9878673786488578,S
簿,0.9879129580729044,S
恭,0.9879582003138802,S
彫,0.9880033494782793,S
班,0.9880484705440891,6
但,0.9880935880975753,S
掃,0.9881386073059992,S
粒,0.9881832700135723,S
懸,0.9882278624746723,S
阻,0.9882722635141332,S
勘,0.9883165872824738,S
軒,0.9883606985552335,S
劣,0.988404516548968,S
酷,0.9884481589265198,S
寧,0.9884917503753787,S
控,0.988535145134113,S
謙,0.9885785381366855,S
釣,0.9886217941586356,S
寮,0.9886646690934693,S
衰,0.9887075089050663,S
酵,0.9887503364235307,S
泣,0.988792881199941,4
薫,0.9888353206066417,S
虐,0.9888777213777822,S
膜,0.9889200641955823,S
媒,0.9889620873919301,S
驚,0.9890039419967426,S
瞳,0.9890457755276131,S
幽,0.9890871647495415,S
麦,0.9891285293852043,2
苗,0.989169621815784,S
軟,0.9892106018520068,S
擁,0.9892514185651797,S
墜,0.9892922335221909,S
辛,0.9893327481755296,S
脂,0.9893732575603829,S
栽,0.9894137651890744,S
秩,0.9894537898732635,S
旦,0.9894937214808759,S
准,0.9895335371818077,S
傍,0.9895733019540465,S
祈,0.9896130403838579,S
挟,0.9896525838797066,S
慈,0.9896921168385843,S
訟,0.9897316322358438,S
勅,0.9897708912334765,S
履,0.9898101080832254,S
偏,0.9898491580976009,S
腰,0.9898881519147978,S
掌,0.9899271299265384,S
蛇,0.9899659516398763,S
匹,0.9900047329614923,S
懐,0.9900433685216766,S
鍵,0.9900819812517573,S
寸,0.9901205149545557,6
虚,0.990159029339574,S
靴,0.9901975296752976,S
幣,0.9902357349758345,S
脅,0.9902739262270768,S
需,0.9903118452732358,S
措,0.9903495553361376,S
陶,0.9903870107555744,S
禅,0.9904243010957997,S
股,0.9904612524967924,S
蹴,0.9904981564814157,S
郭,0.9905348602635908,S
魅,0.9905715289225294,S
坪,0.9906078147381898,S
鍋,0.9906439565485805,S
拘,0.9906800210878507,S
昆,0.9907159504026604,S
慢,0.990751858643528,S
黙,0.9907876702954953,S
酔,0.9908234503365496,S
赴,0.990859088128496,S
湿,0.9908946240630565,S
抽,0.9909301196058949,S
屯,0.9909655308529657,S
芽,0.9910007524345592,4
盾,0.9910358949888706,S
鋭,0.9910710182254018,S
刃,0.9911059623334267,S
伐,0.9911407975594183,S
嗣,0.9911756292730863,S
泥,0.9912104311320034,S
炉,0.9912451697690945,S
誓,0.9912798943568911,S
扇,0.9913144942571981,S
牙,0.9913490765958867,S
跳,0.9913835588333512,S
殻,0.9914179989229319,S
暖,0.9914524179385706,6
篤,0.9914867052420725,S
浸,0.9915209521538523,S
暁,0.99155515867391,S
凍,0.991589170260005,S
宜,0.9916230009614319,S
鼓,0.991656798295784,S
暫,0.9916905236275013,S
虹,0.9917241681757746,S
尿,0.9917577846254586,S
刈,0.9917913273163459,S
勃,0.9918248348839968,S
零,0.9918582950352782,S
腐,0.9918917376249414,S
帽,0.9919251222612643,S
羊,0.991958478798998,3
鐘,0.9919915666439723,S
藍,0.992024506971353,S
桁,0.9920574244686301,S
墨,0.9920902805002433,S
癖,0.9921231330195327,S
洪,0.9921558239719341,S
叔,0.99218849033807,S
壇,0.9922210601153054,S
舶,0.9922536070624371,S
帆,0.9922860381028882,S
隅,0.9923183848475716,S
碁,0.9923507070059895,S
粋,0.9923830010658181,S
蜂,0.9924151792189662,S
伎,0.9924473064434213,S
傑,0.9924790912163203,S
蓄,0.9925107214469784,S
猟,0.9925423288475329,S
犠,0.9925738449276723,S
裸,0.9926053048106334,S
孔,0.9926367594251089,S
虜,0.9926679541276341,S
諭,0.9926990926329808,S
腸,0.9927302083082239,4
妨,0.9927613169588195,S
胴,0.992792306190411,S
籠,0.9928231461482473,S
硫,0.9928539720567889,S
喚,0.99288466274087,S
吐,0.9929153516687891,S
肝,0.9929460177666045,S
搬,0.9929765521522829,S
揺,0.9930068160890401,S
践,0.9930370554395316,S
尺,0.9930672579106248,6
慰,0.9930973813544358,S
岬,0.9931274046970227,S
貌,0.9931570838318916,S
蓋,0.9931864609069263,S
楼,0.9932158239326664,S
慕,0.9932451342735517,S
畜,0.9932744217843332,S
牲,0.9933036847088492,S
臼,0.9933328159212282,S
偉,0.993361827714603,S
嬢,0.9933905673028947,S
肢,0.9934192577186552,S
笛,0.9934479375974448,3
瓶,0.9934766104515871,S
枢,0.993505246426331,S
汽,0.9935338191792491,2
腫,0.993562293587105,S
兆,0.9935907030169733,4
駄,0.993619066786634,S
壮,0.9936473550413363,S
綿,0.9936756380275531,5
瓦,0.9937038841343715,S
叫,0.9937320775563351,S
錬,0.9937602147811203,S
盆,0.9937882712224614,S
棚,0.9938163241514789,S
拾,0.993844350738069,3
繊,0.9938723334206134,S
巧,0.9939002616621412,S
喪,0.9939281740982125,S
閥,0.993956075997313,S
庶,0.9939839287238822,S
拍,0.9940116251520489,S
粘,0.9940392811884936,S
奮,0.9940669038578636,6
賭,0.9940944984286444,S
是,0.9941220209967903,S
鍛,0.9941494557568448,S
擬,0.9941768044649698,S
疫,0.9942040987320782,S
衡,0.9942313192403899,S
呈,0.9942585011131414,S
疎,0.9942856496188183,S
舌,0.9943127507081257,5
砕,0.9943398412604623,S
凶,0.994366930056637,S
哀,0.9943939608994714,S
膨,0.9944209179835091,S
絞,0.9944477784786464,S
妊,0.994474412428908,S
肺,0.9945008426643978,6
憧,0.9945271587493687,S
漠,0.9945534484919124,S
懲,0.9945796311085846,S
賜,0.9946058102129332,S
賠,0.9946319805364725,S
忌,0.9946581192490991,S
昧,0.9946840595154391,S
紳,0.9947098575326714,S
歓,0.9947356485252563,S
肌,0.9947614324931938,S
縛,0.9947871093352599,S
嫡,0.9948127510540896,S
剰,0.9948382206690602,S
爪,0.9948636902840309,S
玩,0.9948890597977773,S
粧,0.9949143836513163,S
膚,0.99493951959554,S
悦,0.9949646291973361,S
臭,0.9949897370429704,S
乏,0.9950147465435425,S
穏,0.9950397437509818,S
頑,0.9950646777365952,S
敢,0.9950895801112959,S
瑠,0.9951143929217434,S
囚,0.9951391354857179,S
漏,0.9951637445813935,S
柿,0.9951882781621105,S
俸,0.9952127678387819,S
帥,0.9952371767320093,S
肖,0.9952614609377469,S
捉,0.9952857293380282,S
潔,0.9953099626150729,5
麓,0.9953341291579683,S
胆,0.9953582482844942,S
惨,0.9953823533617255,S
痴,0.9954064391211769,S
燥,0.9954304897573916,S
鉛,0.9954544385362204,S
褐,0.9954783030192815,S
窟,0.995502153453048,S
茎,0.9955259634950926,S
焦,0.9955496980221786,S
雰,0.9955734044506753,S
廊,0.9955971003422012,S
袖,0.9956207365242248,S
鶏,0.9956442392379496,S
欄,0.9956676998037907,S
缶,0.9956911287587189,S
貼,0.9957142047251198,S
朽,0.995736996193305,S
糧,0.9957597332204735,S
僅,0.9957824245874345,S
椅,0.9958050000477149,S
粛,0.995827468382124,S
宴,0.9958498822755163,S
醒,0.9958722856319377,S
絹,0.9958946819637119,6
恥,0.9959170203421458,S
漂,0.9959392796932974,S
朴,0.9959614916280798,S
潰,0.9959836684396256,S
睦,0.9960057820293456,S
憎,0.9960276251701444,S
雌,0.996049440212354,S
詠,0.9960711551533394,S
汁,0.9960928332149265,S
紡,0.9961144779094389,S
殴,0.9961360909930383,S
唆,0.9961575372412643,S
豚,0.996178885144428,S
礁,0.9962001557764713,S
串,0.9962213912852781,S
隙,0.9962426022078192,S
鯨,0.996263807861875,S
扶,0.9962849415132958,S
髄,0.9963060611154221,S
抄,0.9963270858848097,S
壱,0.9963480228461059,S
斑,0.9963689071225473,S
廉,0.9963895104130965,S
曖,0.9964099415997868,S
拐,0.9964303060523276,S
憂,0.9964506388939555,S
湧,0.9964709436369942,S
辱,0.9964912466238711,S
癒,0.9965115127313496,S
膝,0.9965317331786206,S
汎,0.9965518254260783,S
俵,0.9965718965995941,5
脊,0.9965914795601221,S
醸,0.996611022128928,S
崖,0.9966305049882319,S
壌,0.9966498789655025,S
諾,0.9966692266003457,S
畳,0.9966885215503342,S
煮,0.9967078147441608,S
胎,0.9967270324230288,S
疲,0.9967461710746147,S
甚,0.9967653079700387,S
拉,0.9967844202791972,S
把,0.996803518539061,S
勾,0.9968225377716428,S
錯,0.9968415324179588,S
顎,0.9968605217957894,S
麺,0.9968795006366491,S
鋳,0.9968984689405378,S
婆,0.9969173863157335,S
累,0.9969362334444561,S
抹,0.9969550700362078,S
遮,0.9969738820416939,S
戚,0.9969926905348564,S
蛍,0.9970114902472097,S
淫,0.9970302899595631,S
酬,0.9970489684967504,S
冥,0.9970676189353485,S
娠,0.9970862184452536,S
泌,0.9971048179551587,S
遍,0.9971233893664746,S
暇,0.9971419274107157,S
璃,0.9971603565729237,S
逝,0.9971787787104843,S
窮,0.9971971709932939,S
愚,0.9972154473694229,S
穀,0.9972336921346391,6
塊,0.9972518754341912,S
枕,0.9972700271228306,S
妄,0.9972880172445819,S
紺,0.9973059827800677,S
悼,0.9973239395347442,S
泡,0.9973418190183004,S
嘆,0.9973596791840765,S
骸,0.9973775323252053,S
悔,0.9973953204883466,S
卸,0.9974130805528986,S
藻,0.997430826568156,S
痕,0.9974485690710898,S
胃,0.9974662905000816,4
欺,0.9974839100716875,S
褒,0.9975015138378369,S
餌,0.9975190736999408,S
漆,0.997536547510115,S
枯,0.9975539317560361,S
据,0.9975712598047788,S
拶,0.9975885439494758,S
挨,0.997605826338011,S
淑,0.9976228031543883,S
盲,0.9976397536283383,S
槽,0.9976566496612717,S
凝,0.9976735035463212,S
宛,0.997690345138238,S
恨,0.9977071393137853,S
卑,0.9977238439250795,S
縫,0.997740415068075,S
頓,0.9977569844549086,S
矛,0.9977735397924475,S
踪,0.9977900494697791,S
瘍,0.9978065538786252,S
懇,0.997822856328861,S
詐,0.9978390815079767,S
腺,0.9978552943939595,S
鉢,0.9978714581074112,S
蜜,0.9978875445497425,S
赦,0.9979036134304555,S
迅,0.9979196313824755,S
稽,0.9979356387975247,S
汗,0.997951612845499,S
戴,0.9979675377209424,S
韻,0.9979833730321325,S
婿,0.9979991855132188,S
皿,0.998014978676525,3
睡,0.9980306875440637,S
舷,0.9980463156281582,S
弧,0.9980619156136635,S
飢,0.9980774629143141,S
凄,0.9980930049464791,S
曇,0.9981085118554077,S
奔,0.9981240152520126,S
腎,0.9981394659637627,S
儒,0.9981548394043924,S
粗,0.9981701074753125,S
冶,0.9981853123244069,S
飽,0.998200367899746,S
翁,0.9982153988888195,S
漬,0.998230410560113,S
侶,0.9982454099382736,S
哺,0.9982603566315795,S
遡,0.9982752840071053,S
倣,0.9982901955771746,S
膳,0.998304913969443,S
渦,0.9983195305043254,S
惜,0.9983341329899134,S
肪,0.9983487126453974,S
閑,0.9983632396160267,S
旺,0.9983776735100792,S
錠,0.9983920354014969,S
餅,0.9984063797312962,S
惧,0.9984206977186681,S
堕,0.9984350086813928,S
詣,0.9984492915455282,S
挫,0.9984635445549126,S
昨,0.998477736098633,4
匿,0.9984918872506314,S
喉,0.9985060384026299,S
窒,0.998520112283508,S
擦,0.9985340597207345,S
剖,0.9985479720347246,S
妥,0.9985618211268887,S
綻,0.998575589435609,S
吏,0.9985893419388728,S
憩,0.998603090929813,S
鬱,0.9986167503565,S
寂,0.9986303272435811,S
畔,0.9986438584704548,S
沸,0.9986572369112495,S
酢,0.9986705486178948,S
坑,0.9986837654918016,S
諦,0.9986969209000444,S
堆,0.998710027135756,S
暑,0.9987230912235837,3
妬,0.9987360604786729,S
餓,0.998748919095567,S
殉,0.9987617109783117,S
慌,0.9987744835432762,S
庸,0.998787222741166,S
嘱,0.9987997582242841,S
吟,0.9988122094116344,S
姻,0.998824586840188,S
溺,0.9988369607564179,S
濁,0.9988493346726479,S
怨,0.9988616576601849,S
唇,0.9988739736230745,S
璧,0.9988862702681841,S
棺,0.9988983280752853,S
硝,0.9989103683207682,S
忙,0.9989223576375581,S
耗,0.9989342503654476,S
騰,0.9989461114824242,S
弐,0.9989578479119111,S
蛮,0.9989695632674561,S
眺,0.9989812610613829,S
匂,0.9989929570991477,S
窯,0.9990046425999417,S
艶,0.999016314051441,S
汰,0.9990279837467785,S
眉,0.9990394497273442,S
梗,0.9990507436040508,S
嫉,0.9990620269437864,S
娯,0.9990732136946215,S
租,0.9990842950757471,S
穫,0.9990953149912088,S
鈍,0.9991059239648031,S
賄,0.9991164328371732,S
捻,0.9991269136109542,S
猶,0.9991373013081583,S
升,0.9991475239261507,S
蔑,0.999157697371612,S
炊,0.9991678075952475,S
霜,0.9991779037695884,S
伺,0.9991879367221035,S
弄,0.9991979450883531,S
巾,0.9992078568657022,S
拷,0.9992176931280927,S
桟,0.9992275083165414,S
肘,0.9992371601819402,S
滴,0.9992466838475257,S
怠,0.9992562004884638,S
芋,0.9992656802500035,S
某,0.9992751090828503,S
憤,0.999284488743166,S
蔽,0.9992938192309505,S
喝,0.9993031444502496,S
冗,0.9993124608887395,S
厄,0.999321700056109,S
襟,0.9993309234180221,S
繕,0.9993400659964912,S
愁,0.9993490996929271,S
柵,0.9993581316332011,S
肯,0.9993671091324584,S
賓,0.9993760392153465,S
乞,0.9993848762216577,S
彙,0.9993936570307905,S
丼,0.9994023640811266,S
濯,0.999411048301359,S
謹,0.9994196815928983,S
蚕,0.9994282709803921,6
裾,0.9994367427050433,S
机,0.999445191599591,6
咽,0.9994536334694912,S
罵,0.9994620735832297,S
渇,0.9994704768175698,S
凸,0.9994788466848352,S
逓,0.9994871094262292,S
弊,0.9994953581183286,S
爽,0.9995035962734569,S
矯,0.999511827403938,S
諮,0.99952004975361,S
侮,0.9995281561966014,S
栓,0.9995362345410036,S
苛,0.9995442847868166,S
濫,0.999552329764144,S
寡,0.9995603027388366,S
采,0.9995682563957491,S
糾,0.9995761608801305,S
款,0.9995840179481424,S
詔,0.9995918363805943,S
且,0.9995995740296021,S
瞭,0.9996070904022198,S
堪,0.9996145769200865,S
喩,0.9996220564133058,S
陪,0.9996295201010686,S
醜,0.999636948665595,S
賦,0.999644278885059,S
宵,0.999651600323714,S
煎,0.9996588409789249,S
芯,0.999666009631501,S
凹,0.9996731642347824,S
刹,0.9996801520026902,S
丙,0.9996870185954321,S
遵,0.999693844796452,S
漸,0.9997006446550444,S
弔,0.999707361974031,S
詮,0.999714074024532,S
禍,0.9997206894861328,S
搾,0.9997272873861152,S
謁,0.9997338115273008,S
愉,0.999740330400001,S
窃,0.9997467210728879,S
酪,0.9997530906718328,S
畝,0.9997593461202591,S
斥,0.9997655787385815,S
罷,0.9997717481350782,S
煩,0.9997779034822802,S
陛,0.9997840324870549,6
拭,0.9997901263685931,S
酎,0.9997961219050691,S
痩,0.9998019277760677,S
箸,0.9998075791048255,S
傲,0.9998131777487286,S
臆,0.999818692096864,S
塀,0.9998241642971155,S
墾,0.9998296171795871,S
毀,0.9998349857662908,S
繭,0.9998403350352145,S
嗅,0.9998454999071464,S
氾,0.9998504768697629,S
遜,0.9998554538323794,S
蚊,0.9998603921594357,S
薪,0.9998652813139608,S
緻,0.999869826260768,S
痢,0.9998743431089859,S
虞,0.9998787703929507,S
頒,0.9998831836276209,S
訃,0.9998875757883491,S
畏,0.9998918959464423,S
沃,0.9998961037101788,S
慄,0.9999001499070272,S
羞,0.9999041908353902,S
慨,0.9999082001528402,S
迭,0.9999121163937134,S
嘲,0.9999160133168066,S
劾,0.9999199084837379,S
辣,0.99992379486986,S
璽,0.9999276039848618,S
拙,0.9999313709519798,S
諧,0.9999350185000936,S
嚇,0.9999386502427509,S
痘,0.999942224032068,S
塑,0.9999457521611775,S
捗,0.9999492697533161,S
羨,0.9999527838331311,S
唾,0.9999562961567842,S
萎,0.99995978213801,S
貪,0.9999630169880944,S
衷,0.9999661728108967,S
賂,0.9999692390694459,S
箋,0.9999722421061694,S
倹,0.9999752240689509,S
斤,0.9999780550018152,S
酌,0.9999807015376879,S
楷,0.9999831566519215,S
憾,0.999985571374433,S
厘,0.9999878842395585,S
摯,0.9999901022719455,S
惰,0.9999922483016975,S
錮,0.9999943117918437,S
恣,0.999996243569853,S
憬,0.9999975835213266,S
謄,0.9999987355634848,S
朕,0.9999996294498545,S
剝,0.9999997822359336,S
塡,0.9999999209727178,S
頰,0.9999999824383817,S
𠮟,1.0,S
