人,0.015171875970691787,1
一,0.012626879515179495,1
見,0.009558576325076156,1
言,0.008708128129832328,2
出,0.008511974356129968,1
子,0.00797090550718467,1
大,0.007315553063940001,1
思,0.006985237538177621,2
手,0.006811537975078483,1
分,0.006617805001033986,2
彼,0.006551764896353319,8
中,0.006532099492956899,1
女,0.006513532362089344,1
気,0.006493711705508215,1
上,0.00633541670840294,1
間,0.006060618571468756,2
日,0.0059606872715780015,1
二,0.005644954044942324,1
自,0.005591840205418134,2
行,0.005393553137955519,2
時,0.005219502817661299,2
何,0.005135309590605632,2
事,0.005030490690455533,3
生,0.004988106571030091,1
私,0.004936459011583704,6
前,0.004888646780811415,2
来,0.0043706071542645554,2
方,0.004348055191656147,2
本,0.004265765253642648,1
目,0.004215348219438026,1
十,0.004198902882094821,1
三,0.004110880076483009,1
者,0.004065776151266191,3
下,0.003876982528542608,1
年,0.003874302973576897,1
話,0.003810643417728428,2
知,0.0037523314715754764,2
入,0.003684853837406767,1
立,0.0036098377986027628,1
部,0.0035384098334009127,3
家,0.0034917763768088175,2
心,0.0033608404409199645,2
今,0.0033403585207743367,2
男,0.0033090261280529646,1
小,0.0032472871116005202,1
後,0.0031940237690095737,2
顔,0.003165554935028382,2
長,0.0031276789080774414,2
体,0.003076623610780128,2
物,0.0030605462809858617,3
合,0.002981832916338613,2
声,0.0028394484956069904,2
地,0.002820381104477596,2
屋,0.002756790550044553,3
場,0.002755427772089889,2
口,0.0027439850373650715,1
身,0.002715843960107154,3
聞,0.0027021931800887034,2
的,0.002686023848407202,4
持,0.0026734310900919512,3
会,0.002671119542675179,2
意,0.0026374641023011306,3
度,0.0026183737106999275,3
当,0.0026141186234153223,2
同,0.002575903339505203,2
感,0.002539947851950287,3
先,0.002488495796514274,1
動,0.002422812199146641,3
明,0.0023973621770903386,2
少,0.00234205179250842,2
不,0.0023378312059315273,4
通,0.002308821860862832,2
力,0.00229763213132791,1
考,0.0022806807836049142,2
山,0.0022762819433715044,1
向,0.002242672503941073,3
実,0.002225502651735895,3
田,0.0021962230511234477,1
無,0.0021936067474552104,4
国,0.00218143949786842,2
理,0.002180214722744608,2
五,0.002179858215431573,1
死,0.0021556272183811307,3
名,0.0021289984221446335,1
神,0.002122644541807486,3
所,0.0020695939535807697,3
学,0.0020576912094197788,1
取,0.0020084701997492072,3
面,0.002002829334038129,3
書,0.0019969929643166772,2
笑,0.0019755105236473718,4
外,0.0019613652334850343,2
代,0.001944563388828795,3
四,0.00194439088529023,1
月,0.00193516769609495,1
道,0.0019176413365767373,2
高,0.0019137600069590228,2
金,0.0019098556768694997,1
美,0.001901730760203084,3
内,0.0018864009457426,2
世,0.0018647805022424424,3
頭,0.0018528432573737385,2
戦,0.0018365934240409073,4
全,0.001835736656466034,3
作,0.0018341611241471396,2
近,0.00181701427241377,2
様,0.001799102654992762,3
切,0.0017981136347049887,2
相,0.0017784022303649514,3
足,0.0017570807929983068,1
真,0.0017545449909814,3
葉,0.0017517216830668847,3
最,0.001747253841418049,4
郎,0.0017351555932466844,8
情,0.0016631583663675694,5
発,0.0016626926068134436,3
変,0.0016530381587717509,4
夜,0.0016430559540067846,2
食,0.0016397208855945262,2
白,0.0016168354161448914,1
性,0.0016119650662394039,5
然,0.0016117120610495083,4
信,0.0016094522646943057,4
主,0.0016081929888627805,3
味,0.0016074799742367115,3
用,0.0016024831217362763,2
新,0.0015850660144591546,2
音,0.0015767973448439349,1
対,0.0015612547760192204,3
夫,0.0015600242507774562,4
文,0.0015533943647786047,1
木,0.0015502778008485288,1
殺,0.0015269840730242899,4
着,0.001520883197877038,3
車,0.0015150928290992034,1
引,0.0015145638182476038,2
水,0.0015120682670563621,1
現,0.0015109987451172586,5
込,0.0014967959537753998,8
親,0.0014960024374980005,2
悪,0.0014919371041058165,3
以,0.0014884352822729452,4
色,0.0014879235217752022,2
野,0.0014859224807278473,2
空,0.001472760460735331,1
教,0.001468010863306839,2
父,0.0014593569357888238,2
結,0.0014494437324392836,4
君,0.0014455106517599996,3
開,0.0014404160472543774,3
正,0.0014373857350935839,1
連,0.0014337344101939564,4
関,0.0014321761282289184,4
川,0.001428743307811473,1
仕,0.001427282777851622,3
八,0.0014267652672359267,1
歩,0.0014180538385383898,2
返,0.001416328803152739,3
落,0.0014153570332188223,3
問,0.0013836048818869422,3
太,0.0013723576511724986,2
風,0.0013653080065631387,2
僕,0.0013563263223218497,8
帰,0.001354434533515586,2
次,0.0013493744297176768,3
軍,0.0013426927926572557,4
俺,0.001336223909961065,8
天,0.0013350796364885833,1
違,0.0013146782179942857,8
重,0.0013130969355574392,3
光,0.00131007812363255,2
機,0.0013069845601742828,4
母,0.0012930232737864151,2
使,0.001292068754206355,3
別,0.001271615584650488,4
数,0.0012706495648345236,2
待,0.001268798026853925,3
直,0.0012642324331999023,2
命,0.0012601670998077183,3
回,0.001253410711213919,2
六,0.0012486036126059053,1
多,0.0012462748148352766,2
表,0.0012170354650484945,3
馬,0.0012153449303705568,2
平,0.0012098018166646653,3
社,0.001209761565839,2
強,0.001195990033343554,2
原,0.0011946732563325071,2
兵,0.0011921777051412655,4
電,0.0011888196362571987,2
士,0.0011849613071112928,4
要,0.0011771928977579117,4
御,0.001156584475017336,8
受,0.0011540199224106685,3
誰,0.0011451934913540881,8
好,0.0011449289859282884,4
指,0.0011411971593773304,3
眼,0.0011358783002715736,5
決,0.0011342567670090617,3
王,0.0011328882389364454,1
起,0.0011311114524892249,3
七,0.0011265918597788197,1
初,0.0011261261002246939,4
海,0.0011215777569245277,2
安,0.001120467984159759,3
残,0.0011162416474649144,4
調,0.0011156781359056018,3
飛,0.0011069034559105912,4
解,0.001101578846686882,5
流,0.001099911312480753,3
東,0.0010966452454839206,2
姿,0.00109004411007483,6
呼,0.001087847565017101,6
早,0.0010796881476429726,1
助,0.0010789348821912384,3
定,0.001077767608246948,3
第,0.0010753525587070367,3
突,0.001068607670349142,8
乗,0.001067624400179321,3
村,0.00105593441038256,1
若,0.0010517368242774763,6
息,0.001051656322626146,3
九,0.0010502762943176253,1
確,0.0010409266025273977,5
語,0.0010361310041552883,2
石,0.0010342794661746897,1
愛,0.0010303003845517883,4
首,0.0010259532953799482,2
半,0.001021232448541217,2
界,0.0010165576026461031,3
由,0.0010147060646655045,3
説,0.0010140045502753398,4
置,0.0010112387435403463,4
朝,0.001003056325694409,2
法,0.0010007390281596847,4
室,0.0009957249253053928,2
黒,0.000987255001561847,2
警,0.0009847767007244619,6
答,0.0009697516425154429,2
覚,0.0009670088362522581,4
張,0.000959441681027203,5
記,0.0009539905692085462,2
続,0.0009539790689726418,4
想,0.0009524782881871256,3
両,0.00094957447862128,3
遠,0.0009478839439433421,2
成,0.0009474814356866902,4
得,0.0009447328793055532,4
門,0.0009438588613768234,2
振,0.0009426858373145808,8
背,0.0009411965567649689,6
必,0.000933635151657866,4
配,0.0009334511478833966,3
他,0.0009311223501127678,3
島,0.0009292765622501214,3
化,0.0009251422274425115,3
元,0.0009244694636421077,2
運,0.0009215599039583099,3
在,0.0009205306328448716,5
苦,0.000918748096279699,3
和,0.0009127852239632991,3
楽,0.0009112096916444047,2
付,0.0009071673587240295,4
百,0.0008995714529092135,1
視,0.0008983869286110666,6
終,0.0008945228493472087,3
能,0.0008943905966343088,5
進,0.0008941835923880307,3
業,0.0008931140704489272,3
員,0.0008911935310529025,3
件,0.0008909635263348157,5
線,0.0008881459685382527,2
隊,0.0008820680938628094,4
過,0.0008792850367739594,5
井,0.0008748976967764539,8
番,0.0008625809441229068,2
形,0.0008621899361021593,2
居,0.0008608386583833994,5
供,0.0008586421133256706,6
火,0.000854990788426043,1
急,0.000854617030759152,3
衛,0.0008532255022147269,5
打,0.0008526217398297491,3
店,0.0008525757388861318,2
伝,0.000849160168822543,4
深,0.0008466933682210623,3
走,0.0008465208646824973,2
集,0.000845802099938476,3
始,0.0008434963026396561,3
点,0.0008398507278579805,2
千,0.0008397242252630329,1
消,0.000837355176666739,3
失,0.0008289197536309063,4
赤,0.0008253891812082741,1
青,0.0008251074254286178,1
戻,0.0008236353952328624,8
吉,0.0008216056035957465,8
撃,0.0008211398440416208,8
公,0.0008191905540558353,2
横,0.0008191905540558353,3
戸,0.0008159992385923813,2
土,0.0008126929207698838,1
船,0.0008121696600362363,2
反,0.0008109621352662807,3
止,0.0008083458315980436,2
加,0.0008042459974981467,4
花,0.0008031649753231387,1
広,0.0008010719323885491,2
達,0.0007991858937002375,4
放,0.0007991801435822853,3
勝,0.0007958910761136443,3
離,0.0007950400586567233,8
老,0.0007884331731296804,4
古,0.0007866793871542687,2
右,0.0007837238265268535,1
万,0.0007824242998696633,2
追,0.0007796872437244305,3
師,0.0007787499744982269,5
魔,0.0007784912191903793,8
血,0.0007768696859278675,3
台,0.00077634642519422,2
題,0.0007739888768338305,3
経,0.0007704583044111984,5
常,0.0007695555358927078,5
有,0.0007645874339820333,3
娘,0.0007642884278485204,8
利,0.0007635696631044992,4
校,0.0007609533594362621,1
左,0.0007607866060156492,1
町,0.0007563820156642874,1
読,0.0007556632509202662,2
状,0.000755151490422523,5
京,0.0007516726690614604,2
寄,0.0007513104116304738,5
断,0.0007506318977121177,5
存,0.0007476130857872287,6
恐,0.0007440307623030271,8
官,0.0007431912450820104,4
奥,0.0007428002370612628,8
座,0.0007416099626451637,6
良,0.0007394421681771958,4
押,0.0007335770478659829,8
紙,0.0007315990072904366,2
申,0.0007292242085761905,3
階,0.000729172457514621,3
態,0.0007284479426526477,5
転,0.0007243826092604638,3
抜,0.0007233590882649776,8
病,0.0007229048289467562,3
果,0.0007221400632591176,4
役,0.0007199435182013888,3
判,0.0007162691928299525,5
可,0.0007138138924643762,5
側,0.0007132561310230157,4
絶,0.0007104328231085004,5
浮,0.000708891791497319,8
逃,0.0007081040253378718,8
画,0.000705907480280143,2
藤,0.0007055509729671085,8
寝,0.0007053209682490217,8
守,0.0007046884552742831,3
城,0.0007041306938329226,6
活,0.0007035901827454187,2
氏,0.0007034061789709492,4
義,0.000699530599471187,5
西,0.0006920669463692709,2
佐,0.0006919461938922753,8
客,0.0006904914140503764,3
武,0.0006871103446945007,5
段,0.0006866158345506142,6
品,0.0006855060617858454,3
告,0.0006809922191933923,4
鳴,0.0006767313817908347,2
報,0.0006766681304933609,5
友,0.000675454855605453,2
勢,0.0006738620729327021,5
組,0.0006706995080590088,2
係,0.0006682844585190976,3
応,0.000668129205334389,5
胸,0.0006659786612202777,6
計,0.0006633968582597534,2
住,0.000662160582900037,3
路,0.0006612233136738334,3
治,0.0006587105121287353,4
望,0.0006585782594158354,4
貴,0.0006561344592861633,6
議,0.000654731430505834,4
期,0.0006527131391046224,3
術,0.000651747119288658,5
特,0.0006501658368518113,4
腕,0.0006473770296450091,8
服,0.0006459279999210624,3
暗,0.0006408161450615836,3
飲,0.0006391543609734066,3
敵,0.0006383895952857681,5
頼,0.0006365668078949304,8
江,0.0006348877734528969,8
渡,0.0006342035094165886,8
送,0.0006303969313322524,3
都,0.0006300289237833135,3
民,0.0006288846503108318,4
細,0.0006282521373360932,2
静,0.0006261648445194556,4
察,0.0006239567992258225,4
去,0.00062034572515186,3
北,0.0006203227246800514,2
松,0.0006191267001460001,4
論,0.0006185574384687353,6
質,0.0006163321428212456,5
念,0.0006157801314978374,4
識,0.0006134283332554001,5
片,0.0006119218023519316,6
族,0.0006110362841872975,3
市,0.0006104325218023197,2
根,0.0006092364972682684,3
満,0.0006073964595235742,4
将,0.0006058669281482971,6
降,0.0006045731516090589,6
器,0.0006037106339162336,4
宮,0.0006029228677567863,3
抱,0.0006026813628027952,8
草,0.0006009275768273835,1
兄,0.000599656800759954,2
幸,0.0005988575343646024,3
耳,0.0005938204310385019,1
介,0.0005930211646431503,8
我,0.0005927451589814462,6
犯,0.0005924174022581725,5
頃,0.000591382381026782,8
酒,0.0005909798727701301,3
影,0.0005893640896255705,8
緒,0.0005877943074246282,8
交,0.0005842982357097092,2
務,0.0005828837066934754,5
保,0.0005794968872196476,5
瞬,0.0005789793766039523,8
格,0.0005784331153984961,5
売,0.0005719872331741141,2
志,0.0005719469823484489,5
字,0.0005705209530963109,1
冷,0.0005703081987320805,4
茶,0.0005701414453114676,2
歳,0.0005653113462316452,8
夢,0.0005649950897442759,5
素,0.0005609987577675181,5
院,0.000560860754936666,3
政,0.0005595554781615235,5
際,0.0005562434102210739,5
倒,0.0005558581523182785,8
腹,0.0005549323833279792,6
精,0.0005540583653992494,5
予,0.0005528968415729112,3
買,0.0005469627198462722,2
黙,0.0005438576561521007,8
異,0.0005424201266640583,6
肉,0.0005420521191151194,2
熱,0.0005403270837294685,4
妙,0.0005402523321960904,8
谷,0.000539596818749543,2
叫,0.0005390103067184217,8
髪,0.000537360022866149,8
約,0.000536612507532367,4
肩,0.0005326506762633222,8
団,0.0005321791665912443,5
痛,0.0005302068761336501,6
単,0.0005278493277732606,4
隠,0.0005253020255204495,8
礼,0.0005239909986273549,3
久,0.0005228294748010166,5
歌,0.0005221567110006127,2
怒,0.0005203109231379663,8
腰,0.0005200234172403578,8
窓,0.0005199141649992666,6
婚,0.0005178901234801029,8
驚,0.0005161535878585477,8
難,0.000515992584555887,6
差,0.0005157798301916567,4
妻,0.0005150150645040182,5
支,0.0005135372841903106,5
囲,0.0005131232756977544,4
料,0.0005119847523432248,4
証,0.0005117604977430902,5
嫌,0.0005117029965635685,8
似,0.0005105069720295173,5
認,0.0005066371426477071,6
悲,0.0005058953774318772,3
像,0.0005052743646930429,5
津,0.0005037678337895745,8
壁,0.0005035033283637747,8
容,0.0005033825758867792,5
裏,0.0005031468210507402,6
構,0.0005020312981680194,5
剣,0.0005005420176184074,8
建,0.0004996622495717255,4
破,0.0004978222118270312,5
忘,0.0004976324579346096,6
式,0.0004971149473189144,3
軽,0.0004926126049623656,3
蔵,0.0004918650896285836,6
探,0.000491778837859301,6
任,0.0004916638355002577,5
香,0.0004884380193290905,8
限,0.0004876617534055476,5
造,0.0004872477449129914,5
注,0.0004855169594093884,3
示,0.0004844359372343805,5
旅,0.0004839931781520634,3
観,0.00048344116682865515,4
席,0.000483165161166951,4
参,0.00048240039547931245,4
陽,0.00048134237377611325,3
沢,0.0004812446217709264,8
種,0.0004806753600936616,4
具,0.00048042235490376614,3
敷,0.00047883532234896733,8
余,0.0004787835712873978,5
端,0.0004781970592562765,8
奴,0.0004763397711577258,8
負,0.00047573025865479577,3
疑,0.00047395922232552754,6
眠,0.00047243544106820263,8
備,0.00047084265839545167,5
寺,0.0004706299040312214,2
許,0.00047057815296965184,5
願,0.00046960063291778305,4
工,0.0004689106187635227,2
円,0.000467496089747289,1
談,0.0004672488346753457,3
婦,0.0004668635767725503,5
投,0.00046616206238238566,3
位,0.0004632985036422052,4
令,0.0004622462320569582,4
傷,0.0004606937002098724,6
丸,0.00046063044891239853,2
等,0.0004590434163575997,3
装,0.0004587846610497521,6
庭,0.0004580716464236831,3
共,0.0004577898906440268,4
仲,0.00045683537106396666,4
越,0.0004566168665817842,8
号,0.0004558808514839065,3
舞,0.0004554438425195416,8
南,0.0004530230428616782,2
波,0.0004523847797689874,3
並,0.0004504527401370584,6
微,0.00044948097020314177,8
角,0.0004493832181979549,2
類,0.0004474626788019303,4
周,0.0004457376434162794,4
産,0.0004455018885802404,4
喜,0.0004451856320928711,4
護,0.0004448981261952626,5
星,0.0004447198725387454,2
途,0.00044380560378435045,8
吹,0.00044274758208115125,8
泣,0.00044225307193726467,4
巻,0.00044224732181931246,6
再,0.00044098229586983517,5
景,0.0004403555330130487,4
刻,0.00043979777157168823,6
与,0.00043842924349907187,8
乱,0.0004383774924375024,6
鉄,0.0004361119459643476,3
密,0.00043513442591247873,6
殿,0.00043340364040887573,8
優,0.00043312763474717155,6
秋,0.00043258712365966764,2
夕,0.0004313853490076642,1
制,0.00043081033721244726,5
銀,0.0004294418091398309,3
霊,0.0004288725474625661,8
例,0.00042706701042558487,4
興,0.00042645749792265486,5
春,0.0004256409811734468,2
局,0.0004250429689064212,3
図,0.00042443920652144337,2
案,0.000423611189536331,4
奇,0.00042303042762316184,8
危,0.0004220414073353887,6
底,0.0004206211282012028,4
選,0.00041959185708776445,4
医,0.0004191663483593039,3
怖,0.000418965094230978,8
坂,0.0004182808301946698,3
接,0.00041807957606634384,5
退,0.0004176713176917398,5
街,0.0004173953120300357,4
求,0.000416728298347584,4
映,0.0004154632723981067,6
刑,0.0004153540201570155,8
閉,0.00041483650954132024,6
写,0.00041477325824384635,3
尾,0.0004146007547052813,8
争,0.0004137612374842645,4
商,0.0004127434666067305,3
河,0.0004125364623604524,5
辺,0.0004123639588218873,4
怪,0.00041024791541548894,8
激,0.0004093278965431418,6
雨,0.0004092301445379549,1
完,0.00040893688852239427,4
処,0.000406113580607879,6
司,0.0004054925678690447,4
弾,0.0004051360605560102,8
派,0.00040408953908871535,6
折,0.00040355477811916354,4
非,0.00040296826608804225,5
遊,0.0004025600077134382,3
橋,0.00040250250653391654,3
雪,0.0004023415032312558,2
査,0.00040139848388709995,5
故,0.0004007314702046483,5
験,0.0004004727148968007,4
宿,0.00039900068470104526,3
毛,0.00039836242160835443,2
従,0.0003983566714904023,6
館,0.00039830492042883275,3
玉,0.0003978449109926592,1
床,0.00039779315993108966,8
休,0.00039628087890966905,1
恋,0.0003962176276121952,8
罪,0.00039562536546312177,5
散,0.00039549886286817403,4
条,0.0003934690712310582,5
速,0.00039329656769249307,3
射,0.00039281355778451085,6
困,0.00039266405471775445,6
程,0.0003919567902096376,5
掛,0.0003918590382044507,8
独,0.0003912897765271859,5
清,0.00039109427251681216,4
弟,0.00038935773689525695,2
夏,0.0003869771880630587,2
崎,0.0003864941781550765,8
昨,0.00038639642614988963,4
権,0.00038606291930866376,6
吸,0.00038553390845706416,6
里,0.0003851083997286036,2
秘,0.00038354436764561354,6
羽,0.0003821470889832363,2
象,0.0003817560809624888,4
姫,0.0003815088258905455,8
雑,0.00038085906256195035,5
布,0.00038016904840769,5
岡,0.0003799390436896032,8
束,0.00037991029309984237,4
丈,0.00037815650712443065,8
駆,0.00037685698046724034,8
帯,0.00037669022704662743,4
暮,0.00037626471831816684,6
欲,0.0003759714623026062,6
移,0.0003748731897737418,5
職,0.0003744994321068508,5
森,0.00037410842408610326,1
末,0.0003729986513213346,4
焼,0.0003724063891722611,4
園,0.00036957733113979365,2
薄,0.00036839280684164676,8
割,0.0003682260534210338,6
絵,0.00036758779032834303,2
惑,0.0003674555376154431,8
岩,0.0003662537629634397,2
触,0.0003662480128454875,8
害,0.00036283244278189876,4
姉,0.00036211942815582974,2
険,0.0003615444163606128,5
曲,0.0003612971612886695,3
午,0.00035985388168267493,2
働,0.0003591121164668451,4
犬,0.00035822659830221095,1
堂,0.0003574273319068594,4
比,0.0003570478241220162,5
鹿,0.0003561393054855734,8
竜,0.0003544602710435399,8
払,0.00035233847751918934,8
攻,0.00035206822197543736,8
紀,0.0003501304322255562,4
秀,0.00034902065946078753,8
響,0.0003488884067478876,8
登,0.0003488309055683659,3
球,0.00034811214082434473,3
昔,0.0003479453874037318,3
刀,0.00034699661794162384,2
英,0.0003440008064885435,4
踏,0.0003437190507088872,8
握,0.0003422470205131318,8
鼻,0.00034125225010740647,3
史,0.0003392224584702906,4
照,0.00033878544950592573,4
低,0.0003382506885363739,4
衣,0.0003382219379466131,4
洋,0.0003372789186024573,3
骨,0.00033624964748901894,6
福,0.00033492712036001997,3
薬,0.000334047352313338,3
逆,0.0003326328232971043,5
房,0.0003317645554863267,8
煙,0.00033169555407090067,8
艦,0.00033030402552647564,8
聖,0.0003302925252905713,6
毎,0.00032962551160811964,2
章,0.0003281822320021251,3
宗,0.000327365715252917,6
留,0.0003270667091194042,5
領,0.00032684820463722174,5
玄,0.0003262099415445309,8
極,0.0003260949391854875,4
捨,0.0003259511862366833,6
未,0.0003249104148873406,4
弁,0.00032438715415369316,5
眺,0.0003240191466047543,8
弱,0.00032397889577908914,2
鳥,0.0003238811437739022,2
沈,0.00032321988020940273,8
育,0.0003230531267887898,3
短,0.00032232861192681644,3
林,0.000321466094233991,1
晩,0.00032056907583345257,6
型,0.0003197755595560532,4
憶,0.00031955130495591854,8
永,0.0003191430465813145,5
演,0.00031889004139141905,5
刺,0.000318412781601389,8
訪,0.00031833227995005863,6
跡,0.000316446241261747,8
伸,0.0003163714897283688,8
闘,0.00031628523795908627,8
銃,0.0003162564873693254,8
個,0.00031623348689751674,5
包,0.0003160322327691908,4
倉,0.0003159114802921952,4
徒,0.0003159114802921952,4
闇,0.0003150949635429872,8
板,0.00031499721153780026,3
雲,0.00031305367166996697,2
縁,0.00031279491636211935,8
快,0.00031277766600826284,5
訳,0.0003125706617619847,6
荒,0.000309120590990683,8
米,0.0003090803401650178,2
織,0.0003078900657489187,5
那,0.00030660203932763273,8
固,0.00030508400818826,4
巨,0.0003050610077164513,8
源,0.0003050207568907861,6
徳,0.0003040432368389173,5
忠,0.00030324972056151785,6
狂,0.0003030542165511441,8
修,0.00030302546596138325,5
襲,0.00030277821088944,8
陸,0.000302473454637975,4
労,0.0003020824466172275,4
奈,0.00030196744425818405,8
普,0.00030185819201709283,8
筋,0.000301254429632115,6
脱,0.000300575915713759,8
捕,0.000300541415006046,8
迷,0.0003004666634726678,5
皇,0.00030023665875458105,6
収,0.00029951214389260767,6
亡,0.0002989601325691994,6
昼,0.00029764910567610473,2
総,0.00029744210142982664,5
枚,0.00029732134895283106,6
試,0.000296573833619049,4
雄,0.00029644158090614913,8
印,0.00029634382890096226,4
吐,0.00029585506887502784,8
騒,0.0002949408001206329,8
灯,0.0002946877949307374,4
柄,0.00029450954127422014,8
為,0.0002933480174478819,8
列,0.0002928247567142345,3
迎,0.00029277875577061714,8
芸,0.0002926695035295259,4
隣,0.0002910307199131576,8
習,0.00029073746389759694,3
量,0.0002907202135437404,4
済,0.0002903522059948016,6
輝,0.00028997844832791053,8
捜,0.000289857695850915,8
甲,0.00028889742615290266,8
技,0.0002884834176603465,5
涙,0.0002859073648177745,8
儀,0.0002857521116330659,8
宇,0.0002855278570329313,6
妹,0.0002853553534943662,2
枝,0.0002846078381605842,5
府,0.0002841133280166976,4
暴,0.00028365906869847623,5
皮,0.0002832910611495374,3
科,0.0002830208056057854,2
恵,0.0002822445396822425,8
震,0.0002816982784767864,8
揺,0.00027964548636786186,8
椅,0.000279616735778101,8
州,0.00027911647551626226,3
輩,0.0002789612223315537,8
遅,0.00027866796631599306,8
検,0.000278598964900567,5
鬼,0.00027800095263354137,8
宅,0.00027716718553047676,6
設,0.00027705793328938554,5
岸,0.0002767819276276814,3
穴,0.0002756376541551997,6
輪,0.0002754248997909694,4
週,0.0002753788988473521,2
救,0.0002751258936574566,4
遺,0.0002746141331597135,6
滅,0.0002728775975381583,8
帝,0.0002714860689937333,8
駅,0.00027028429434172984,3
混,0.00027018079221859077,5
描,0.0002700082886800257,8
積,0.0002686512608433137,4
杯,0.000268254502704614,8
黄,0.00026748973701697543,2
資,0.0002674092353656451,5
詰,0.0002671504800577974,8
皆,0.0002668802245140455,8
鏡,0.0002667767223909064,4
伯,0.00026669047062162385,8
爵,0.00026635696378039803,8
駄,0.00026486768323078614,8
納,0.0002647239302819819,6
節,0.00026433292226123433,4
臣,0.00026416041872266927,4
博,0.00026352215562997844,4
唇,0.00026282639135776593,8
境,0.0002625101348703966,5
廊,0.00026122785856706277,8
砂,0.0002610553550284977,6
改,0.0002609173521976456,4
復,0.0002602043375715766,5
防,0.0002601123356843419,5
毒,0.0002598880810842073,4
尋,0.00025869205655015603,8
邪,0.00025832404900121713,8
竹,0.0002580940442831304,1
矢,0.000257979041924087,2
麻,0.0002574672814263439,8
晴,0.0002573522790673005,2
箱,0.0002572200263544006,3
宙,0.0002571855256466876,6
祖,0.0002562022554768666,5
伏,0.00025609875335372756,8
盛,0.0002551672342454761,6
宝,0.0002540919621884204,6
洗,0.0002536319527522468,6
敗,0.0002535572012188686,4
如,0.0002534766995675382,8
仰,0.0002534249485059687,8
増,0.0002528211861209909,5
簡,0.00025265443270037797,6
研,0.000251671162530557,3
児,0.00025149290887403975,4
承,0.0002495723694780151,5
坊,0.0002493078640522153,8
染,0.0002491181101597937,6
浅,0.00024829584329263347,4
群,0.0002481578404617814,5
弥,0.0002477610823230817,8
迫,0.00024738732465619067,8
袋,0.0002470768182867735,8
陰,0.0002463408031888958,8
責,0.00024633505307094367,5
桜,0.0002461222987067134,5
提,0.00024585779328091355,5
届,0.00024516777912665324,6
昭,0.00024504702664965766,3
屈,0.0002449090238188056,8
基,0.00024488027322904475,5
疲,0.000244414513674919,8
爆,0.00024366699834113697,8
給,0.00024185571118620356,4
絡,0.00024112544620627803,8
練,0.00024109669561651718,3
盗,0.00024093569231385643,8
究,0.00024071143771372183,3
編,0.0002406021854726306,5
諸,0.0002400559242671745,6
湯,0.00023966491624642696,3
詩,0.0002396591661284748,3
陣,0.0002396361656566661,8
純,0.00023868739619455813,6
拠,0.00023800313215824995,8
句,0.00023775587708630666,5
扉,0.00023679560738829435,8
壊,0.0002352948266027781,8
歯,0.00023487506799226972,3
誘,0.00023485206752046106,8
才,0.00023465081339213512,2
評,0.00023439205808428748,5
騎,0.00023420230419186587,8
額,0.00023356404109917508,5
猫,0.00023351229003760554,8
脳,0.00023316728296047536,6
温,0.00023313278225276234,3
借,0.00023098798825660311,4
厳,0.00023071773271285113,6
便,0.00023045322728705133,4
荷,0.0002301197204458255,3
歴,0.00022959645971217806,4
管,0.0002295907095942259,4
甘,0.00022935495475818695,8
被,0.00022928595334276093,8
幕,0.00022861318954235709,6
抗,0.0002271584097004582,8
統,0.00022706640781322348,5
恥,0.00022675590144380633,8
瀬,0.00022666389955657161,8
富,0.00022606013717159381,5
翌,0.00022593938469459823,6
況,0.00022582438233555486,8
衆,0.00022578988162784183,6
値,0.0002243983530834168,6
健,0.00022437535261160812,4
級,0.0002243236015500386,3
希,0.0002241913488371387,4
酔,0.00022414534789352134,8
営,0.00022414534789352134,5
圧,0.0002235875864521609,5
勇,0.0002235300852726392,4
耕,0.00022314482736984385,5
推,0.00022202930448712293,6
価,0.00022197755342555342,5
整,0.0002215117938714277,3
監,0.00022121278773791486,8
授,0.0002208332799530717,5
庫,0.0002205457740554632,3
魚,0.00022036752039894595,2
燃,0.0002199592620243419,5
善,0.00021991326108072455,6
祭,0.00021978675848577682,3
飯,0.0002195452535317857,4
製,0.00021953375329588135,5
棒,0.0002195280031779292,6
紅,0.00021723370611501355,6
勤,0.00021579617662697114,6
至,0.00021575017568335378,6
互,0.00021565817379611907,8
悟,0.00021565242367816692,8
劇,0.00021539941848827145,6
樹,0.00021534191730874976,6
因,0.00021507741188294996,5
功,0.00021477265563148496,4
各,0.0002147496551596763,4
忍,0.00021453690079544603,8
華,0.00021431839631326358,8
砲,0.0002135018795640555,8
丁,0.00021336387673320342,3
虫,0.0002132718748459687,1
寒,0.00021280036517389082,3
央,0.0002122138531427695,3
養,0.0002121621020812,4
材,0.00021162159099369606,4
慣,0.00021127658391656588,5
栄,0.00021116733167547466,4
冬,0.00021037956551602744,2
郷,0.00021036806528012308,6
傾,0.00021021856221336668,8
替,0.00020926404263330655,8
筆,0.00020901103744341108,3
述,0.00020882703366894166,5
除,0.00020848202659181148,6
準,0.0002084245254122898,5
及,0.00020833252352505508,8
嬢,0.00020661323825735638,8
避,0.0002055897172618702,8
充,0.00020554371631825285,8
己,0.0002054574645489703,6
順,0.00020498020475894022,4
頂,0.00020464094779976222,6
否,0.00020427294025082335,6
幾,0.0002036634277478934,8
賀,0.00020342767291185444,5
録,0.00020165088646463406,4
泊,0.00020158188504920801,8
到,0.00020125412832593435,8
属,0.00020096662242832588,5
繰,0.00020090912124880417,8
厚,0.00020008685438164392,5
旦,0.0002000178529662179,8
奪,0.0001999258510789832,8
辞,0.00019990860072512668,4
区,0.00019985684966355714,3
膝,0.00019902308256049256,8
舎,0.00019885632913987965,5
裂,0.00019829281758056703,8
効,0.0001974820509493111,5
浜,0.0001971255436362766,8
魂,0.0001968840386822855,8
沙,0.00019527975577363017,8
汚,0.00019518775388639546,8
仮,0.00019511875247096944,5
曜,0.00019498074964011738,2
操,0.00019464149268093938,6
威,0.0001943137359576657,8
池,0.00019408948135753108,2
泉,0.00019401472982415288,6
財,0.0001932557142544665,5
謝,0.00019264045163358437,5
欠,0.00019256570010020614,4
仏,0.00019235294573597588,5
僧,0.00019235294573597588,8
系,0.0001921976925512673,6
課,0.0001919331871254675,4
敬,0.00019103616872492905,6
杉,0.000189949396431969,8
崩,0.00018962738982664752,8
露,0.00018831636293355284,8
誌,0.00018829911257969636,6
麗,0.0001879311050307575,8
裕,0.00018786785373328362,8
致,0.00018782760290761845,8
眉,0.0001878161026717141,8
舌,0.0001874595953586796,5
慢,0.00018740209417915789,8
呂,0.00018718358969697544,8
依,0.0001871720894610711,8
汗,0.0001867580809685149,8
油,0.0001860393162244937,3
導,0.00018452703520307313,5
奉,0.00018420502859775164,8
更,0.00018363576692048683,8
康,0.00018363001680253468,4
減,0.00018353801491529997,5
衝,0.00018304350477141336,8
浴,0.00018204298424773587,4
埋,0.00018165197622698834,8
超,0.0001814334717448059,8
担,0.00018100796301634536,6
裁,0.00018042720110317622,6
補,0.00018042145098522407,6
鋭,0.00018024894744665898,8
婆,0.0001798061883643419,8
模,0.00017900117185103818,6
緊,0.00017873091630728622,8
専,0.00017861591394824282,6
珍,0.00017859291347643413,8
瞳,0.00017854116241486462,8
脇,0.00017785114826060426,8
鮮,0.0001778453981426521,8
隅,0.00017776489649132173,8
協,0.00017736238823466986,4
挙,0.00017725313599357864,4
植,0.00017708063245501355,3
策,0.00017642511900846621,6
呪,0.00017602261075181435,8
牛,0.00017601111051591001,2
靴,0.00017595935945434048,8
慮,0.00017592485874662748,8
執,0.0001755798516694973,8
港,0.00017552810060792777,3
県,0.0001753728474232192,3
脚,0.00017522909447441494,8
鍵,0.00017505659093584985,8
宣,0.000175027840346089,6
幼,0.0001748783372793326,6
展,0.0001747690850382414,6
匂,0.0001745965814996763,8
規,0.0001730497997705427,5
易,0.00017275079363702987,5
算,0.0001727277931652212,2
看,0.000172687542339556,6
懐,0.00017258404021641696,8
尻,0.0001725207889189431,8
炎,0.00017218728207771727,8
停,0.0001715720194568351,4
濃,0.00017150876815936125,8
巡,0.0001713075140310353,8
妖,0.0001712385126156093,8
適,0.0001707267521178662,5
肌,0.0001706692509383445,8
憎,0.00017060599964087062,8
臭,0.00017053124810749242,8
聴,0.0001704794970459229,8
封,0.00017011148949698404,8
哀,0.00017007123867131887,8
獣,0.00016969748100442784,8
豊,0.00016903046732197617,5
臓,0.00016899596661426315,6
飾,0.0001682139505727681,8
尊,0.00016765618913140766,6
傍,0.0001674779354748904,8
尽,0.0001668914234437691,8
討,0.000166345162238313,6
斬,0.00016616690858179575,8
航,0.00016601165539708717,4
柳,0.0001659311537457568,8
載,0.00016579890103285687,8
省,0.00016554014572500925,4
藩,0.00016525838994535294,8
継,0.00016450512449361874,8
略,0.00016342410231861087,5
亜,0.00016333210043137616,8
含,0.00016318834748257192,8
泥,0.00016282609005158522,8
禁,0.00016274558840025484,5
候,0.0001624695827385507,4
机,0.00016221657754865524,6
緑,0.00016216482648708573,3
遣,0.0001619808227126163,8
雷,0.00016195207212285547,8
悩,0.00016138856056354284,8
率,0.0001609228010094171,5
版,0.00016076754782470853,5
札,0.00016042254074757835,4
辛,0.00016040529039372184,8
距,0.0001602787877987741,8
烈,0.00016018103579358724,8
籠,0.00015932426821871397,8
締,0.00015912301409038804,8
斎,0.00015891600984410992,8
獄,0.00015851350158745806,8
祈,0.0001584847509976972,8
勘,0.0001582777467514191,8
狙,0.0001579787406179063,8
換,0.0001578867387306716,8
謀,0.0001578637382588629,8
費,0.00015715647375074606,4
芝,0.00015647795983239005,8
測,0.00015602370051416865,5
乳,0.00015470117338516965,6
孫,0.0001545401700825089,4
称,0.0001541261615899527,8
幻,0.00015311989094832302,8
墓,0.00015299338835337529,5
又,0.0001525046283274409,8
鈴,0.00015181461417318053,8
革,0.0001508198437674552,6
揮,0.00015016433032090788,6
招,0.0001499860766643906,5
拳,0.00014997457642848628,8
貸,0.00014988257454125157,5
貧,0.00014973307147449514,5
畳,0.00014971582112063866,8
典,0.00014903155708433048,4
占,0.0001489683057868566,8
尉,0.00014889930437143056,8
灰,0.000148778551894435,6
障,0.00014826679139669192,6
農,0.00014754227653471856,3
悔,0.00014738702335000999,8
浦,0.00014646125435971067,8
署,0.0001462887508211456,6
召,0.00014597824445172845,8
虚,0.0001458114910311155,8
党,0.000145759739969546,6
扱,0.00014573098937978516,8
穂,0.0001453054806513246,8
奮,0.00014523647923589855,6
舟,0.00014490297239467273,8
糸,0.0001447017182663468,1
狭,0.00014459246602525558,8
霧,0.00014429345989174275,8
誠,0.0001439254523428039,6
柱,0.00014335619066553913,3
釈,0.00014331593983987393,8
了,0.00014314343630130884,8
層,0.00014293068193707857,6
針,0.00014217741648534437,6
潜,0.00014186115999797504,8
帳,0.00014180365881845335,3
挨,0.00014167140610555343,8
耐,0.00014160240469012741,8
講,0.00014152765315674922,5
般,0.00014150465268494052,8
即,0.0001413033985566146,8
帽,0.00014125164749504506,8
拶,0.00014123439714118857,8
澄,0.00014049838204331086,8
雅,0.00014038912980221963,8
亀,0.00013995212083785474,8
慎,0.0001389976012577946,8
拝,0.00013888834901670339,6
築,0.0001387158454781383,5
滝,0.00013860659323704707,8
摩,0.00013820983509834738,8
弓,0.0001380890826213518,2
熊,0.00013787632825712154,8
刊,0.00013787057813916936,5
努,0.0001376578237749391,4
冗,0.00013749682047227836,8
域,0.00013745081952866098,6
踊,0.00013734156728756978,8
凄,0.0001370885620976743,8
魅,0.00013703681103610478,8
裸,0.00013660555218969207,8
豪,0.0001365595512460747,8
昇,0.00013649054983064866,8
訴,0.00013622604440484886,8
乾,0.00013620879405099238,8
旧,0.00013616854322532718,5
銭,0.00013599028956880993,5
跳,0.00013549577942492336,8
塚,0.00013519102317345835,8
滑,0.00013505302034260628,8
紹,0.00013480001515271082,8
齢,0.00013458726078848055,8
嫁,0.00013427100430111124,8
督,0.00013391449698807673,8
則,0.00013352923908528135,5
律,0.0001332532334235772,6
仁,0.00013313248094658166,6
喉,0.00013312673082862948,8
祝,0.00013310948047477297,4
旗,0.00013295997740801657,4
干,0.0001328219745771645,6
虎,0.0001327989741053558,8
湖,0.00013279322398740366,3
浪,0.00013278747386945148,8
透,0.0001326552211565516,8
豆,0.00013262647056679075,3
鶴,0.00013247696750003432,8
叔,0.00013241946632051263,8
倍,0.0001320284582997651,3
誤,0.00013198820747409992,6
徹,0.00013167770110468277,8
邸,0.00013149369733021334,8
丘,0.00013115444037103534,8
氷,0.00013109693919151363,3
賞,0.00013087843470933118,4
覆,0.00013078068270414432,8
亭,0.00013077493258619214,8
梅,0.00013032642338592292,4
猛,0.00013028617256025774,8
軒,0.00013003316737036227,8
企,0.00013000441678060143,8
卒,0.00012994116548312756,4
拾,0.00012914764920572816,3
審,0.0001289348948414979,8
延,0.0001289348948414979,6
侍,0.0001287451409490763,8
往,0.00012822188021542887,5
偶,0.00012819887974362018,8
牧,0.00012812987832819416,4
創,0.0001277618707792553,6
勉,0.00012771011971768578,3
暇,0.00012750311547140767,8
頑,0.00012729611122512955,8
垣,0.00012707185662499495,8
添,0.00012689935308642986,8
塔,0.00012668084860424742,8
葬,0.0001266693483683431,8
蛇,0.00012576082973190028,8
蹴,0.00012561707678309606,8
羅,0.00012557682595743086,8
柔,0.00012527206970596588,8
歓,0.00012450155390037517,8
刃,0.00012437505130542744,8
徴,0.00012435780095157093,8
標,0.0001243405505977144,4
懸,0.0001242312983566232,8
焦,0.0001238690409256365,8
慌,0.00012378853927430615,8
姓,0.0001236275359716454,8
貫,0.00012265576603772874,8
躍,0.0001226097650941114,8
棚,0.00012255801403254185,8
液,0.00012227050813493336,5
俊,0.00012227050813493336,8
嘆,0.00012221300695541167,8
匹,0.00012187374999623367,8
誇,0.00012182199893466415,8
掘,0.00012163799516019472,8
茂,0.00012140224032415577,8
抵,0.00012116073537016465,8
垂,0.00012064322475446939,6
菊,0.00012048222145180864,8
閣,0.0001199992115438264,6
荘,0.00011991870989249602,8
揚,0.00011941844963065728,8
環,0.00011936669856908774,8
詳,0.0001191481940869053,8
愚,0.00011903319172786191,8
涼,0.00011890093901496201,8
紫,0.00011883193759953598,8
複,0.00011881468724567946,5
双,0.00011867093429687523,8
趣,0.00011840642887107543,8
秒,0.00011832017710179289,3
咲,0.00011788891825538017,8
携,0.00011781416672200197,8
撮,0.00011777966601428895,8
戒,0.00011758991212186735,8
季,0.00011729090598835454,4
著,0.00011714140292159813,6
損,0.00011698614973688955,5
綱,0.00011684814690603748,8
援,0.0001168251464342288,8
漢,0.00011634788664419874,3
仙,0.00011627313511082052,8
潮,0.00011585337650031215,6
寸,0.0001158246259105513,6
斜,0.00011533011576666472,8
偵,0.00011511736140243444,8
拭,0.00011487585644844332,8
酷,0.00011478960467916079,8
畑,0.00011478960467916079,3
械,0.0001144273472481741,4
阪,0.0001140133387556179,8
皿,0.00011395008745814403,3
啓,0.00011377183380162677,8
塗,0.00011367408179643988,8
唯,0.0001136165806169182,8
縮,0.00011359933026306168,6
堀,0.00011356482955534867,8
忙,0.00011336932554497491,8
幹,0.00011326007330388368,5
唐,0.0001130875697653186,8
沼,0.00011305306905760558,8
寂,0.0001130128182319404,8
委,0.00011286906528313615,3
慶,0.00011269656174457107,8
丹,0.00011239755561105825,8
翼,0.00011228255325201486,8
暖,0.0001115005372105198,6
粉,0.00011106352824615491,4
奏,0.00011094277576915936,6
貞,0.00011052876727660314,8
敏,0.00011040801479960759,8
抑,0.00011031601291237288,8
賢,0.00011022976114309033,8
孤,0.00011000550654295572,8
請,0.00010994800536343402,8
偉,0.00010987900394800799,8
索,0.00010985600347619931,8
梨,0.00010966624958377771,8
隙,0.0001096317488760647,8
競,0.00010949374604521263,4
須,0.00010943049474773876,8
偽,0.00010926949144507802,8
珠,0.00010925799120917367,8
洞,0.00010822296997778316,8
患,0.00010800446549560072,8
筒,0.00010784921231089214,8
縛,0.00010746970452604895,8
掌,0.00010731445134134037,8
施,0.00010717644851048829,8
菜,0.00010652093506394097,4
凝,0.00010641168282284974,8
幽,0.00010634843152537588,8
侵,0.00010555491524797649,8
預,0.0001046808973192467,5
訓,0.0001044163918934469,4
副,0.00010423238811897748,4
殴,0.00010398513304703419,8
稿,0.00010388163092389514,8
淡,0.0001035481240826693,8
縦,0.0001034733725492911,6
賊,0.00010334686995434337,8
袖,0.00010322036735939565,8
恩,0.00010304211370287839,5
掃,0.00010297886240540452,8
腐,0.00010289836075407415,8
惜,0.00010272585721550906,8
愉,0.00010262235509237001,8
惨,0.00010259360450260917,8
暑,0.0001025476035589918,3
卓,0.00010238085013837889,8
庁,0.00010227734801523983,6
穏,0.00010219109624595729,8
鎖,0.00010207034376896173,8
哲,0.00010184033905087496,8
脅,0.00010123082654794497,8
隆,0.00010108707359914074,8
貌,0.00010101232206576253,8
飼,0.0001001670547267936,5
益,0.0001001670547267936,5
稲,9.98277977676156e-05,8
爪,9.981054741375909e-05,8
療,9.962654363928967e-05,8
渋,9.923553561854215e-05,8
廃,9.886752806960329e-05,8
雰,9.855702170018613e-05,8
詞,9.840751863342972e-05,6
恨,9.833276710005152e-05,8
尚,9.829251627438633e-05,8
塩,9.8281016038482e-05,4
沿,9.770025412531288e-05,6
盤,9.758525176626948e-05,8
就,9.749324987903476e-05,6
伴,9.747024940722609e-05,8
幅,9.714249268395243e-05,8
顎,9.693548843767432e-05,8
貨,9.678023525296574e-05,4
紋,9.678023525296574e-05,8
随,9.649272935535726e-05,8
繁,9.629147522703133e-05,8
縄,9.626272463727048e-05,8
童,9.626272463727048e-05,3
邦,9.591196744218814e-05,8
硬,9.581996555495343e-05,8
兼,9.577971472928824e-05,8
寿,9.573371378567088e-05,8
蓋,9.543470765215807e-05,8
拒,9.496319798008017e-05,8
没,9.476194385175424e-05,8
壇,9.462969113885434e-05,8
漂,9.458369019523698e-05,8
唱,9.436518571305454e-05,4
拍,9.395117722049832e-05,8
逸,9.391667651278531e-05,8
曹,9.357166943565513e-05,8
峰,9.341641625094655e-05,8
凍,9.335316495347269e-05,8
免,9.332441436371184e-05,8
既,9.324391271238146e-05,8
釣,9.31634110610511e-05,8
鶏,9.305990893791204e-05,8
征,9.302540823019903e-05,8
網,9.298515740453384e-05,8
乙,9.276090280439923e-05,8
罰,9.239864537341254e-05,8
堅,9.238714513750821e-05,8
羊,9.186388440386077e-05,3
脈,9.163962980372616e-05,4
潰,9.130037284454816e-05,8
孝,9.107611824441355e-05,6
駐,9.096686600332233e-05,8
廷,9.057010786462262e-05,8
遂,9.051260668510094e-05,8
絞,9.049535633124443e-05,8
陥,9.005259724892737e-05,8
砕,8.988584382831444e-05,8
誓,8.948908568961476e-05,8
渉,8.942583439214089e-05,8
胆,8.905782684320203e-05,8
悠,8.898307530982383e-05,8
遇,8.878757129945006e-05,8
噴,8.853456610955461e-05,8
拡,8.837356280689385e-05,6
巧,8.830456139146782e-05,8
殊,8.825856044785046e-05,8
癖,8.75167952320206e-05,8
俗,8.74017928729772e-05,8
災,8.695328367270798e-05,5
僚,8.656227565196045e-05,8
湧,8.655652553400828e-05,8
棄,8.654502529810394e-05,8
症,8.620001822097377e-05,8
謎,8.607351562602604e-05,8
卑,8.551575418466559e-05,8
瓶,8.548125347695257e-05,8
範,8.518224734343976e-05,8
肝,8.510174569210938e-05,8
冒,8.50614948664442e-05,8
彫,8.501549392282684e-05,8
採,8.495224262535298e-05,5
枕,8.481423979450091e-05,8
賭,8.408397481457538e-05,8
誉,8.396322233757981e-05,8
嵐,8.387697056829726e-05,8
朱,8.314670558837174e-05,8
診,8.310070464475438e-05,8
恭,8.30949545268022e-05,8
斉,8.269244627015034e-05,8
寧,8.264069520858082e-05,8
控,8.255444343929827e-05,8
臨,8.25486933213461e-05,6
笛,8.242794084435054e-05,3
喫,8.239344013663753e-05,8
骸,8.224968718783328e-05,8
輸,8.204268294155518e-05,5
憲,8.18874297568466e-05,6
猿,8.178392763370755e-05,8
劣,8.159992385923812e-05,8
熟,8.149642173609907e-05,6
億,8.124341654620361e-05,4
鼓,8.119166548463409e-05,8
沖,8.103641229992551e-05,8
煮,8.089265935112127e-05,8
孔,8.077765699207788e-05,8
狩,8.074315628436487e-05,8
獲,8.068565510484317e-05,8
炉,8.04153995610912e-05,8
賛,8.04153995610912e-05,5
泳,8.031764755590431e-05,3
冊,8.026589649433479e-05,6
序,7.99611402428698e-05,5
催,7.990938918130027e-05,8
寛,7.987488847358726e-05,8
陛,7.95816324580266e-05,6
批,7.955288186826576e-05,6
稽,7.936887809379634e-05,8
戯,7.9357377857892e-05,8
犠,7.923087526294427e-05,8
漏,7.919062443727908e-05,8
乏,7.915612372956606e-05,8
架,7.875936559086636e-05,8
牲,7.87536154729142e-05,8
卵,7.8713364647249e-05,6
壮,7.855811146254043e-05,8
芳,7.847760981121006e-05,8
譲,7.8339606980358e-05,8
匠,7.831085639059714e-05,8
憤,7.774734483128452e-05,8
彩,7.773009447742801e-05,8
潔,7.768984365176282e-05,5
憂,7.737933728234567e-05,8
涯,7.727583515920662e-05,8
盟,7.706883091292851e-05,6
契,7.681582572303306e-05,8
慰,7.663182194856363e-05,8
駒,7.657432076904193e-05,8
摘,7.657432076904193e-05,8
湾,7.640181723047684e-05,8
粒,7.59763085020163e-05,8
旋,7.595330803020762e-05,8
麦,7.594755791225545e-05,2
鈍,7.547029812222539e-05,8
佳,7.515404163485605e-05,8
逮,7.502753903990833e-05,8
溶,7.495278750653012e-05,8
据,7.473428302434768e-05,8
琴,7.446977759854788e-05,8
苛,7.445252724469137e-05,8
較,7.439502606516967e-05,8
睡,7.437777571131317e-05,8
堪,7.432027453179147e-05,8
祥,7.421677240865241e-05,8
粧,7.410177004960903e-05,8
股,7.400401804442215e-05,8
諦,7.38602650956179e-05,8
肥,7.366476108524414e-05,5
塊,7.364751073138764e-05,8
桃,7.358425943391377e-05,8
漠,7.326225282859227e-05,8
磨,7.323925235678359e-05,8
錯,7.316450082340539e-05,8
宴,7.307249893617068e-05,8
悦,7.296324669507946e-05,8
紳,7.293449610531861e-05,8
鍋,7.287124480784475e-05,8
覧,7.272174174108833e-05,6
遭,7.269874126927966e-05,8
凶,7.263548997180579e-05,8
稼,7.262398973590146e-05,8
呉,7.240548525371901e-05,8
棟,7.229623301262779e-05,8
漁,7.21812306535844e-05,4
貝,7.172122121741083e-05,1
晶,7.1387714376185e-05,8
巣,7.131871296075896e-05,4
崖,7.127846213509377e-05,8
隔,7.127271201714161e-05,8
辱,7.1048457417007e-05,8
粋,7.084720328868106e-05,8
滞,7.013418866261204e-05,8
績,7.005943712923383e-05,5
妃,6.999618583175997e-05,8
却,6.995018488814262e-05,8
酸,6.988118347271657e-05,5
絹,6.986968323681224e-05,6
慈,6.981218205729054e-05,8
塞,6.973743052391234e-05,8
鉢,6.963392840077328e-05,8
帆,6.901866577989115e-05,8
窟,6.896116460036945e-05,8
醜,6.882316176951738e-05,8
献,6.873115988228267e-05,8
還,6.8403403159009e-05,8
痕,6.829990103586994e-05,8
郡,6.828840079996561e-05,4
囚,6.79318934869311e-05,8
掲,6.785714195355289e-05,8
贈,6.783414148174421e-05,8
挑,6.776514006631818e-05,8
銅,6.774788971246168e-05,5
鑑,6.771338900474865e-05,8
韓,6.759838664570527e-05,8
挟,6.75926365277531e-05,8
塀,6.71958783890534e-05,8
菓,6.70636256761535e-05,8
朗,6.699462426072746e-05,6
株,6.67243687169755e-05,6
牙,6.668411789131031e-05,8
鬱,6.664386706564512e-05,8
是,6.64771136450322e-05,8
誕,6.631611034237145e-05,6
促,6.605735503452383e-05,8
枯,6.58906016139109e-05,8
畜,6.548809335725904e-05,8
維,6.532709005459829e-05,8
凡,6.50223338031333e-05,8
厄,6.488433097228124e-05,8
痩,6.485558038252039e-05,8
附,6.477507873119001e-05,8
縫,6.476357849528567e-05,8
鎮,6.471182743371615e-05,8
紛,6.466582649009879e-05,8
謙,6.437257047453815e-05,8
汽,6.430356905911211e-05,2
剤,6.419431681802089e-05,8
旨,6.406206410512099e-05,8
徐,6.40218132794558e-05,8
概,6.386080997679506e-05,8
渦,6.353305325352139e-05,8
膚,6.34928024278562e-05,8
綿,6.34755520739997e-05,5
貼,6.337780006881281e-05,8
湿,6.337780006881281e-05,8
肯,6.332029888929112e-05,8
泰,6.310754452506084e-05,8
炭,6.299829228396962e-05,3
符,6.274528709407416e-05,8
鐘,6.254403296574823e-05,8
苗,6.229102777585276e-05,8
蒸,6.213002447319202e-05,6
籍,6.18885195192009e-05,8
粗,6.180226774991835e-05,8
税,6.162401409340109e-05,5
胴,6.15492625600229e-05,8
妬,6.126175666241441e-05,8
鎌,6.108350300589716e-05,8
曇,6.104325218023197e-05,8
岐,6.08879989955234e-05,8
汁,6.085924840576255e-05,8
膨,6.043948979525417e-05,8
翻,6.033598767211512e-05,8
蔑,5.9973730241128434e-05,8
裾,5.983572741027637e-05,8
喚,5.980122670256335e-05,8
甚,5.972072505123298e-05,8
勧,5.9703474697376467e-05,8
排,5.95654718665244e-05,8
履,5.949647045109837e-05,8
隻,5.9387218210007144e-05,8
隷,5.920896455348989e-05,8
赦,5.913996313806385e-05,8
雇,5.8967459599498765e-05,8
託,5.895020924564225e-05,8
傘,5.876620547117283e-05,8
猟,5.8720204527555476e-05,8
融,5.8587951814655575e-05,8
乞,5.853620075308605e-05,8
択,5.8300445917047096e-05,8
侯,5.827744544523842e-05,8
錠,5.809919178872116e-05,8
膳,5.78461865988257e-05,8
刷,5.78461865988257e-05,4
瓦,5.7575931055073734e-05,8
緩,5.747817904988685e-05,8
盾,5.729417527541743e-05,8
遮,5.68456660751482e-05,8
核,5.666741241863094e-05,8
敢,5.6356906049213785e-05,8
尺,5.6345405813309446e-05,6
嘲,5.632815545945294e-05,8
滴,5.63166552235486e-05,8
胃,5.628790463378775e-05,4
励,5.619590274655304e-05,8
券,5.590839684894456e-05,5
窮,5.577614413604466e-05,8
拓,5.5724393074475134e-05,8
痴,5.5649641541096934e-05,8
襟,5.564389142314476e-05,8
克,5.558639024362307e-05,8
嫉,5.5505888592292695e-05,8
泡,5.545988764867534e-05,8
飽,5.517813186901903e-05,8
稚,5.514938127925818e-05,8
項,5.478137373031933e-05,8
衰,5.445936712499784e-05,8
怨,5.426386311462407e-05,8
葛,5.405685886834597e-05,8
醒,5.402810827858512e-05,8
扇,5.388435532978088e-05,8
析,5.374060238097664e-05,8
脂,5.361409978602891e-05,8
艇,5.33323440063726e-05,8
糧,5.3315093652516095e-05,8
班,5.3027587754907616e-05,6
径,5.297583669333809e-05,4
顧,5.2843583980438194e-05,8
戴,5.2832083744533855e-05,8
浸,5.27285816213948e-05,8
捉,5.241807525197764e-05,8
盆,5.2372074308360286e-05,8
伺,5.235482395450378e-05,8
削,5.2136319472321336e-05,8
拙,5.2096068646656146e-05,8
顕,5.179706251314333e-05,8
均,5.148655614372618e-05,5
陳,5.115879942045251e-05,8
唾,5.113004883069167e-05,8
軌,5.106104741526563e-05,8
巾,5.104954717936129e-05,8
欧,5.09345448203179e-05,8
肘,5.0457285030287826e-05,8
缶,4.9692519342649274e-05,8
浄,4.9537266157940695e-05,8
喪,4.945676450661032e-05,8
忌,4.938201297323212e-05,8
妄,4.9094507075623645e-05,8
豚,4.8910503301154216e-05,8
冠,4.873224964463696e-05,8
矛,4.870924917282828e-05,8
鍛,4.862299740354574e-05,8
楼,4.854824587016753e-05,8
擦,4.846774421883716e-05,8
零,4.818023832122868e-05,8
戚,4.8162987967372176e-05,8
倫,4.8134237377611325e-05,8
胞,4.796173383904624e-05,8
汰,4.778923030048115e-05,8
拘,4.777197994662465e-05,8
鋼,4.757072581829871e-05,6
寮,4.7426972869494474e-05,8
償,4.707621567441213e-05,8
岳,4.685771119222969e-05,8
虐,4.680021001270799e-05,8
陶,4.669095777161677e-05,8
併,4.657595541257338e-05,8
濁,4.657020529462121e-05,8
疾,4.65529549407647e-05,8
把,4.65529549407647e-05,8
嗅,4.624244857134754e-05,8
剛,4.616769703796934e-05,8
尼,4.6075695150734625e-05,8
唄,4.6012443853260765e-05,8
罵,4.599519349940425e-05,8
漫,4.5954942673739064e-05,8
怠,4.577093889926964e-05,8
崇,4.575368854541313e-05,8
飢,4.539143111442645e-05,8
昧,4.510967533477014e-05,8
艶,4.48911708525877e-05,8
餌,4.470716707811827e-05,8
販,4.4540413657505355e-05,8
盲,4.450016283184017e-05,8
郵,4.406315386747528e-05,6
潤,4.4057403749523115e-05,8
殻,4.395965174433623e-05,8
臆,4.380439855962765e-05,8
僅,4.379864844167549e-05,8
貯,4.37583976160103e-05,4
鉛,4.365489549287125e-05,8
宰,4.306838346174995e-05,8
撲,4.3022382518132596e-05,8
疎,4.301088228222826e-05,8
賃,4.2941880866802224e-05,6
銘,4.2941880866802224e-05,8
箸,4.2878629569328356e-05,8
詮,4.282112838980666e-05,8
濯,4.218861541506801e-05,8
墨,4.2113863881689804e-05,8
癒,4.1895359399507365e-05,8
肢,4.1878109045650854e-05,8
閑,4.179760739432048e-05,8
薫,4.1734356096846614e-05,8
俳,4.165385444551624e-05,6
淑,4.158485303009021e-05,8
欺,4.1487101024903325e-05,8
侮,4.1395099137668614e-05,8
璧,4.1262846424768713e-05,8
蜂,4.114209394777315e-05,8
紺,4.113634382982098e-05,8
芽,4.11133433580123e-05,4
弦,4.0963840291255896e-05,8
咽,4.09063391117342e-05,8
褒,4.086608828606901e-05,8
刈,4.070508498340827e-05,8
郭,4.06418336859344e-05,8
剖,4.061308309617355e-05,8
餅,4.054983179869969e-05,8
虜,4.048658050122582e-05,8
糖,4.0411828967847616e-05,6
粘,4.032557719856507e-05,8
吟,4.0308326844708566e-05,8
懇,4.0216324957473855e-05,8
妊,4.0187574367713005e-05,8
宛,4.010707271638263e-05,8
曽,4.006682189071744e-05,8
秩,3.973906516744378e-05,8
慨,3.969881434177859e-05,8
墳,3.968156398792209e-05,8
棺,3.921005431584418e-05,8
偏,3.909505195680079e-05,8
柿,3.9031800659326924e-05,8
帥,3.897429947980523e-05,8
恒,3.880754605919231e-05,8
奔,3.869829381810109e-05,8
藍,3.8612042048818545e-05,8
鉱,3.850278980772733e-05,5
峠,3.850278980772733e-05,8
蛮,3.8100281551075454e-05,8
禅,3.809453143312329e-05,8
慄,3.793352813046254e-05,8
柵,3.7646022232854065e-05,8
暫,3.753676999176284e-05,8
嗣,3.753676999176284e-05,8
斗,3.750801940200199e-05,8
膜,3.728951491981955e-05,8
畏,3.724351397620219e-05,8
拐,3.693875772473721e-05,8
溝,3.674325371436344e-05,8
炊,3.663975159122439e-05,8
撤,3.663975159122439e-05,8
挿,3.660525088351137e-05,8
諾,3.6541999586037506e-05,8
箇,3.6524749232181e-05,8
沸,3.638099628337676e-05,8
曖,3.628899439614205e-05,8
弄,3.619699250890733e-05,8
懲,3.615099156528998e-05,8
淫,3.6058989678055266e-05,8
宵,3.580023437020764e-05,8
溺,3.577723389839896e-05,8
堤,3.571973271887726e-05,8
摂,3.5650731303451226e-05,8
募,3.562198071369038e-05,8
堕,3.5529978826455664e-05,8
暦,3.535747528789058e-05,8
妨,3.488596561581268e-05,8
羨,3.488021549786051e-05,8
喝,3.475371290291278e-05,8
枠,3.463296042591722e-05,8
椎,3.447770724120864e-05,8
欄,3.432820417445223e-05,8
刹,3.428220323083487e-05,8
某,3.423620228721752e-05,8
簿,3.4144200399982806e-05,8
圏,3.4126950046126294e-05,8
憧,3.408094910250894e-05,8
漆,3.405794863070026e-05,8
抽,3.404644839479592e-05,8
婿,3.400619756913073e-05,8
遍,3.393144603575253e-05,8
肺,3.388544509213518e-05,6
郊,3.382219379466131e-05,8
蓄,3.382219379466131e-05,8
赴,3.379919332285263e-05,8
詠,3.3787693086948294e-05,8
傑,3.366694060995273e-05,8
幣,3.366119049200056e-05,8
票,3.3528937779100666e-05,4
桑,3.3511687425244154e-05,8
朴,3.349443707138764e-05,8
墜,3.3408185302105104e-05,8
暁,3.3132179640400964e-05,8
漬,3.293092551207503e-05,8
釜,3.290217492231418e-05,8
蛍,3.285042386074466e-05,8
兆,3.279292268122296e-05,4
伐,3.260316878880136e-05,8
頓,3.252841725542316e-05,8
逐,3.24824163118058e-05,8
蚊,3.223516123986251e-05,8
俵,3.2189160296245156e-05,5
麓,3.1872903808875833e-05,8
宜,3.181540262935414e-05,8
彰,3.172340074211942e-05,8
吏,3.164289909078905e-05,8
慕,3.163714897283688e-05,8
潟,3.153939696765e-05,8
爽,3.1453145198367454e-05,8
胎,3.137839366498925e-05,8
岬,3.136689342908491e-05,8
餓,3.128639177775454e-05,8
披,3.110813812123728e-05,8
蜜,3.098738564424172e-05,8
塾,3.0912634110863513e-05,8
渇,3.089538375700701e-05,8
礎,3.083213245953314e-05,8
阻,3.067687927482456e-05,8
繊,3.0533126326020324e-05,8
陵,3.0274371018172696e-05,8
塁,3.022261995660317e-05,8
磁,3.0193869366842323e-05,6
頻,3.009036724370327e-05,8
旬,3.0067366771894592e-05,8
譜,2.9733859930668758e-05,8
軟,2.957860674596018e-05,8
后,2.9400353089442924e-05,6
錬,2.92163493149735e-05,8
憩,2.9141597781595292e-05,8
坪,2.9124347427738784e-05,8
軸,2.8963344125078036e-05,8
酬,2.891734318146068e-05,8
庶,2.8854091883986817e-05,8
腸,2.88195911762738e-05,4
娠,2.879084058651295e-05,8
棋,2.877934035060861e-05,8
殖,2.8744839642895594e-05,8
呈,2.8721839171086917e-05,8
枢,2.8601086694091355e-05,8
粛,2.8457333745287116e-05,8
舗,2.8445833509382777e-05,8
酌,2.840558268371759e-05,8
伎,2.8342331386243727e-05,8
擁,2.818707820153515e-05,8
瞭,2.81583276117743e-05,8
翁,2.8135327139965624e-05,8
滋,2.7957073483448368e-05,8
峡,2.7830570888500637e-05,8
采,2.7824820770548467e-05,8
詣,2.777306970897894e-05,8
芋,2.7433812749800935e-05,8
煩,2.7318810390757546e-05,8
虹,2.7209558149666324e-05,8
貢,2.7042804729053406e-05,8
踪,2.7031304493149068e-05,8
燥,2.7025554375196898e-05,8
渓,2.6956552959770865e-05,8
錦,2.6950802841818695e-05,8
腫,2.6916302134105675e-05,8
褐,2.6916302134105675e-05,8
傲,2.685305083663181e-05,8
槽,2.672654824168408e-05,8
謹,2.6565544939023333e-05,8
緯,2.6548294585166825e-05,8
勲,2.649079340564513e-05,8
肖,2.6283789159367027e-05,8
硝,2.6237788215749668e-05,8
髄,2.6163036682371465e-05,8
捻,2.6042284205375904e-05,8
妥,2.596178255404553e-05,8
舷,2.5956032436093362e-05,8
購,2.5898531256571664e-05,8
畔,2.5576524651250172e-05,8
薪,2.5542023943537152e-05,8
侶,2.5139515686885285e-05,8
藻,2.4995762738081046e-05,8
霜,2.4892260614941996e-05,8
賜,2.4886510496989826e-05,8
拷,2.4639255425046534e-05,8
桟,2.4622005071190025e-05,8
冥,2.4484002240337955e-05,8
勅,2.444950153262494e-05,8
蔽,2.431149870177287e-05,8
剝,2.401824268621222e-05,8
謡,2.4006742450307882e-05,8
愁,2.3868739619455815e-05,8
芯,2.366173537317771e-05,8
迅,2.3523732542325642e-05,8
覇,2.3253476998573672e-05,8
穫,2.313272452157811e-05,8
漸,2.3075223342056416e-05,8
抹,2.2799217680352276e-05,8
朽,2.2580713198169834e-05,8
但,2.2551962608408987e-05,8
擬,2.250596166479163e-05,8
雌,2.2482961192982953e-05,8
碑,2.2356458598035222e-05,8
玩,2.223570612103966e-05,8
詐,2.2218455767183152e-05,8
諭,2.2195455295374475e-05,8
篤,2.2068952700426744e-05,8
閥,2.1890699043909488e-05,8
昆,2.1752696213057418e-05,8
衡,2.174119597715308e-05,8
斑,2.1660694325822707e-05,8
搭,2.15859427924445e-05,8
措,2.1419189371831583e-05,8
匿,2.1413439253879414e-05,8
訂,2.121793524350565e-05,8
茎,2.0953429817705852e-05,8
萎,2.0901678756136324e-05,8
需,2.07176749816669e-05,8
貿,2.0671674038049543e-05,5
享,2.060842274057568e-05,8
債,2.03209168429672e-05,8
挫,2.0303666489110692e-05,8
勃,1.9924158704267502e-05,8
搬,1.9872407642697974e-05,8
媛,1.954465091942431e-05,8
菌,1.9464149268093937e-05,8
禍,1.9458399150141767e-05,8
尿,1.941814832447658e-05,8
腎,1.9349146909050545e-05,8
貪,1.9188143606389797e-05,8
括,1.9073141247346408e-05,8
剰,1.9061641011442066e-05,8
洪,1.9050140775537727e-05,8
轄,1.8946638652398677e-05,8
嚇,1.87913854676901e-05,8
升,1.8751134642024913e-05,8
媒,1.8722384052264066e-05,8
廉,1.8486629216225112e-05,8
耗,1.8325625913564364e-05,8
猶,1.8204873436568803e-05,8
睦,1.81301219031906e-05,8
臼,1.7710363292682224e-05,8
穀,1.761836140544751e-05,6
瑠,1.7543609872069307e-05,8
薦,1.7497608928451948e-05,8
頰,1.748610869254761e-05,8
栓,1.7422857395073745e-05,8
冶,1.737110633350422e-05,8
繕,1.7284854564221676e-05,8
培,1.7187102559034795e-05,8
羞,1.708935055384791e-05,8
璃,1.6888096425521977e-05,8
鯨,1.6640841353578685e-05,8
疫,1.6278583922592003e-05,8
遜,1.6140581091739933e-05,8
碁,1.6134830973787764e-05,8
韻,1.606007944040956e-05,8
扶,1.5772573542801083e-05,8
串,1.5726572599183727e-05,8
坑,1.568632177351854e-05,8
賄,1.5536818706762132e-05,8
叙,1.5508068117001285e-05,8
桁,1.530106387072318e-05,8
煎,1.5243562691201484e-05,8
倣,1.5111309978301585e-05,8
弔,1.5007807855162534e-05,8
𠮟,1.4938806439736499e-05,8
勾,1.4829554198645276e-05,8
閲,1.4772053019123582e-05,8
騰,1.4754802665267073e-05,8
礁,1.4754802665267073e-05,8
謁,1.4565048772845477e-05,8
訟,1.4513297711275952e-05,8
屯,1.4490297239467274e-05,8
遷,1.441554570608907e-05,8
寡,1.439829535223256e-05,8
惧,1.4358044526567374e-05,8
殉,1.413378992643276e-05,8
綻,1.4128039808480591e-05,8
畝,1.4001537213532862e-05,8
喩,1.3990036977628523e-05,8
逝,1.3967036505819843e-05,8
窒,1.3696780962067875e-05,8
娯,1.3679530608211366e-05,8
箋,1.3587528720976653e-05,8
凹,1.3512777187598449e-05,8
弧,1.3415025182411567e-05,8
唆,1.3282772469511666e-05,8
旺,1.3282772469511666e-05,8
紡,1.3029767279616206e-05,8
准,1.3018267043711867e-05,8
儒,1.3006766807807528e-05,8
惰,1.2926265156477154e-05,8
丼,1.2828513151290272e-05,8
栽,1.272501102815122e-05,8
辣,1.2633009140916508e-05,8
賓,1.2449005366447083e-05,8
斥,1.2311002535595013e-05,8
践,1.2236251002216808e-05,8
陪,1.221325053040813e-05,8
酢,1.2132748879077757e-05,8
肪,1.2011996402082197e-05,8
庸,1.2011996402082197e-05,8
該,1.1942994986656162e-05,8
悼,1.1919994514847482e-05,8
累,1.1902744160990974e-05,8
弊,1.1879743689182296e-05,8
梗,1.1638238735191175e-05,8
阜,1.1546236847956462e-05,8
鋳,1.1436984606865241e-05,8
奨,1.1281731422156663e-05,8
搾,1.1212730006730628e-05,8
拉,1.1166729063113272e-05,8
嫡,1.1160978945161103e-05,8
硫,1.0994225524548186e-05,8
醸,1.0896473519361302e-05,8
姻,1.0700969508987538e-05,8
酎,1.0551466442231129e-05,8
且,1.0390463139570383e-05,8
濫,1.0327211842096517e-05,8
遡,1.0183458893292278e-05,8
糾,1.0120207595818412e-05,8
憾,9.861452287970783e-06,8
循,9.786700754592578e-06,8
茨,9.757950164831731e-06,8
酵,9.424443323605897e-06,8
緻,9.361192026132033e-06,8
塡,9.24618966708864e-06,8
舶,8.74592940524989e-06,8
詔,8.717178815489042e-06,8
埼,8.699928461632534e-06,8
賦,8.590676220541311e-06,8
窃,8.469923743545751e-06,8
堆,8.458423507641412e-06,8
壌,8.343421148598022e-06,8
腺,8.337671030645852e-06,8
罷,8.280169851124156e-06,8
栃,8.159417374128595e-06,8
麺,8.032914779180865e-06,8
痢,7.797159943141913e-06,8
矯,7.733908645668048e-06,8
毀,7.561405107102962e-06,8
諧,7.492403691676927e-06,8
賂,7.469403219868249e-06,8
泌,7.314150035159671e-06,8
凸,7.015143901646854e-06,8
氾,6.911641778507803e-06,8
摯,6.81388977332092e-06,8
畿,6.802389537416581e-06,8
祉,6.716137768134038e-06,8
俸,6.670136824516681e-06,8
壱,6.589635173186307e-06,8
脊,6.589635173186307e-06,8
抄,6.4401321064298995e-06,8
衷,6.43438198847773e-06,8
卸,6.388381044860373e-06,8
嘱,6.30787939353e-06,8
厘,6.227377742199626e-06,8
虞,6.198627152438778e-06,8
蚕,6.066374439538878e-06,6
瘍,5.9111212548303e-06,8
倹,5.8363697214520965e-06,8
窯,5.554613941795788e-06,8
哺,5.474112290465414e-06,8
賠,5.433861464800227e-06,8
憬,5.15210568514392e-06,8
墾,4.743847310539881e-06,8
租,4.352839289792352e-06,8
丙,4.341339053888013e-06,8
朕,4.3355889359358425e-06,8
汎,4.220586576892452e-06,8
弐,4.036582802423026e-06,8
恣,4.002082094710009e-06,8
遵,3.961831269044822e-06,8
捗,3.9100802074752955e-06,8
繭,3.864079263857939e-06,8
沃,3.743326786862379e-06,8
彙,3.5823234842016316e-06,8
璽,3.3235681763540018e-06,8
劾,3.1453145198367453e-06,8
諮,3.1280641659802366e-06,8
謄,2.995811453080337e-06,8
痘,2.915309801749963e-06,8
斤,2.898059447893455e-06,8
迭,2.6853050836631813e-06,8
訃,2.507051427145925e-06,8
款,2.4610504835285686e-06,8
頒,2.2712965911069733e-06,8
逓,2.0125412832593434e-06,8
塑,1.9895408114506652e-06,8
錮,1.7077850317943572e-06,8
酪,1.5755323188944574e-06,8
楷,1.104022646816554e-06,8
