年,15372663,1.0
日,8973206,1.713173975945721
月,7232285,2.125561008726841
大,5302214,2.8992913149110917
本,4611410,3.3336144476418275
学,4524693,3.3975040958579954
人,4107960,3.742164724096632
国,3523544,4.362841218954553
中,3432932,4.477998107739973
一,3311714,4.641905369847759
出,3138463,4.898150145469295
部,3112872,4.938417962576039
作,2948633,5.2134880807479265
会,2897708,5.30511114301372
名,2818794,5.453631233782958
市,2808052,5.474493705957012
地,2785976,5.517873449017507
行,2763918,5.561909940888261
時,2498850,6.151895071732997
場,2452465,6.268249699791842
生,2448210,6.279143945985026
上,2406120,6.38898433993317
子,2406063,6.389135695948111
社,2326220,6.608430415008039
田,2253108,6.82287000889438
合,2240152,6.862330324013728
後,2216271,6.936274038689312
代,2213674,6.94441141739931
第,2212749,6.947314403938269
道,2199883,6.987945722567973
東,2197389,6.995876924841255
発,2130964,7.213947771994271
者,2100181,7.319684827164897
山,2098380,7.325967174677609
高,2093195,7.3441141413007385
戦,2082899,7.380416909317255
事,2053559,7.485863810097494
用,2010532,7.646067309547921
長,1965351,7.821840984129553
間,1958049,7.851010367973426
県,1954496,7.865282405285045
画,1920502,8.004502468625391
所,1875765,8.19540987277191
立,1861756,8.25707718949207
成,1853183,8.295275210273351
分,1844933,8.332369251349506
業,1835139,8.376838484714236
校,1780391,8.63443086378217
新,1773892,8.666064788611708
手,1761735,8.72586569489736
川,1743353,8.81787165307313
同,1740395,8.832858632666722
目,1738818,8.840869487203376
開,1728373,8.894297122206838
前,1693421,9.077874314774649
関,1646723,9.335305937914269
小,1631653,9.421527126172048
動,1615143,9.517834024603394
定,1594776,9.639386973468374
線,1594465,9.641267133489917
内,1586368,9.690477241094122
主,1577936,9.742260142363188
自,1555505,9.88274740357633
文,1539519,9.985367507643621
和,1516298,10.138286141642341
的,1513145,10.15941168889961
車,1504291,10.219208251594937
駅,1504264,10.219391675929225
物,1479934,10.387397681247947
体,1465749,10.48792323924492
通,1465551,10.489340186728404
野,1451091,10.593865581138605
町,1449528,10.605288756064043
公,1438980,10.683027561189176
家,1436242,10.7033933000149
号,1428709,10.759827928570479
下,1426810,10.77414862525494
入,1419724,10.827923596417332
設,1419707,10.82805325324169
連,1416626,10.851603034251808
現,1400030,10.980238280608273
外,1399661,10.983133058647773
放,1372845,11.197668345661747
送,1369640,11.22387123623726
在,1367755,11.239339647817044
方,1354022,11.353333254555686
番,1348522,11.399638270640004
式,1336552,11.50173206878595
全,1333988,11.523839045028891
機,1321395,11.633662152497928
島,1314254,11.69687366369058
村,1311004,11.725870401615861
選,1304259,11.786510961396472
回,1276322,12.044502092732085
京,1271925,12.08613951294298
平,1259935,12.201155615170624
表,1256174,12.23768602120407
度,1252151,12.277004131290875
原,1248082,12.317029650295414
記,1247381,12.323951543273466
世,1237218,12.425185375576495
女,1235156,12.445928287600918
明,1232019,12.477618445819424
北,1227711,12.52140202376618
化,1220761,12.59268849512722
当,1220696,12.593359034518013
三,1187797,12.94216351784017
最,1186017,12.961587397145236
数,1177737,13.05271295713729
組,1177721,13.052890285559993
対,1169045,13.149761557510617
曲,1150161,13.365661850819146
語,1149141,13.37752547337533
法,1143372,13.445023142074495
初,1143268,13.446246199491283
海,1134418,13.551145168712061
演,1127791,13.630772900298016
書,1126325,13.648514416354072
神,1121949,13.701748475198071
力,1120025,13.725285596303653
教,1116651,13.766757026143353
位,1106396,13.894358801007957
区,1105644,13.903809001812519
理,1097633,14.005285008741538
西,1090024,14.103050024586615
期,1089029,14.11593538831381
見,1077031,14.273185265790865
以,1073743,14.316892403489476
性,1063550,14.454104649522824
軍,1043121,14.737181017350816
多,1032659,14.886485277327752
実,988866,15.545749373524826
水,977241,15.730677488971503
特,977108,15.732818685344915
員,969498,15.856312235816887
経,961367,15.99042093186057
都,946176,16.24714957893669
品,931286,16.506919464052935
元,930880,16.51411889824682
要,930736,16.516673901084733
編,925799,16.60475221943424
制,916699,16.76958630913746
身,916339,16.776174538025774
治,914625,16.80761295612956
金,910638,16.881200872355425
勝,894549,17.184819389435347
使,893970,17.19594952850767
正,874983,17.569099056781674
木,873247,17.604026123193094
面,873241,17.604147079672163
政,868648,17.697229487663588
点,866670,17.73761985530825
南,857664,17.923875783523616
鉄,856901,17.93983552359024
置,854804,17.98384541953477
民,845384,18.184236985795803
電,840633,18.28700871843004
加,835935,18.389782698415548
共,827528,18.576607679740142
等,821915,18.70347055352439
科,821872,18.704449111297137
売,821366,18.71597192968786
形,817272,18.809726749478752
版,812714,18.915218637798784
二,804858,19.09984494159218
能,804500,19.108344313238035
映,801184,19.18743135159963
口,798784,19.245081273535774
王,791045,19.433360933954454
務,780740,19.68986218203243
像,778110,19.756413617611905
活,777769,19.76507549156626
気,772520,19.89937218453891
美,770212,19.959002196797766
来,770116,19.96149021705821
界,769037,19.989497254358373
優,768534,20.002580237178837
州,760189,20.222159226192435
参,759849,20.23120777944039
天,757956,20.281735351392427
賞,757149,20.303352444499033
取,756744,20.314218546826933
空,755773,20.34031779383492
称,751508,20.455754296694113
話,747254,20.572205702478676
知,737727,20.83787498627541
役,735562,20.89920768065778
音,730384,21.047370971981863
言,723964,21.234015779790155
運,723536,21.246576535238052
重,721431,21.308570050358245
集,720795,21.327371860237655
楽,716560,21.45342050909903
受,713455,21.5467871134129
次,712142,21.586513644750625
路,710241,21.644291163140398
持,707292,21.734535382840466
結,706388,21.76235015317361
別,703007,21.86701270399868
団,697824,22.02942719081029
型,694010,22.15049206783764
報,693664,22.161540745951932
岡,692194,22.20860481310153
郡,691043,22.2455954260444
際,690627,22.25899508707305
変,689178,22.305794729373254
信,686556,22.390981944662926
昭,685026,22.44099202074082
有,678485,22.657336566025776
他,676957,22.708477791056154
井,676948,22.7087796994747
院,676298,22.73060544316263
交,676159,22.735278240768814
属,673578,22.82239473379475
台,670249,22.935749251397613
指,668377,22.99998803070722
工,666765,23.05559379991451
系,663328,23.175055176323024
登,660050,23.290149231118853
製,660048,23.290219802196205
録,659812,23.298550193085305
利,659780,23.29968019642911
不,654977,23.470538660136157
士,652186,23.57097975117528
館,651522,23.595002164163297
松,646570,23.77571337983513
説,645386,23.819331376881433
局,644428,23.854740948562135
藤,643961,23.872040387539
郎,642505,23.92613753978568
近,641491,23.963957405481917
史,640216,24.011681994826745
議,639321,24.045296494249367
保,638172,24.088588969744833
産,638088,24.09176007071125
歌,637287,24.122040775976913
店,634757,24.218185856949983
歴,633806,24.254524255055962
総,631784,24.332149911995238
付,622400,24.699008676092546
続,616316,24.942826407232655
太,615640,24.970214735884607
始,614680,25.009212923797747
終,609604,25.217457562614417
隊,609557,25.219401959127694
石,608096,25.27999361942851
種,603825,25.458805117376723
得,602137,25.530175026613545
広,597851,25.713201115328065
男,597302,25.736834967905683
考,593346,25.908429482966095
造,590565,26.030433567854512
項,589085,26.09583167115102
城,585257,26.2665171027429
義,584319,26.308682414913772
宮,584086,26.319177312929945
流,582987,26.368792099995368
園,580785,26.468767271882022
備,575505,26.711606328355096
基,574311,26.767140103532753
屋,572315,26.860492910372784
決,569973,26.970861777663153
改,569172,27.008818072568573
任,567529,27.087008769595915
愛,566192,27.150971755164324
相,565362,27.19083171490125
注,562625,27.323106865141078
心,561580,27.37395028312974
意,558277,27.53590601081542
古,557800,27.559453209035496
収,556891,27.604437852290662
無,555853,27.65598638488953
門,555682,27.664496960491793
真,554293,27.733821282246033
進,552659,27.815819519812397
計,552492,27.824227319128603
術,551437,27.877460163173673
少,550012,27.949686552293404
解,548893,28.006666144403372
権,547948,28.054966894668837
技,547930,28.055888525906592
研,544623,28.226246412656096
武,540459,28.443717284752406
安,539315,28.504052362719374
朝,538333,28.556048022320756
脚,533466,28.81657500196826
球,531682,28.913265824308514
福,531376,28.929915916413236
情,530068,29.001303606329753
建,529553,29.029507905724262
馬,528748,29.07370429769947
向,528537,29.085310962146455
約,524522,29.307947045119175
営,523672,29.355518339724103
育,521870,29.45688198210282
様,518843,29.628737402258487
光,517804,29.688188967254018
統,516751,29.748685537134907
域,514896,29.85586021254778
監,514460,29.881162772615948
由,511720,30.04116118189635
英,511289,30.066484903841076
止,510293,30.125169265500407
崎,509490,30.172649119707945
支,504606,30.46468531884282
撃,502183,30.611675425094038
転,501722,30.639802520120703
直,500560,30.71092975867029
府,500471,30.716391159527724
死,500243,30.73039102995944
戸,497804,30.88095515504094
橋,495041,31.053312755913147
究,493119,31.17434736848509
谷,487151,31.556258737024045
阪,485792,31.64453716817074
色,484529,31.7270235630891
伝,482807,31.840182515995004
装,482066,31.889125140540923
両,481892,31.90063956239157
格,478150,32.150293840844924
土,476136,32.28628585110137
呼,475645,32.31961441831618
字,474455,32.40067656574385
常,474281,32.41256343813056
存,467082,32.912128919547314
題,466753,32.93532767866516
督,464718,33.07955146992369
配,464653,33.0841789464396
移,464049,33.12724087326985
彼,463037,33.199642793124525
兵,460928,33.35154948278256
佐,456582,33.66900797666137
再,453770,33.877653877515044
可,453409,33.904626948296126
引,445624,34.49693687952175
構,444958,34.54857087635237
官,441214,34.84173892940841
類,438610,35.04859214336199
強,438390,35.066180797919664
族,436980,35.17932857339009
声,433399,35.47000108445105
施,432112,35.57564474025253
乗,428943,35.83847504213847
星,427426,35.965671250696026
命,426230,36.06659080777984
協,423340,36.3128053101526
寺,421842,36.44175544398139
江,416606,36.8997638056101
白,416508,36.90844593621251
吉,415887,36.96355740862302
調,414132,37.120200805540264
果,412843,37.23609943731636
状,412746,37.24485034379497
料,410616,37.43805161026361
曜,405364,37.923108613493056
千,403595,38.089329649772665
万,402569,38.18640531188442
競,402412,38.20130363905649
師,402394,38.20301247036487
株,399982,38.43338700241511
起,396463,38.77452120374411
先,395315,38.88712292728584
紀,394725,38.945247957438724
葉,394002,39.0167131131314
住,392180,39.197977969299814
河,390838,39.33257001622155
着,390022,39.41486121295722
覧,388387,39.58078668956479
達,388103,39.609750504376414
艦,386659,39.75767536770125
器,385506,39.87658557843458
試,384727,39.95732818336119
津,383777,40.05623838843912
旧,383113,40.12566266349615
論,382787,40.15983562660174
退,378076,40.66024555909394
陸,375758,40.911073084272324
管,375682,40.9193493433276
資,375002,40.993549367736705
良,373985,41.10502560263112
十,373804,41.12492910723267
各,373225,41.18872797910108
級,372567,41.26147243314625
降,372534,41.26512747829728
問,371720,41.35549069191865
載,371529,41.376751209192285
親,370996,41.43619607758574
側,366770,41.91363252174387
青,366148,41.984834001551285
条,363993,42.23340284016451
党,361482,42.52677311733364
風,361181,42.56221395920605
列,358107,42.927569134364866
劇,357207,43.03572718339786
周,357028,43.05730362884704
巻,356123,43.16672329504132
速,355396,43.25502538013934
花,354534,43.36019394472744
影,353968,43.42952752791213
沢,353451,43.493052785251706
久,352836,43.56886202088222
更,352816,43.57133179901138
座,350130,43.90558649644418
半,349964,43.926412430992904
応,349679,43.96221391619171
件,348563,44.102968473418
示,348546,44.10511955380351
判,346817,44.324998486233376
容,346611,44.35134199433948
職,346474,44.36887905008745
過,346405,44.37771683434131
落,344981,44.560897556677034
予,344062,44.679921060739055
廃,343654,44.732966879477615
四,343521,44.75028600871563
著,340932,45.09011474428918
典,340510,45.14599571231388
八,340488,45.14891273701276
衛,339257,45.312736362108964
専,339076,45.33692446531161
司,338588,45.402267652722486
図,338449,45.420914229322584
認,337724,45.51842036692684
限,337609,45.53392533966808
室,337426,45.55862026044229
観,337106,45.60186706851851
商,336428,45.69376805735551
港,336378,45.700560084191
攻,335659,45.79845319207887
夫,334286,45.986559413197085
反,334284,45.98683454786948
修,333429,46.10475693475973
打,332759,46.19758744316457
森,330931,46.45277414325041
詞,330433,46.52278374133334
領,329298,46.68313503270594
頭,328598,46.782582365078305
米,327425,46.950180957471176
継,327106,46.995967667973076
離,324981,47.30326696022229
船,323789,47.47740967111298
円,323293,47.55025008274228
父,322806,47.62198658017509
食,321297,47.84564748503721
接,320047,48.03251709905108
量,319701,48.08450083046346
概,319661,48.09051776725969
切,319085,48.17732892489462
防,317008,48.49298124968455
洋,315453,48.73202347100836
急,315104,48.78599763887478
浜,314971,48.80659806775862
便,314780,48.83621259292204
航,314757,48.83978116451739
氏,313421,49.04796743038916
係,311823,49.299323654765686
庫,311712,49.316879042192795
足,310839,49.45538687230367
及,310550,49.50141040090163
催,310319,49.53825901733378
単,309839,49.6150032758949
歳,309125,49.72960129397493
味,308492,49.831642311632066
査,307531,49.98736062380703
芸,307476,49.996302150411736
母,307473,49.99678996204545
殺,307353,50.01631023611287
異,305860,50.26045576407507
込,304870,50.42366582477777
念,304372,50.5061667958945
独,302478,50.82241683692698
思,301835,50.93068398297083
横,300609,51.138399049928644
規,299699,51.293674653569084
担,299234,51.37338337221038
春,299127,51.39176002166304
走,297823,51.61677573592369
争,296875,51.78160168421053
五,296752,51.80306451178088
波,296602,51.82926278312351
投,296117,51.914152176335705
黒,295751,51.978397368056235
例,294591,52.18307076590934
態,292573,52.54299952490489
派,291301,52.77243469813011
創,291283,52.77569580099079
復,290688,52.88372069022457
央,290663,52.888269232754084
魔,289915,53.024724488212065
医,289350,53.12826334888543
助,288693,53.24917126497698
企,288597,53.26688427114627
今,287143,53.53661067830315
挙,286945,53.57355242293819
聞,286471,53.66219617343466
将,286103,53.73121917631063
奈,284189,54.09309649564199
岩,283608,54.20391173732758
客,282782,54.362240170873676
博,282461,54.4240195991659
介,282399,54.43596825767796
敗,280451,54.814078038587844
富,280428,54.8185737515512
完,280018,54.898838646087036
林,279825,54.9367032967033
護,279608,54.97933893164716
済,279120,55.07546216680998
去,278729,55.15272181940164
供,276672,55.56277107911173
警,276429,55.61161455563635
清,273963,56.11218668214321
籍,273365,56.23493497704534
御,273280,56.252426083138175
程,273247,56.259219680362456
省,271222,56.67926274417267
守,270579,56.81395451975209
病,270092,56.91639515424374
尾,269299,57.083995855907375
略,269248,57.094808503684334
害,269164,57.11262650280127
帝,268649,57.2221113795324
導,267914,57.37909553065536
渡,267662,57.43311714027393
火,267499,57.468113899491215
好,267039,57.567108175210365
委,266443,57.69587866823298
宇,266014,57.7889246430639
衆,265928,57.80761333894889
準,265537,57.892734345872704
展,264324,58.15840786307713
飛,264042,58.220521735178494
質,263844,58.26421294401237
刊,263661,58.3046525652258
闘,262909,58.47142167061607
素,262141,58.64272662422132
増,261910,58.69444847466687
率,261566,58.77164080958534
徳,261065,58.8844272499186
皇,260848,58.93341332883519
験,260789,58.94674622012432
比,260406,59.03344392986337
残,260273,59.063610132437866
提,260227,59.07405073262959
必,259546,59.22904995646244
与,259276,59.29072879865472
辺,257400,59.722855477855475
旅,257310,59.743744899148886
追,255919,60.06847088336544
雄,255359,60.20020050203831
積,255277,60.21953799206352
根,255224,60.2320432247751
銀,255197,60.238415812098104
志,255029,60.27809778495779
赤,254509,60.401254965443265
秋,253436,60.65698243343487
首,250867,61.27813941251739
消,250866,61.278383678936166
標,250584,61.34734460300737
張,250300,61.41695165801039
章,248268,61.91963120498816
献,248090,61.96405739852473
含,247892,62.01355025575654
般,246448,62.37690303836915
仕,246371,62.39639811503789
香,245287,62.67214732130117
従,244890,62.7737473967904
賀,244571,62.85562474700598
堂,243913,63.02518930930291
告,243813,63.05103911604385
末,242100,63.49716232961586
了,241315,63.70371920518824
授,240869,63.82167485230561
没,240758,63.851099444255226
泉,240023,64.0466246984664
帯,239481,64.19157678479712
確,239115,64.28983125274449
境,238635,64.41914639512225
友,237921,64.61246800408539
夜,237748,64.65948399145313
感,237387,64.7578131911183
倉,237332,64.77282035292333
差,236872,64.89860768685197
里,235624,65.24234797813466
失,234394,65.58471206600852
勢,233734,65.76990510580403
宗,233265,65.90214134139283
補,233024,65.97029919664928
照,232520,66.11329348013074
未,232281,66.1813191780645
豊,232259,66.18758799443725
細,231812,66.31521664107122
蔵,231431,66.42438999096923
併,231269,66.47091914610259
想,230584,66.6683854907539
響,230024,66.83069158000905
丁,229591,66.95673175342239
察,229322,67.03527354549499
舞,227392,67.60423849563749
破,226619,67.83483732608475
興,226422,67.89385748734664
血,226344,67.91725426784011
写,225221,68.2559042007628
坂,224846,68.36974195671704
右,224813,68.37977785982127
令,224800,68.3837322064057
聖,224612,68.44096931597599
九,224506,68.4732835648045
児,224494,68.47694370450881
陽,224438,68.494029531541
玉,224222,68.56001195244
評,224147,68.5829522590086
非,223666,68.73044181949872
永,223655,68.73382218148488
視,223038,68.92396362951605
郵,222907,68.96446948727497
角,222135,69.20414612735499
街,221542,69.38938440566574
越,219284,70.103897229164
源,217969,70.52683179718217
鳥,217954,70.53168558503171
象,217645,70.63182246318546
織,217133,70.79837242611671
個,216583,70.97816079747717
述,216374,71.04672003105733
階,214964,71.51273236448894
誌,214219,71.76143572698967
価,213476,72.01120032228447
秀,212934,72.19449688635915
宝,212034,72.50093381250177
築,211983,72.51837647358515
績,211861,72.56013612698892
若,211112,72.81757076812308
断,210797,72.92638415157711
仮,210490,73.03274739892632
丸,210400,73.06398764258554
就,208353,73.78181739643777
悪,207652,74.03089303257373
検,207643,74.03410179972356
帰,207586,74.05443045292071
毎,207219,74.18558626380785
卒,207170,74.20313269295747
停,207030,74.25331111433125
祭,206892,74.30283916246158
短,205800,74.69709912536443
左,205705,74.73159621788483
歩,205227,74.90565568857899
環,203968,75.36801360997804
頃,203754,75.44717158926942
講,203377,75.587028031685
販,202641,75.8615630597954
革,202123,76.05598076418815
弾,201358,76.34493290557117
週,201336,76.35327512218382
読,200261,76.76313910346997
課,199489,77.06020382076204
除,199169,77.18401458058231
段,198783,77.33389173118425
然,198616,77.39891549522697
夏,195953,78.45076625517343
早,195568,78.6052063732308
留,195182,78.76065928210593
池,194995,78.83619067155568
瀬,194834,78.90133652237289
算,193633,79.3907185242185
薬,192809,79.73000741666624
模,192066,80.03843991128049
深,191922,80.09849313783725
漫,191785,80.15571082201423
居,191540,80.25823848804427
財,191408,80.31358668394215
浦,191095,80.44513461890682
房,190371,80.75107553146225
樹,190099,80.86661686805296
農,189604,81.07773570177844
割,189432,81.1513524642088
換,189308,81.20450799754897
超,189032,81.32307228405773
健,188933,81.36568518998799
甲,186925,82.2397378627792
訳,186559,82.40107955124117
百,186379,82.48066037482764
満,186199,82.56039506119797
極,185879,82.702526912669
鹿,185737,82.76575480383553
跡,185263,82.9775130490168
庁,185087,83.05641671214077
弟,184812,83.1800045451594
奏,184471,83.33376519886595
塚,183194,83.91466423572824
整,183048,83.98159499147765
低,182020,84.45590045049994
案,181921,84.50186069777541
射,181471,84.71140292388316
証,181208,84.83435058054832
群,179266,85.75336650563966
華,179179,85.79500387880276
援,179110,85.82805538495896
何,179013,85.87456218263478
郷,178700,86.02497481813094
推,178095,86.31720710856565
遠,177502,86.6055762751969
幸,176990,86.85611051471835
幕,176960,86.87083521699819
温,176654,87.02131284884577
複,176633,87.03165886329282
採,176268,87.21187623391654
板,175897,87.3958225552454
藩,175854,87.41719267119315
私,175068,87.80966824319692
難,174859,87.91462263881185
負,174566,88.06218278473472
養,173558,88.5736353265191
習,173410,88.64923014820369
岸,172111,89.31830620936489
効,172038,89.3562061870052
植,171915,89.42013785882558
違,171785,89.48780743371074
精,171505,89.6339057170345
沿,171372,89.70346964498285
盤,171331,89.72493594270739
療,170958,89.92069982100867
遺,170794,90.00704357295923
振,170607,90.10569906275826
談,170377,90.22733702318975
徒,170259,90.28987013902349
婚,169788,90.54033853982614
延,169588,90.64711536193599
撮,169410,90.74235877457056
恋,168748,91.09834190627444
密,168739,91.10320080123742
伴,168336,91.32130382092957
席,168008,91.49958930527117
普,167765,91.63212231395106
竹,167760,91.63485336194563
臣,167735,91.64851104420663
材,167373,91.84673155168396
為,166504,92.32608826214386
望,165628,92.81439732412395
策,165465,92.90582902728674
静,165345,92.97325591944117
突,165239,93.03289780257687
枚,165052,93.13830186850205
求,164692,93.34189274524567
描,164641,93.37080678567307
羽,164557,93.41846898035331
砲,163843,93.82557082084679
順,163292,94.14216863042893
絵,163286,94.14562791666157
妻,162619,94.53177672965644
働,162349,94.6889910008685
獲,162124,94.82040290148282
端,161932,94.9328298298051
諸,161858,94.97623225296248
六,161826,94.99501316228542
宿,160559,95.74463592822576
背,160361,95.86285318749572
囲,160124,96.00474007644075
枠,159837,96.17712419527393
替,159128,96.60564451259364
寄,158125,97.21842213438735
処,157999,97.29595124019772
刑,157852,97.38655829511188
裁,156613,98.15700484634098
盟,156421,98.2774883167861
亡,156101,98.47895272932269
兄,155835,98.64704976417364
舎,155695,98.73575259321109
徴,155288,98.99453273916852
給,155038,99.15416220539481
故,153786,99.96139440521243
功,153715,100.00756594997235
爆,153597,100.08439617961288
康,153186,100.35292389643962
雑,153176,100.35947537473234
草,153107,100.40470389988701
秒,152543,100.77593203227943
休,152180,101.01631620449467
識,151109,101.7322793480203
敵,150780,101.95425785913251
布,150638,102.05036577755945
娘,149702,102.68842767631695
熊,149313,102.95595828896346
七,148407,103.58448725464432
輸,147706,104.07609034162458
輪,146676,104.8069418309744
液,146584,104.87272144299514
圧,146516,104.92139425045728
扱,146306,105.07199294629065
紙,146250,105.11222564102565
険,146097,105.22230435943243
翌,145624,105.56407597648739
熱,145150,105.90880468480881
宙,145108,105.9394588857954
姿,145056,105.97743630046327
邦,144315,106.52158819249559
揮,143645,107.01843433464444
乱,143522,107.11015036022351
緯,143442,107.1698874806542
幼,143181,107.36524399187043
貴,142973,107.52144111125877
恵,142916,107.5643244983067
韓,142457,107.91089942930148
労,141898,108.33600896418554
副,141741,108.45600778885432
景,140757,109.2141989385963
具,140252,109.60744231811312
壊,140143,109.69269246412593
探,140093,109.73184241896455
湾,139610,110.11147482272044
絶,139516,110.185663293099
搭,137816,111.54483514250886
服,137762,111.58855852847665
岐,137192,112.05218234299376
麻,137003,112.20676189572491
許,136595,112.54191588271898
昇,136172,112.89151220515231
頼,135908,113.11080289607676
純,135869,113.14327035600468
忠,135382,113.55027256208359
返,135226,113.6812669161256
抜,134894,113.96105831245274
遊,134880,113.97288701067616
操,134834,114.01177002833113
減,134817,114.02614655421795
亜,134715,114.11248190624651
札,134606,114.20488685496932
息,134160,114.58454830053667
拠,133881,114.82333564882246
捕,133816,114.87911012136067
宅,133675,115.00028427155414
幅,133419,115.22094304409417
貨,132631,115.90550474625087
費,132532,115.9920849304319
栄,132390,116.11649671425334
因,131824,116.6150549217138
閉,131440,116.95574406573341
則,131440,116.95574406573341
節,130934,117.40772450242106
詳,130408,117.881287957794
怪,130032,118.22215300849022
仲,129899,118.34319740721638
鈴,129762,118.4681416747584
印,129652,118.56865300959491
隣,129413,118.78762566357321
笑,129035,119.13560661835936
滅,128537,119.59718213432708
仙,128435,119.69216335111146
況,128401,119.72385729083106
倒,128180,119.93027773443595
値,127845,120.24453830810748
沖,127837,120.2520631741984
被,127243,120.81342785064797
掲,127206,120.8485684637517
盛,127193,120.86092001918344
途,127140,120.9113025011798
覚,125994,122.01107195580742
潟,125252,122.73387251301376
抗,124912,123.06794383245806
竜,124593,123.38303917555561
俳,124482,123.49305923748011
並,124407,123.56750825918155
候,124023,123.95009796569991
審,123998,123.97508830787594
散,123972,124.00108895557061
毛,123246,124.73153692614771
矢,122805,125.17945523390742
夢,122748,125.23758431909278
黄,122732,125.25391096046671
喜,122345,125.65011238710204
君,122083,125.91976769902443
測,121598,126.42200529613974
脱,121116,126.9251213712474
躍,120976,127.07200601772253
戻,120570,127.49990047275442
酸,120171,127.92323439099283
待,119900,128.21236864053378
隆,119826,128.29154774422912
桜,118839,129.35705450230984
剣,118714,129.49326111494852
距,118686,129.52381072746576
軽,118645,129.56857010409203
襲,118199,130.0574708753881
仁,118090,130.177517147938
巨,118021,130.25362435498766
承,117942,130.34087093656203
激,117855,130.43708794705358
老,117116,131.26014378906385
誕,117090,131.2892902895209
障,117031,131.35547846297135
携,116861,131.54656386647383
練,116850,131.55894736842106
辞,116798,131.61751913560164
弁,116065,132.44873993021153
奥,115823,132.72547766851145
駆,115543,133.04711665786763
紹,115361,133.25701926994392
幹,115317,133.3078644085434
宣,115076,133.58704682123118
閣,114994,133.68230516374769
救,114984,133.6939313295763
惑,114783,133.92804683620398
契,114778,133.93388105734547
災,114739,133.97940543320055
礎,114508,134.24968561148566
湖,114404,134.37172651305897
兼,114017,134.82781515037232
片,113999,134.84910393950824
執,113783,135.10509478568855
億,113775,135.1145945945946
締,113336,135.63795263640856
姫,113196,135.8057086822856
似,112894,136.16899923822348
慶,112700,136.4033984028394
騎,112568,136.56334837609268
罪,112546,136.5900431823432
適,112181,137.03446216382454
雲,110961,138.5411360748371
敷,110888,138.63234074020633
逆,110882,138.63984235493587
至,110638,138.94559735353133
署,110186,139.515573666346
殿,109705,140.12727769928443
秘,109506,140.38192427812174
稲,109249,140.71216212505377
傷,108590,141.56610185099916
票,108472,141.7201028836935
妹,108189,142.09081329894906
掛,107618,142.84471928487798
裏,107536,142.95364343103705
霊,107460,143.05474595198214
善,107358,143.19066115240597
雪,107290,143.2814148569298
吹,107030,143.62947771652807
杉,107028,143.6321616773181
酒,106992,143.68049013010318
鮮,106811,143.9239685051165
庭,106645,144.14799568662386
須,105995,145.03196377187604
圏,105871,145.20183052960678
旗,105822,145.2690650337359
哲,105307,145.97949803906673
律,105097,146.2711875695786
易,104916,146.52353311220403
訪,104598,146.96899558308954
震,104415,147.22657664128718
仏,104207,147.52044488374102
巡,104000,147.8140673076923
占,103896,147.96202933702935
拡,103693,148.2516949070815
固,103591,148.3976696817291
沼,102970,149.29263863261144
銃,102588,149.84854953795767
魚,102075,150.60164584864071
顔,101553,151.37576437919117
犯,101529,151.4115474396478
筆,101527,151.4145301249914
祖,101270,151.79878542510122
裕,100848,152.43398976677773
禁,100279,153.29892599646985
詩,100208,153.40754231199105
範,99674,154.2294179023617
益,99674,154.2294179023617
鬼,99625,154.3052747804266
俊,99576,154.38120631477466
姉,99565,154.39826244162106
臨,98920,155.40500404367165
埼,97979,156.8975290623501
憲,97892,157.03696931312058
肉,97646,157.432593244987
症,97634,157.45194297068645
浅,97401,157.8285951889611
勤,97224,158.11592816588498
丘,97086,158.3406773376182
駐,97045,158.4075738059663
塩,96868,158.6970206879465
鶴,96816,158.78225706494794
衣,96578,159.17354884135102
縄,96396,159.4740756877879
摩,96366,159.52372205964758
伸,96129,159.91701775738852
茶,95846,160.3891972539282
層,95827,160.42099825727612
軌,95635,160.74306477753962
暴,95600,160.80191422594143
茂,95292,161.3216534441506
焼,94588,162.52233898591788
券,93933,163.65561623710516
買,93741,163.99081511825136
那,93308,164.75182192309342
危,93163,165.0082436160278
季,92950,165.3863690155998
柳,92921,165.43798495496173
犬,92726,165.7858960809266
獣,92667,165.8914500307553
牧,92539,166.12091118339293
奪,92345,166.46990091504682
舗,92215,166.70458168410778
漢,91421,168.1524266853349
堀,91278,168.41586143429961
荒,90859,169.19251807746068
混,90720,169.45175264550264
額,90620,169.63874420657692
油,90616,169.64623245342986
露,89963,170.87761635338973
融,89356,172.03839697390214
双,89183,172.37212248971215
緑,88976,172.77314107174968
逃,88545,173.6141284092834
希,88032,174.62585196292258
染,87757,175.1730688150233
暗,87571,175.54513480490115
飯,87351,175.98725830270976
折,87255,176.1808836169847
請,87187,176.31829286476196
雅,86831,177.04118344830763
釈,86248,178.23790696595864
冷,86196,178.34543366281497
冬,86049,178.65010633476274
暦,85812,179.14351139700742
欧,85779,179.2124296156402
砂,85402,180.00354792627806
童,85227,180.37315639410045
迎,85203,180.42396394493153
納,84994,180.86762595006707
孝,84799,181.28354107949386
隠,84788,181.30705996131528
刻,84371,182.2031622239869
塁,83382,184.36428725624236
聴,83331,184.47712135939807
税,83293,184.56128366129207
孫,83187,184.7964585812687
翼,83181,184.8097882929996
綱,83115,184.95654214040786
陣,82883,185.47425889506894
伯,82712,185.85771109391624
骨,82592,186.1277484502131
訓,82520,186.29014784294716
腕,82306,186.77451218623187
我,82263,186.8721417891397
願,81937,187.6156437262775
湯,81527,188.55916444858758
雨,81394,188.86727522913236
床,81386,188.88584031651635
寿,81128,189.4865274627749
唱,80932,189.9454233183413
厚,80916,189.9829823520688
押,80636,190.64267820824446
吸,80622,190.67578328495944
互,80219,191.633690272878
婦,80109,191.89682807175222
依,79594,193.13846521094555
免,79571,193.19429189026152
潜,79390,193.63475248771886
梨,78919,194.7903926811034
奇,78867,194.91882536422077
苦,78711,195.30514159393223
燃,78658,195.4367387932569
唯,78622,195.52622675586986
貫,78211,196.5537200649525
齢,78064,196.9238445378151
余,78040,196.98440543311122
批,77640,197.9992658423493
均,77580,198.15239752513534
礼,77445,198.49781134999031
討,77394,198.62861462128848
緒,77204,199.11744210144553
潮,76699,200.42846712473434
核,76636,200.59323294535204
雷,76523,200.889445003463
譲,76276,201.53997325502124
維,76207,201.72245331793667
阜,76182,201.78865086240845
架,76061,202.10966198183039
快,75879,202.59443324239908
鎮,75808,202.78417845082313
捜,75714,203.03593787146366
勇,75262,204.2553081236215
虫,75157,204.54066820123208
弱,74716,205.74793886182343
欠,74565,206.164594648964
寛,74525,206.27524991613552
網,73768,208.39202635289016
濃,73577,208.9329953653995
恐,73456,209.27715911566108
誘,73237,209.90295888690142
誠,73167,210.10377629259094
較,72881,210.9282666264184
避,72829,211.07886968103367
才,72561,211.85847769462936
簡,72487,212.07475823251065
梅,72364,212.43523022497374
既,72340,212.5057091512303
訴,72184,212.96496453507703
繁,72114,213.17168649638074
封,71675,214.47733519358215
飾,71514,214.96018961322258
疑,71396,215.3154658524287
縮,71307,215.58420631915521
侵,70609,217.71534790182554
紅,70352,218.5106748919718
穂,70205,218.96820739263586
触,70192,219.00876168224298
炎,70047,219.46211829200394
亀,70039,219.48718571081827
縁,69796,220.25134678205055
彩,69725,220.47562567228397
茨,69597,220.8811155653261
偵,69352,221.66142288614603
否,69238,222.02638724399895
厳,69085,222.5181008902077
択,69033,222.68571552735648
夕,69030,222.69539330725772
芝,68966,222.9020531856277
抱,68715,223.71626282471075
殊,68705,223.74882468524854
鑑,68700,223.76510917030566
答,68651,223.92482265371225
遣,68521,224.34965922855767
髪,68331,224.9734820213373
繰,68198,225.4122261649902
筋,67911,226.36484516499536
豪,67733,226.9597242112412
偶,67623,227.32891176079144
挑,67622,227.33227352045193
申,67590,227.43990235241898
誉,67536,227.62175728500355
眼,67382,228.14198153809622
壁,67311,228.38262691090608
晴,67264,228.5422068268316
輝,66776,230.2123966694621
敬,66550,230.99418482344103
歯,66189,232.25404523410234
柄,66186,232.26457256821683
刀,66157,232.36638602113155
枝,66089,232.6054714097656
丹,65691,234.01475087911587
弥,65690,234.01831328969402
束,65635,234.2144130418222
損,65550,234.51812356979406
菜,65515,234.64340990612837
脳,65480,234.76883017715332
塔,65468,234.81186228386386
羅,65450,234.8764400305577
鏡,65367,235.17467529487357
浮,65219,235.7083518606541
払,65103,236.128335099765
乳,64942,236.71372917372423
滝,64332,238.95826338369707
還,64274,239.1738961321841
墓,64268,239.19622518205017
荷,64251,239.25951347060746
岳,64026,240.1003186205604
倍,63875,240.66791389432484
底,63754,241.12468237287072
責,63458,242.24940905795958
託,63175,243.33459438068857
爵,63080,243.70106214331008
己,63037,243.8673001570506
菊,62686,245.2327952014804
絡,62466,246.09648448756124
儀,62357,246.52666100036885
窓,62025,247.84623941958887
牛,61938,248.19437179114598
排,61140,251.4338076545633
渋,61080,251.6807956777996
到,60946,252.23415810717685
尊,60903,252.41224570218216
胞,60817,252.76917638160384
轄,60805,252.8190609324891
招,60529,253.9718647259991
飲,60496,254.11040399365248
鉱,60342,254.75892413244506
募,60324,254.8349413168888
杯,60242,255.18181667275323
傾,60192,255.3937898724083
遅,60114,255.72517217287154
灯,60073,255.8997053584805
覇,60007,256.1811621977436
撤,59924,256.5359955944196
尚,59751,257.2787568408897
泰,59709,257.4597296889916
盗,59616,257.8613627214171
征,59325,259.1262199747155
桃,59319,259.15243008142414
械,59220,259.585663627153
貞,59132,259.9719779476426
午,59039,260.3814935889836
冠,59035,260.3991361057
附,58962,260.72153251246567
忍,58920,260.907382892057
艇,58832,261.29764413924397
冒,58743,261.6935294418058
崩,58706,261.85846421149455
包,58319,263.59613505032667
皮,57951,265.2700212248279
索,57842,265.76990767954084
敏,57762,266.1379972992625
沙,57181,268.8421503646316
畑,57128,269.0915663072399
充,56906,270.1413383474502
陰,56859,270.3646388434549
剛,56705,271.09889780442643
威,56688,271.1801968670618
鎌,56268,273.20436127105995
氷,56242,273.3306603605846
鳴,56196,273.5543988896007
嫌,56112,273.9639114627887
伏,55993,274.5461575554087
剤,55845,275.27375772226696
佳,55757,275.7082160087523
炭,55571,276.63103057350054
稚,55440,277.28468614718616
鎖,55307,277.95148896161425
箱,55100,278.99569872958256
縦,55086,279.0666049449951
徹,55031,279.34551434645925
暮,55020,279.4013631406761
購,54992,279.543624527204
垣,54812,280.4616324892359
駒,54810,280.47186644772853
刺,54739,280.83565647892726
困,54739,280.83565647892726
却,54538,281.8706773259012
奉,54457,282.289935178214
朗,54445,282.3521535494536
致,54259,283.32005750198124
拓,53853,285.4560191632778
斎,53790,285.790351366425
賢,53686,286.3439816711992
析,53560,287.0176064227035
柔,53451,287.60290733569065
衝,53420,287.76980531636093
荘,53306,288.38522867969834
拳,52903,290.58206528930305
咲,52806,291.1158391091921
幻,52789,291.20958911894525
径,52688,291.76782189492866
妖,52647,291.9950424525614
芳,52576,292.38936016433354
誤,52567,292.4394201685468
軸,52528,292.65654508071884
唐,52472,292.96887864003656
即,52403,293.35463618495123
浪,52385,293.455435716331
看,52184,294.5857542541775
閲,52059,295.2930905318965
針,52038,295.4122564279949
姓,51917,296.1007569774833
謀,51676,297.48167427819493
狭,51662,297.56228949711584
往,51658,297.58533044252584
又,51539,298.2724344671026
迫,51461,298.7245292551641
沈,51345,299.39941571720715
勲,51221,300.12422639151913
頂,51156,300.50557119399485
踏,50910,301.9576311137301
如,50870,302.195065854138
序,50830,302.43287428683846
峰,50680,303.327999210734
患,50624,303.6635390328698
斉,50526,304.2525234532716
紫,50172,306.3992465917245
涯,50172,306.3992465917245
脈,50092,306.8885850035934
彰,50085,306.93147648996705
診,50011,307.38563516026477
干,49947,307.77950627665325
弦,49766,308.89890688421815
貢,49729,309.1287377586519
栃,49706,309.2717780549632
豆,49511,310.48985074023955
趣,49351,311.49648436708475
獄,49219,312.33188402852556
妙,49172,312.63041975107785
漁,49144,312.80854224320365
毒,49100,313.08885947046844
摘,49081,313.2100609197042
麗,48802,315.000676201795
戒,48767,315.2267516968442
棋,48736,315.4272611621799
翻,48484,317.0667230426532
洞,48449,317.29577493859523
晶,48354,317.9191587045539
筒,48238,318.68367262324307
埋,48131,319.3921381230392
怒,48103,319.57805126499386
坊,47536,323.38991501178054
誰,47500,323.6350105263158
穴,47334,324.76999619723665
祉,47155,326.00282048563247
猫,47116,326.2726674590373
鋼,46964,327.32865599182355
腹,46676,329.3483374753621
削,46307,331.9727686958775
迷,46257,332.33160386536093
隻,46254,332.35315864573874
塾,46193,332.7920464139588
葬,46146,333.13099726953584
紋,46056,333.7819828035435
滑,46007,334.1374790792705
袋,45800,335.6476637554585
俗,45594,337.164166337676
玄,45558,337.43059396812856
呂,45379,338.7616077921505
飼,45126,340.6608828613216
洗,44960,341.91866103202847
墳,44939,342.0784396626538
渉,44928,342.16219284188037
卓,44881,342.52050979256256
謝,44870,342.60447960775576
魂,44786,343.2470638145849
磁,44679,344.0690928624186
僚,44643,344.34654929104227
賛,44445,345.8805939925751
狙,44190,347.8765105227427
裂,44143,348.2469021135854
脇,44080,348.74462341197824
滋,43957,349.720476829629
恒,43943,349.831895865098
糸,43920,350.0150956284153
憶,43896,350.20646528157465
耐,43888,350.270301676996
微,43863,350.4699404965461
狩,43788,351.07022471910113
棄,43753,351.35106164148743
稿,43671,352.010785189256
祥,43607,352.5274153232279
銅,43564,352.8753787530989
棒,43461,353.711672533996
冊,43407,354.1517036422697
硬,43018,357.35420056720443
啓,42905,358.29537349959213
輩,42782,359.3254873544949
抑,42674,360.2348736935839
眠,42465,362.0078417520311
掘,42341,363.06801917762925
克,42261,363.755306310783
菌,42226,364.05681333775397
祝,42158,364.64402960292233
桑,42154,364.6786307349243
陥,42135,364.8430758276967
踊,41855,367.2837892724884
虎,41844,367.38034126756526
逐,41723,368.4457733144788
遷,41644,369.14472673134185
該,41581,369.70402347225894
借,41426,371.08731231593686
葛,41312,372.1113235863672
詰,41311,372.120331146668
嵐,41185,373.25878353769576
僕,41168,373.4129178002332
譜,41043,374.5501790804766
揚,40922,375.65766580323543
尋,40920,375.6760263929619
旬,40905,375.8137880454712
隔,40706,377.65103424556577
乙,40698,377.7252690549904
顕,40587,378.75829699164757
帳,40564,378.9730549255498
句,40482,379.74069957017934
雇,40437,380.1632910453298
蒸,40409,380.42671187111785
塗,40373,380.7659326777797
薄,40359,380.89801531256967
欲,40314,381.323187974401
亭,40291,381.5408652056291
陵,40278,381.66401012959926
悲,40237,382.05291149936625
披,40192,382.480667794586
浴,40162,382.76637119665355
謎,40160,382.7854332669323
顧,39737,386.8601806880238
尉,39665,387.5624101853019
痛,39646,387.74814609292235
貸,39321,390.95300221255815
奴,39301,391.15195542098166
泊,39246,391.70012230545785
享,39120,392.96173312883434
媛,39061,393.5552853229564
溶,39050,393.66614596670934
刷,38903,395.15366424183225
尻,38874,395.4484488346967
磨,38590,398.35871987561546
透,38388,400.4549077836824
殖,38363,400.71587206422856
挿,38253,401.86816720257235
浄,38208,402.34147298994975
寝,38166,402.78423203898757
悟,38103,403.4502007715928
拝,37996,404.58635119486263
贈,37988,404.67155417500265
珍,37914,405.4613862952999
弓,37888,405.73962732263516
届,37825,406.41541308658293
逮,37786,406.8348859365903
拒,37675,408.03352355673525
括,37662,408.17436673570177
仰,37579,409.0758934511296
昼,37557,409.31552040897833
曽,37526,409.6536534669296
債,37310,412.0252747252747
騒,37294,412.2020432241111
斜,37084,414.53626901089416
偽,37039,415.0399038850941
僧,36834,417.3498126730738
畿,36786,417.8943891697929
斗,36665,419.273503341061
柱,36564,420.4316540859862
卵,36534,420.7768927574314
遂,36473,421.4806295067584
償,36414,422.16353600263636
棟,36405,422.2679027606098
狂,36267,423.8746794606667
曹,36237,424.2255981455418
慮,36195,424.7178615830916
煙,36180,424.89394693200666
呉,36067,426.2251642775945
抵,36058,426.3315491707804
緊,36032,426.6391818383659
幾,36008,426.92354476782936
郊,35951,427.6004283608245
淡,35665,431.02938455067994
塞,35546,432.4723738254656
賃,35524,432.74020380587774
胸,35429,433.9005616867538
耳,35057,438.504806458054
巣,34883,440.69211363701515
随,34789,441.882865273506
涼,34779,442.0099197791771
珠,34580,444.55358588779643
握,34560,444.81085069444447
捨,34471,445.95929912100024
旋,34441,446.34775413025176
肥,34435,446.4255263540003
慎,34391,446.99668517926204
闇,34243,448.928627748737
箇,34138,450.30942058702914
滞,34098,450.83767376385714
斬,34041,451.59257953644135
廷,34022,451.84477690905885
甘,33995,452.2036475952346
琴,33924,453.15007074637424
乾,33906,453.39063882498675
撲,33888,453.6314624645892
寒,33723,455.85099190463484
覆,33711,456.01325976684166
謡,33612,457.3563905747947
賊,33597,457.5605857665863
添,33465,459.3653966831017
符,33218,462.7811126497682
勧,33124,464.09440284989734
摂,33092,464.54318264233046
碑,32959,466.4177614612094
侯,32794,468.76449960358605
誇,32578,471.8725213334152
侍,32556,472.19139329155917
恩,32482,473.26713256572873
堤,32439,473.89447886802924
徐,32317,475.6834792833493
銭,32262,476.49442068067697
尽,32164,477.94624424822786
肩,32130,478.4520074696545
怖,31976,480.75628596447336
妃,31763,483.98019708465824
喫,31651,485.6928059145051
丈,31594,486.56906374628096
耕,31567,486.9852377482814
奨,31535,487.4794038370065
倫,31522,487.68044540321046
薦,31496,488.08302641605286
泳,31492,488.14502095770354
粉,31331,490.6534422776164
峠,31243,492.0354319367538
慣,31098,494.3296353463245
熟,31029,495.42888910374165
臓,30940,496.85400775694893
菓,30825,498.7076399026764
叙,30779,499.45297118164984
罰,30715,500.49366758912583
垂,30500,504.02173770491805
培,30491,504.17050933062217
瞬,30486,504.2531981893328
崇,30482,504.31936880782104
召,30442,504.98203140398135
促,30419,505.36385154015585
旨,30413,505.4635517706244
貝,30304,507.28164598732843
扉,30070,511.2292317924842
稼,30065,511.31425245301847
傘,30040,511.7397802929427
悩,29999,512.4391813060436
遭,29926,513.6892000267326
隷,29895,514.2218765679879
遇,29826,515.4114866224099
匠,29789,516.0516633656719
晩,29767,516.4330634595357
霧,29728,517.1105691603875
呪,29411,522.6841317874265
椎,29400,522.8796938775511
預,29073,528.7608089980395
訂,28917,531.6133416329495
皆,28908,531.7788501452885
錦,28873,532.4234752190628
朱,28863,532.6079409624779
貧,28858,532.7002217755909
糖,28699,535.6515209589185
舟,28620,537.1300838574424
猛,28585,537.7877558159875
釜,28453,540.2826766949004
涙,28393,541.4244003803755
潤,28377,541.7296754413786
峡,28347,542.3029950259287
孤,28128,546.5252773037543
邪,28099,547.0893270223139
猿,28065,547.7521111704971
逸,27968,549.6518521167048
鼻,27903,550.9322653478121
昔,27854,551.9014504200474
戯,27848,552.0203605285838
澄,27806,552.8541681651442
邸,27801,552.9535987914104
勉,27796,553.0530651892359
凡,27758,553.8101808487643
汚,27752,553.9299149610839
銘,27632,556.3355167921251
堅,27577,557.445081045799
疾,27550,557.9913974591651
噴,27467,559.6775403211126
俺,27458,559.8609876902906
貯,27342,562.2362299758613
灰,27294,563.2249945042867
烈,27266,563.8033815007702
緩,27179,565.6081165605799
忘,27125,566.7341198156682
陳,27086,567.5501366019346
努,26990,569.5688403112264
頻,26897,571.5382012863888
悠,26862,572.2828903283448
循,26832,572.9227415026834
渓,26644,576.9652829905419
貿,26617,577.5505504001202
后,26512,579.8379224502112
尼,26431,581.614884037683
屈,26327,583.9124472974513
嫁,26314,584.2009196625371
溝,26290,584.7342335488779
宰,26290,584.7342335488779
励,26277,585.0235186665144
紛,26151,587.8422622461857
唄,26130,588.3146957520091
簿,25954,592.3041920320567
恭,25762,596.7185389333126
彫,25709,597.9486950095297
班,25693,598.3210602109524
但,25691,598.3676384726168
掃,25635,599.6747805734348
粒,25432,604.4614265492294
懸,25392,605.4136342155009
阻,25283,608.0236918087252
勘,25239,609.0836800190182
軒,25118,612.0177960028665
劣,24951,616.1141036431405
酷,24851,618.5933362842542
寧,24822,619.3160502779792
控,24710,622.1231485228652
謙,24709,622.148326520701
釣,24631,624.118509195729
寮,24414,629.6658884246743
衰,24394,630.1821349512176
酵,24387,630.3630212818305
泣,24226,634.5522579047305
薫,24166,636.1277414549367
虐,24144,636.7073807157058
膜,24111,637.5788229438846
媒,23929,642.4281415855238
驚,23833,645.0158603616834
瞳,23821,645.3407917383821
幽,23568,652.2684572301425
麦,23554,652.6561518213467
苗,23399,656.9794863028335
軟,23335,658.7813584743947
擁,23242,661.4173909302125
墜,23241,661.4458500064541
辛,23070,666.3486345903771
脂,23067,666.4352971777864
栽,23066,666.4641897164657
秩,22791,674.5058575753587
旦,22738,676.0780631541912
准,22672,678.0461803105152
傍,22643,678.9145872896701
祈,22628,679.3646367332508
挟,22517,682.7136385841808
慈,22511,682.8956065923327
訟,22501,683.1991022621216
勅,22355,687.6610601655111
履,22331,688.4001164300748
偏,22236,691.3412034538586
腰,22204,692.3375517924699
掌,22195,692.6182924082001
蛇,22106,695.4068126300552
匹,22083,696.131096318435
懐,22000,698.757409090909
鍵,21987,699.1705553281485
寸,21942,700.6044572053596
虚,21931,700.9558615658201
靴,21923,701.2116498654382
幣,21755,706.6266605378074
脅,21747,706.8866050489722
需,21592,711.961050389033
措,21473,715.9066269268384
陶,21328,720.773771567892
禅,21234,723.9645380050862
股,21041,730.6051518463952
蹴,21014,731.5438755115637
郭,20900,735.5341148325359
魅,20880,736.2386494252873
坪,20662,744.0065337334237
鍋,20580,746.9709912536443
拘,20536,748.5714355278535
昆,20459,751.3887775551102
慢,20447,751.8297549762801
黙,20392,753.8575421734014
酔,20374,754.5235594385
赴,20293,757.5352584635095
湿,20235,759.7065974796145
抽,20212,760.571096378389
屯,20164,762.3816207101765
芽,20056,766.4869864379737
盾,20011,768.2106341512168
鋭,20000,768.63315
刃,19898,772.5732736958488
伐,19836,774.9880520266182
嗣,19834,775.0661994554805
泥,19817,775.7310894686381
炉,19781,777.1428643647945
誓,19773,777.4572902442725
扇,19702,780.2590092376408
牙,19692,780.655240706886
跳,19635,782.9214667685256
殻,19611,783.8796083830504
暖,19599,784.3595591611817
篤,19524,787.3726183159189
浸,19501,788.3012666017128
暁,19478,789.2321080193038
凍,19367,793.7555119533226
宜,19264,797.9995328073089
鼓,19245,798.7873733437257
暫,19204,800.492761924599
虹,19158,802.41481365487
尿,19142,803.0855187545711
刈,19100,804.8514659685864
勃,19080,805.6951257861635
零,19053,806.8368760825067
腐,19043,807.2605681877856
帽,19010,808.6619147816939
羊,18994,809.3431083500053
鐘,18841,815.9154503476461
藍,18757,819.5693874286933
桁,18744,820.1378040973111
墨,18709,821.6720829547277
癖,18707,821.7599294381782
洪,18615,825.821273166801
叔,18601,826.4428256545347
壇,18546,828.8937237140084
舶,18533,829.4751524307991
帆,18467,832.4396491038068
隅,18419,834.6089907161083
碁,18405,835.2438467807661
粋,18389,835.9705802381859
蜂,18323,838.9817715439611
伎,18294,840.311741554608
傑,18099,849.3653240510525
蓄,18011,853.5152406862472
猟,17998,854.131736859651
犠,17946,856.606653293213
裸,17914,858.1368203639612
孔,17911,858.2805538495896
虜,17763,865.4316838371897
諭,17731,866.9935705825955
腸,17718,867.6296986115815
妨,17714,867.8256181551316
胴,17646,871.1698401904114
籠,17561,875.38653835203
硫,17553,875.7855067509828
喚,17476,879.6442549782558
吐,17475,879.6945922746781
肝,17462,880.3495017752834
搬,17387,884.1469488698452
揺,17233,892.0479893228108
践,17219,892.7732737092747
尺,17198,893.8634143505059
慰,17153,896.2084183524748
岬,17096,899.1964787084698
貌,16900,909.6250295857989
蓋,16728,918.9779411764706
楼,16720,919.4176435406698
慕,16690,921.0702816057519
畜,16677,921.7882712718115
牲,16663,922.5627438036367
臼,16588,926.7339643115505
偉,16520,930.548607748184
嬢,16365,939.3622364802933
肢,16337,940.9722103201323
笛,16331,941.3179229685874
瓶,16327,941.5485392294971
枢,16306,942.7611308720716
汽,16270,944.8471419791026
腫,16214,948.1104600962132
兆,16177,950.2789763244112
駄,16151,951.808742492725
壮,16108,954.3495778495158
綿,16105,954.5273517541136
瓦,16084,955.7736259636906
叫,16054,957.5596736015946
錬,16022,959.4721632754962
盆,15976,962.2347896845268
棚,15974,962.3552648053086
拾,15959,963.2597907137039
繊,15934,964.7711183632484
巧,15903,966.6517638181475
喪,15894,967.1991317478294
閥,15888,967.5643882175226
庶,15860,969.2725725094577
拍,15771,974.7424386532243
粘,15748,976.1660528321057
奮,15729,977.34522220103
賭,15713,978.340418761535
是,15672,980.8998851454824
鍛,15622,984.0393675585713
擬,15573,987.1356193411674
疫,15542,989.1045553982757
衡,15500,991.7847096774193
呈,15478,993.1944049618813
疎,15459,994.4150980011643
舌,15432,996.1549377916018
砕,15426,996.5423959548814
凶,15425,996.6070016207456
哀,15392,998.743698024948
膨,15350,1001.4764169381108
絞,15295,1005.0776724419745
妊,15166,1013.6267308453118
肺,15050,1021.4394019933554
憧,14985,1025.8700700700701
漠,14970,1026.8979959919839
懲,14909,1031.0995371923
賜,14907,1031.2378748239082
賠,14902,1031.583881358207
忌,14884,1032.8314297231927
昧,14771,1040.7327195179744
紳,14690,1046.4712729748128
歓,14686,1046.756298515593
肌,14682,1047.0414793624848
縛,14621,1051.4098214896383
嫡,14601,1052.850010273269
爪,14503,1059.9643522029926
剰,14503,1059.9643522029926
玩,14446,1064.1466842032396
粧,14420,1066.0653952843272
膚,14313,1074.035003143995
悦,14298,1075.1617708770457
臭,14297,1075.2369727914947
乏,14241,1079.4651358752897
穏,14234,1079.9959955037234
頑,14198,1082.7343992111564
敢,14180,1084.1088152327222
瑠,14129,1088.0220114657795
囚,14089,1091.1110085882603
漏,14013,1097.0286876471848
柿,13970,1100.4053686471009
俸,13945,1102.3781283614198
帥,13899,1106.0265486725664
肖,13828,1111.7054527046573
捉,13819,1112.4294811491425
潔,13799,1114.0418146242482
麓,13761,1117.1181600174407
胆,13734,1119.3143294014853
惨,13726,1119.9667055223663
痴,13715,1120.8649653663872
燥,13695,1122.5018619934283
鉛,13637,1127.2760137860232
褐,13589,1131.257855618515
窟,13581,1131.924232383477
茎,13558,1133.844446083493
焦,13515,1137.4519422863484
雰,13499,1138.8001333432105
廊,13493,1139.3065293114948
袖,13459,1142.1846348168513
鶏,13383,1148.6709258013898
欄,13359,1150.7345609701324
缶,13341,1152.2871598830673
貼,13140,1169.9134703196346
朽,12978,1184.5171058714748
糧,12947,1187.3532864756314
僅,12921,1189.742512189459
椅,12855,1195.8508751458576
粛,12794,1201.552524620916
宴,12763,1204.4709707748962
醒,12757,1205.0374696245199
絹,12753,1205.4154316631382
恥,12720,1208.5426886792452
漂,12675,1212.833372781065
朴,12648,1215.4224383301707
潰,12628,1217.3474025974026
睦,12592,1220.8277477763659
憎,12438,1235.9433188615533
雌,12422,1237.5352600225406
詠,12365,1243.2400323493732
汁,12344,1245.3550712896954
紡,12325,1247.274888438134
殴,12307,1249.099130576095
唆,12212,1258.816164428431
豚,12156,1264.615251727542
礁,12112,1269.2092965653896
串,12092,1271.3085511081706
隙,12078,1272.78216592151
鯨,12075,1273.0983850931677
扶,12034,1277.4358484294498
髄,12026,1278.285631132546
抄,11972,1284.0513698630136
壱,11922,1289.4365878208355
斑,11892,1292.6894550958627
廉,11732,1310.3190419365837
曖,11634,1321.3566271273853
拐,11596,1325.6867023111417
憂,11578,1327.747711176369
湧,11562,1329.5851063829787
辱,11561,1329.70011244702
癒,11540,1332.1198440207972
膝,11514,1335.127931214174
汎,11441,1343.646796608688
俵,11429,1345.0575728410186
脊,11151,1378.5905299973097
醸,11128,1381.439881380302
崖,11094,1385.6736073553272
壌,11032,1393.4611131254533
諾,11017,1395.3583552691296
畳,10987,1399.1683808136888
煮,10986,1399.295740032769
胎,10943,1404.7942063419537
疲,10898,1410.5948797944577
甚,10897,1410.7243277966413
拉,10883,1412.5390976752733
把,10875,1413.5782068965518
勾,10830,1419.4518005540167
錯,10816,1421.2891087278106
顎,10813,1421.6834366040878
麺,10807,1422.4727491440733
鋳,10801,1423.2629386167948
婆,10772,1427.094597103602
累,10732,1432.413622810287
抹,10726,1433.2148983777736
遮,10712,1435.0880321135176
戚,10710,1435.3560224089636
蛍,10705,1436.0264362447454
淫,10705,1436.0264362447454
酬,10636,1445.3425159834524
冥,10620,1447.5200564971751
娠,10591,1451.4836181663677
泌,10591,1451.4836181663677
遍,10575,1453.6797163120568
暇,10556,1456.2962296324365
璃,10494,1464.9002287021156
逝,10490,1465.4588179218304
窮,10473,1467.8375823546262
愚,10407,1477.1464398962237
穀,10389,1479.7057464626046
塊,10354,1484.7076492176936
枕,10336,1487.2932469040247
妄,10244,1500.650429519719
紺,10230,1502.7041055718475
悼,10225,1503.438924205379
泡,10181,1509.9364502504666
嘆,10170,1511.5696165191741
骸,10166,1512.1643714341924
悔,10129,1517.6881232105834
卸,10113,1520.0892910115692
藻,10105,1521.2927263730826
痕,10103,1521.593883005048
胃,10091,1523.4033296997325
欺,10033,1532.210006976976
褒,10024,1533.5856943335993
餌,9999,1537.4200420042005
漆,9950,1544.991256281407
枯,9899,1552.9511061723406
据,9867,1557.9875342049254
拶,9842,1561.945031497663
挨,9841,1562.1037496189413
淑,9667,1590.220647563877
盲,9652,1592.6919809365934
槽,9621,1597.8238228874338
凝,9597,1601.8196311347297
宛,9590,1602.988842544317
恨,9563,1607.5146920422462
卑,9512,1616.1336206896551
縫,9436,1629.1503815175922
頓,9435,1629.323052464229
矛,9427,1630.7057388352605
踪,9401,1635.2157217317306
瘍,9398,1635.737710151096
懇,9283,1656.0016158569429
詐,9239,1663.8881913627015
腺,9232,1665.1498050259966
鉢,9204,1670.2154498044329
蜜,9160,1678.2383187772925
赦,9150,1680.0724590163934
迅,9121,1685.4142089683148
稽,9115,1686.5236423477784
汗,9096,1690.0465039577837
戴,9068,1695.264997794442
韻,9017,1704.8533880448042
婿,9004,1707.3148600621946
皿,8993,1709.4032024908263
睡,8945,1718.576076020123
舷,8899,1727.4596022024946
弧,8883,1730.5710908476865
飢,8853,1736.435445611657
凄,8850,1737.02406779661
曇,8830,1740.9584371460928
奔,8828,1741.3528545536929
腎,8798,1747.2906342350534
儒,8754,1756.0729952021932
粗,8694,1768.1922015182886
冶,8658,1775.544352044352
飽,8573,1793.1486060888838
翁,8559,1796.0816684192077
漬,8548,1798.3929574169397
侶,8541,1799.8668774148225
哺,8511,1806.2111385266126
遡,8500,1808.5485882352941
倣,8491,1810.4655517606877
膳,8381,1834.2277771149027
渦,8323,1847.0098522167489
惜,8315,1848.7868911605533
肪,8302,1851.6818838834015
閑,8272,1858.3973646034817
旺,8219,1870.3811899257817
錠,8178,1879.7582538517975
餅,8168,1882.0596229187072
惧,8153,1885.5222617441432
堕,8149,1886.447785004295
詣,8133,1890.1589819254887
挫,8116,1894.1181616559882
昨,8081,1902.32186610568
喉,8058,1907.7516753536859
匿,8058,1907.7516753536859
窒,8014,1918.2259795358123
擦,7942,1935.616091664568
剖,7922,1940.502777076496
妥,7886,1949.3612731422775
綻,7840,1960.7988520408164
吏,7831,1963.0523560209424
憩,7829,1963.553838293524
鬱,7778,1976.4287734636152
寂,7731,1988.4443150950717
畔,7705,1995.1541855937703
沸,7618,2017.9394854292466
酢,7580,2028.0558047493403
坑,7526,2042.6073611480201
諦,7491,2052.150981177413
堆,7463,2059.850328286212
暑,7439,2066.495899986557
妬,7385,2081.606364251862
餓,7322,2099.5169352635894
殉,7284,2110.469934102142
慌,7273,2113.6619001787435
庸,7254,2119.1980976013233
嘱,7138,2153.6372933594844
吟,7090,2168.2176304654445
姻,7048,2181.1383371169127
濁,7046,2181.7574510360487
溺,7046,2181.7574510360487
怨,7017,2190.7742625053443
唇,7013,2192.023812918865
璧,7002,2195.4674378748928
棺,6866,2238.954704340227
硝,6856,2242.220390898483
忙,6827,2251.7449831551194
耗,6772,2270.032929710573
騰,6754,2276.0827657684335
弐,6683,2300.2638036809817
蛮,6671,2304.4015889671714
眺,6661,2307.8611319621677
匂,6660,2308.207657657658
窯,6654,2310.2889990982867
艶,6646,2313.069966897382
汰,6645,2313.418058690745
眉,6529,2354.520294072599
梗,6431,2390.4000932980875
嫉,6425,2392.632373540856
娯,6370,2413.2908948194663
租,6310,2436.2381933438987
穫,6275,2449.8267729083664
鈍,6041,2544.72156927661
賄,5984,2568.961062834225
捻,5968,2575.848357908847
猶,5915,2598.928655959425
升,5821,2640.897268510565
蔑,5793,2653.661833247022
炊,5757,2670.255862428348
霜,5749,2673.9716472429986
伺,5713,2690.8214598284612
弄,5699,2697.431654676259
巾,5644,2723.7177533664067
拷,5601,2744.628280664167
桟,5589,2750.521202361782
肘,5496,2797.0638646288207
滴,5423,2834.7156555412134
怠,5419,2836.8080826720798
芋,5398,2847.844201556132
某,5369,2863.226485379028
憤,5341,2878.236847032391
蔽,5313,2893.4054206662904
喝,5310,2895.0401129943502
冗,5305,2897.7687087653158
厄,5261,2922.003991636571
襟,5252,2927.011233815689
繕,5206,2952.8741836342683
愁,5144,2988.4648133748055
柵,5143,2989.045887614233
肯,5112,3007.1719483568077
賓,5085,3023.1392330383483
乞,5032,3054.980723370429
彙,5000,3074.5326
丼,4958,3100.577450584913
濯,4945,3108.7286147623863
謹,4916,3127.067331163548
蚕,4891,3143.051114291556
裾,4824,3186.70460199005
机,4811,3195.315526917481
咽,4807,3197.9744123153732
罵,4806,3198.6398252184767
渇,4785,3212.6777429467083
凸,4766,3225.4853126311373
逓,4705,3267.303506907545
弊,4697,3272.868426655312
爽,4691,3277.054572585803
矯,4687,3279.8512908043526
諮,4682,3283.3539085860743
侮,4616,3330.299610051993
栓,4600,3341.883260869565
苛,4584,3353.54777486911
濫,4581,3355.7439423706614
寡,4540,3386.049118942731
采,4529,3394.273128725988
糾,4501,3415.388358142635
款,4474,3435.9997764863656
詔,4452,3452.9791105121294
且,4406,3489.029278256922
瞭,4280,3591.743691588785
堪,4263,3606.066854327938
喩,4259,3609.4536276121157
陪,4250,3617.0971764705882
醜,4230,3634.199290780142
賦,4174,3682.957115476761
宵,4169,3687.3741904533463
煎,4123,3728.513946155712
芯,4082,3765.9634982851544
凹,4074,3773.358615611193
刹,3979,3863.4488564966073
丙,3910,3931.6273657289003
遵,3887,3954.891432981734
漸,3872,3970.2125516528927
弔,3825,4018.996862745098
詮,3822,4022.151491365777
禍,3767,4080.876825059729
搾,3757,4091.7388874101675
謁,3715,4137.998115746972
愉,3712,4141.342403017241
窃,3639,4224.419620774938
酪,3627,4238.396195202647
畝,3562,4315.739191465469
斥,3549,4331.547759932375
罷,3513,4375.935952177626
煩,3505,4385.923823109843
陛,3490,4404.774498567335
拭,3470,4430.162247838617
酎,3414,4502.830404217926
痩,3306,4649.92831215971
箸,3218,4777.086078309509
傲,3188,4822.039836888332
臆,3140,4895.7525477707
塀,3116,4933.460526315789
墾,3105,4950.938164251208
毀,3057,5028.676153091266
繭,3046,5046.836178594878
嗅,2941,5227.019041142468
氾,2834,5424.3694424841215
遜,2834,5424.3694424841215
蚊,2812,5466.807610241821
薪,2784,5521.789870689655
緻,2588,5939.977975270479
痢,2572,5976.929626749611
虞,2521,6097.843316144387
頒,2513,6117.255471547951
訃,2501,6146.606557377049
畏,2460,6249.05
沃,2396,6415.969532554257
慄,2304,6672.162760416667
羞,2301,6680.8617992177315
慨,2283,6733.5361366622865
迭,2230,6893.570852017937
嘲,2219,6927.743578188373
劾,2218,6930.86699729486
辣,2213,6946.526434704022
璽,2169,7087.442600276625
拙,2145,7166.742657342657
諧,2077,7401.378430428503
嚇,2068,7433.589458413927
痘,2035,7554.1341523341525
塑,2009,7651.897959183673
捗,2003,7674.81927109336
羨,2001,7682.490254872564
唾,2000,7686.3315
萎,1985,7744.414609571789
貪,1842,8345.63680781759
衷,1797,8554.626043405677
賂,1746,8804.503436426117
箋,1710,8989.861403508772
倹,1698,9053.393992932863
斤,1612,9536.391439205956
酌,1507,10200.83808891838
楷,1398,10996.182403433477
憾,1375,11180.118545454545
厘,1317,11672.485193621867
摯,1263,12171.546318289786
惰,1222,12579.92062193126
錮,1175,13083.11744680851
恣,1100,13975.148181818182
憬,763,20147.657929226738
謄,656,23433.9375
朕,509,30201.69548133595
剝,87,176697.27586206896
塡,79,194590.67088607594
頰,35,439218.9428571428
𠮟,10,1537266.3
