年,0.026996883933189098,5667
日,0.015758401839069524,3266
月,0.01270106283581085,2613
大,0.00931154582305814,1889
本,0.00809838220862237,1630
学,0.007946093123508483,1597
人,0.007214242537040158,1441
国,0.006187913467008602,1222
中,0.006028784131580242,1188
一,0.005815905707288155,1142
出,0.005511648914674608,1077
部,0.005466706977371075,1068
作,0.0051782767151384995,1006
会,0.0050888441741208795,987
名,0.004950258419739617,957
市,0.004931393729398714,953
地,0.004892624700915532,945
行,0.004853887283345265,937
時,0.004388384980302362,837
場,0.004306925413977286,820
生,0.004299452945405291,818
上,0.004225536094125321,803
子,0.004225435992901233,803
社,0.0040852187641830795,773
田,0.003956822260719556,745
合,0.0039340694280946276,740
後,0.0038921305275145257,731
代,0.0038875697752509264,730
第,0.003885945325561385,730
道,0.003863350547500838,725
東,0.003858970679905399,724
発,0.0037423176305760586,699
者,0.0036882577010690365,688
山,0.0036850948536193973,687
高,0.00367598915454867,685
戦,0.003657907712382419,681
事,0.0036063819243910833,670
用,0.0035308195494796746,654
長,0.0034514744019937815,637
間,0.003438650908336255,634
県,0.003432411265366475,633
画,0.0033727123002343373,620
所,0.0032941468885994973,604
立,0.0032695448175711905,598
成,0.003254489242232067,595
分,0.0032400009071629765,592
業,0.003222801058233582,588
校,0.0031266547105530673,568
新,0.003115241414842207,565
手,0.00309389175551672,561
川,0.003061609988820879,554
同,0.0030564152621379015,553
目,0.0030536457949373874,552
開,0.0030353026846590137,548
前,0.0029739213164970413,535
関,0.0028919120715202307,518
小,0.0028654467127939842,512
動,0.002836452481037477,506
定,0.002800684733115899,498
線,0.0028001385667878465,498
内,0.002785918924478159,495
主,0.002771110967956625,492
自,0.0027317185020249712,483
文,0.002703644499065627,477
和,0.0026628646652910315,469
的,0.002657327487051886,468
車,0.002641778430239494,464
駅,0.0026417310138701633,464
物,0.0025990035966299563,455
体,0.0025740924411202237,450
通,0.002573744721078519,450
野,0.002548350621066453,444
町,0.002545605740131518,444
公,0.0025270817451850114,440
家,0.002522273374103823,439
号,0.0025090442070643815,436
下,0.002505709255755717,435
入,0.002493265093052699,433
設,0.0024932352383016387,433
連,0.0024878245037140423,431
現,0.002458679242040407,425
外,0.0024580312183264397,425
放,0.002410937982785355,415
送,0.0024053094841312017,414
在,0.0024019991190881718,413
方,0.002377881748723998,408
番,0.002368222858677882,406
式,0.0023472016016139463,401
全,0.002342698802690668,400
機,0.0023205834568088,396
島,0.002308042705205293,393
村,0.0023023351792689772,392
選,0.002290489867748824,389
回,0.002241427974800203,379
京,0.0022337061312487916,377
平,0.0022126497509483145,373
表,0.0022060448263186427,371
度,0.0021989797872903893,370
原,0.0021918339648180907,368
記,0.0021906028953777024,368
世,0.0021727550227343406,364
女,0.0021691338170479746,363
明,0.002163624737398062,362
北,0.0021560591922492045,361
化,0.0021438538675546126,358
当,0.0021437397170359085,358
三,0.0020859637491038585,346
最,0.00208283778105256,345
数,0.002068296761128685,342
組,0.0020682686625393965,342
対,0.0020530322025322234,339
曲,0.002019868842599415,331
語,0.002018077557536302,331
法,0.0020079462599588704,329
初,0.0020077636191289105,329
海,0.0019922215869638826,326
演,0.0019805835025392127,323
書,0.0019780089693015035,323
神,0.0019703240051484605,321
力,0.001966945149794175,320
教,0.001961019859791302,319
位,0.0019430104202599607,315
区,0.0019416897865663918,315
理,0.001927621174173777,312
西,0.0019142585388355338,309
期,0.001912511157818042,309
見,0.001891440728223004,304
以,0.0018856664681372592,303
性,0.0018677659106391409,299
軍,0.0018318892806842846,291
多,0.001813516315654795,287
実,0.0017366087207842384,271
水,0.0017161933395504203,267
特,0.0017159597700275309,267
員,0.001702595378527405,264
経,0.0016883160267155972,261
都,0.0016616381724083307,255
品,0.001635488922810846,249
元,0.0016347759211092772,249
要,0.001634523033806179,249
編,0.001625852862868482,247
制,0.0016098717902467974,244
身,0.0016092395719892183,244
治,0.0016062295106185065,243
金,0.0015992276934160277,242
勝,0.0015709728057884398,236
使,0.0015699559880908986,235
正,0.0015366117434899573,228
木,0.00153356304655905,228
面,0.0015335525095880875,228
政,0.0015254864583186811,226
点,0.0015220127702257336,225
南,0.001506196776815738,222
鉄,0.0015048568253421268,221
置,0.0015011741539917578,221
民,0.0014846311095855769,217
電,0.0014762875847476042,215
加,0.0014680371364864109,214
共,0.001453273084010498,210
等,0.0014434157476779785,208
科,0.0014433402327195255,208
売,0.0014424516148351385,208
形,0.0014352618883173296,207
版,0.0014272573027118707,205
二,0.0014134608954022854,202
能,0.001412832189468527,202
映,0.0014070087568515133,201
口,0.0014027939684678747,200
王,0.0013892030320920012,197
務,0.0013711057844694174,193
像,0.0013664870788654415,192
活,0.0013658882276826878,192
気,0.0013566701342550003,190
美,0.0013526169127593413,189
来,0.0013524483212239424,189
界,0.0013505534226131433,188
優,0.001349670073214293,188
州,0.0013350149027717695,185
参,0.0013344178077506763,185
天,0.0013310933934129743,184
賞,0.0013296761708189164,184
取,0.0013289649252792302,184
空,0.0013272596921456437,184
称,0.001319769661955239,182
話,0.0013122989495452098,180
知,0.0012955679958234212,177
役,0.0012917659054689778,176
音,0.0012826724995310679,174
言,0.0012713979406044906,172
運,0.0012706463033427262,171
重,0.0012669495826979071,171
集,0.001265832663776112,170
楽,0.0012583953184406305,169
受,0.0012529424359691843,168
次,0.0012506365954909615,167
路,0.001247298131858643,166
持,0.0012421192106321088,165
結,0.0012405316403408806,165
別,0.0012345940572052738,164
団,0.001225491870458173,162
型,0.001218793869251722,160
報,0.0012181862372596663,160
岡,0.00121560467937476,160
郡,0.0012135833371123006,159
際,0.001212852773792461,159
変,0.0012103080953057566,159
信,0.0012057034389965082,158
昭,0.0012030165114018665,157
有,0.0011915294568943802,155
他,0.0011888460416232816,154
井,0.0011888302361670045,154
院,0.0011876887309796302,154
交,0.0011874446244857229,154
属,0.00118291197081144,153
台,0.0011770657080907299,151
指,0.0011737781731515629,151
工,0.0011709472402869903,150
系,0.0011649113120891785,149
登,0.0011591546136217046,148
製,0.0011591511012980504,148
録,0.0011587366471069727,148
利,0.0011586804499285064,147
不,0.0011502456046754705,146
士,0.0011453441570176137,145
館,0.0011441780655647715,144
松,0.0011354815521996686,143
説,0.0011334022565970825,142
局,0.0011317198535670814,142
藤,0.0011308997259941167,142
郎,0.0011283427543746782,141
近,0.0011265620062825832,141
史,0.001124322899953678,140
議,0.001122751135118949,140
保,0.0011207333051801438,139
産,0.0011205857875867808,139
歌,0.0011191791019636854,139
店,0.0011147360125424166,138
歴,0.0011130659026454826,138
総,0.0011095149434320328,137
付,0.001093035120851682,133
続,0.0010823506322988896,131
太,0.0010811634669041226,131
始,0.0010794775515505783,131
終,0.0010705632741190296,129
隊,0.0010704807345131018,129
石,0.0010679149820845835,128
種,0.0010604144149232164,127
得,0.0010574500137601195,126
広,0.0010499231041714019,124
男,0.0010489589713286174,124
考,0.0010420115951427222,123
造,0.0010371277091031361,122
項,0.001034528589599737,121
城,0.001027806002127707,120
義,0.0010261587223344693,119
宮,0.0010257495366287062,119
流,0.0010238195147814766,119
園,0.001019952446439265,118
備,0.0010106799119951049,116
基,0.001008583054774137,115
屋,0.0010050777557684132,115
決,0.0010009648247705227,114
改,0.0009995581391474273,114
任,0.000996672765266493,113
愛,0.0009943247769043095,112
相,0.0009928671625881735,112
注,0.0009880605476689786,111
心,0.0009862253585602998,111
意,0.0009804247560470936,109
古,0.0009795870668557471,109
収,0.000977990715755439,109
無,0.0009761678197794943,109
門,0.0009758675161072317,108
真,0.0009734282073300404,108
進,0.0009705586389054943,107
計,0.000970265359880429,107
術,0.0009684126091533685,107
少,0.0009659100785505137,106
解,0.0009639449334666317,106
権,0.000962285360540549,106
技,0.0009622537496276617,106
研,0.0009564461224672582,104
武,0.0009491334646214433,103
安,0.000947124415491829,102
朝,0.0009453998645780892,102
脚,0.0009368526249682319,100
球,0.0009337196322697361,99
福,0.0009331822467507633,99
情,0.0009308851870816204,99
建,0.0009299807637409563,99
馬,0.0009285670534705526,98
向,0.0009281965033250961,98
約,0.0009211455135915703,97
営,0.0009196527760388928,96
育,0.0009164881724275098,96
様,0.0009111722705784642,95
光,0.0009093476184406368,94
統,0.0009074983800373415,94
域,0.0009042406998490682,93
監,0.0009034750132925762,93
由,0.0008986631298879555,92
英,0.0008979062241405433,92
止,0.0008961570869614466,91
崎,0.000894746889014586,91
支,0.0008861697946537239,89
撃,0.0008819146145480072,88
転,0.000881105023945894,88
直,0.0008790643639033924,88
府,0.0008789080655009496,88
死,0.0008785076606043773,88
戸,0.0008742243819095386,87
橋,0.0008693721067826177,86
究,0.0008659967637519861,85
谷,0.000855515989971134,83
阪,0.0008531293660487549,82
色,0.0008509113336618856,82
伝,0.0008478872229964463,81
装,0.0008465859070830861,81
両,0.0008462803349251757,81
格,0.0008397087773702738,79
土,0.0008361718674514407,79
呼,0.0008353095919947373,78
字,0.0008332197594210777,78
常,0.0008329141872632784,78
存,0.0008202715782738013,75
題,0.0008196938010328614,75
督,0.0008161200117159373,74
配,0.0008160058611971222,74
移,0.0008149451394537932,74
彼,0.0008131679036854633,74
兵,0.0008094641583931139,73
佐,0.0008018318790949941,71
再,0.0007968935520386022,70
可,0.0007962595776193071,70
引,0.0007825878577994994,67
構,0.000781418254023003,67
官,0.000774843184144336,66
類,0.0007702701387479749,65
強,0.0007698837831461303,64
族,0.0007674075949707371,64
声,0.0007611187794697161,63
施,0.0007588585991989971,62
乗,0.0007532933223706184,61
星,0.0007506292248797841,60
命,0.0007485288553351621,60
協,0.0007434535476563697,59
寺,0.0007408228172401943,58
江,0.0007316275539164252,56
白,0.0007314554500572612,56
吉,0.0007303648735630386,56
調,0.0007272828095574724,55
果,0.0007250191169629883,55
状,0.0007248487692658179,55
料,0.0007211081445751555,54
曜,0.0007118847826621533,52
千,0.0007087781323910081,51
万,0.0007069763103568771,51
競,0.0007067005929500825,51
師,0.0007066689820373062,51
株,0.0007024331197115208,50
起,0.0006962531862440002,49
先,0.0006942371124669666,48
紀,0.0006932009769893277,48
葉,0.0006919312719887438,48
住,0.0006887315451408194,47
河,0.000686374775969445,47
着,0.00068494174791911,46
覧,0.0006820704233325703,46
達,0.0006815716733739041,46
艦,0.0006790357756962795,45
器,0.000677010921110277,45
試,0.0006756428710473772,44
津,0.0006739745173122147,44
旧,0.0006728084258592615,44
論,0.0006722359171038583,44
退,0.0006639626387390241,42
陸,0.0006598918556248723,41
管,0.0006597583873262369,41
資,0.0006585641972840506,41
良,0.0006567781807064188,40
十,0.0006564603154158855,40
各,0.0006554434977182888,40
級,0.000654287943236409,40
降,0.0006542299898961712,40
問,0.0006528004741692683,39
載,0.0006524650472604643,39
親,0.0006515290130069129,39
側,0.0006441074731278196,38
青,0.0006430151404717144,37
条,0.0006392306117354307,37
党,0.0006348208893890428,36
風,0.0006342922846791499,35
列,0.0006288938432243985,34
劇,0.0006273132975803675,34
周,0.0006269989446134883,34
巻,0.0006254096181604885,34
速,0.0006241328885124853,33
花,0.000622619077017994,33
影,0.0006216250894242048,33
沢,0.0006207171537598866,33
久,0.0006196371142365154,32
更,0.0006196019909999739,32
座,0.0006148849403339041,31
半,0.0006145934174706102,31
応,0.0006140929113501725,31
件,0.0006121330347516052,31
示,0.0006121031800006005,31
判,0.0006090667762024271,30
容,0.0006087050068661615,30
職,0.0006084644126960193,30
過,0.0006083432375298958,30
落,0.0006058424630889236,29
予,0.0006042285503702338,29
廃,0.0006035120363450108,29
四,0.0006032784668221769,29
著,0.0005987317638531664,28
典,0.0005979906635622534,28
八,0.0005979520280021688,28
衛,0.0005957901927936549,27
専,0.0005954723275031215,27
司,0.0005946153205316218,27
図,0.0005943712140378254,27
認,0.0005930979967135874,27
限,0.0005928960381034187,27
室,0.0005925746604892312,27
観,0.0005920126887046795,26
商,0.0005908220109863693,26
港,0.0005907342028950158,26
攻,0.0005894715225416292,26
夫,0.0005870603123538931,25
反,0.0005870568000301279,25
修,0.0005855552816684817,25
打,0.0005843786532446771,25
森,0.0005811683894256792,24
詞,0.0005802938208361308,24
領,0.0005783005771629046,24
頭,0.0005770712638842879,23
米,0.000575011286061855,23
継,0.0005744510704390748,23
離,0.0005707192265577143,22
船,0.0005686258816604006,21
円,0.0005677548253943954,21
父,0.0005668995745848893,21
食,0.0005642495263886715,21
接,0.0005620543241053877,20
量,0.0005614466921134431,20
概,0.0005613764456403603,20
切,0.0005603648964283003,20
防,0.0005567173483144172,19
洋,0.0005539865166742652,18
急,0.0005533736161966729,18
浜,0.000553140046673839,18
便,0.0005528046197649239,18
航,0.0005527642280428458,18
氏,0.0005504179958426558,18
係,0.0005476116492437733,17
庫,0.0005474167152810239,17
足,0.0005458835860064903,17
及,0.0005453760552385223,16
催,0.0005449703818566354,16
単,0.0005441274241798633,16
歳,0.0005428735246357785,16
味,0.00054176187419952,16
査,0.0005400742026840932,15
芸,0.0005399776137837708,15
母,0.0005399723452982341,15
殺,0.0005397616058790966,15
異,0.000537139656272001,15
込,0.0005354010560636446,14
念,0.0005345264874740963,14
独,0.0005312003169745116,13
思,0.0005300711049200935,13
横,0.0005279180505207703,13
規,0.0005263199432585797,12
担,0.0005255033280091581,12
春,0.000525315418693717,12
走,0.0005230253836719934,12
争,0.000521360542260263,11
五,0.0005211445343556997,11
波,0.0005208811100817501,11
投,0.0005200293715957871,11
黒,0.0005193866163673011,11
例,0.0005173494686484537,11
態,0.0005138055340824232,10
派,0.0005115716962391659,9
創,0.0005115400853261676,9
復,0.0005104951690394488,9
央,0.0005104512649937165,9
魔,0.0005091376559475114,9
医,0.0005081454245154937,9
助,0.0005069916261953855,8
企,0.0005068230346600977,8
今,0.0005042695753642024,8
挙,0.0005039218553225533,8
聞,0.0005030894346168546,7
将,0.0005024431670646035,7
奈,0.0004990818733285884,7
岩,0.0004980615433073377,6
客,0.000496610953638621,6
博,0.0004960472256922976,6
介,0.0004959383436590192,6
敗,0.0004925173404209948,5
富,0.0004924769486988056,5
完,0.0004917569223500395,5
林,0.0004914179831174703,5
護,0.0004910368960011624,5
済,0.0004901798890296627,5
去,0.0004894932297555554,5
供,0.00048588080487843577,4
警,0.00048545405755440196,4
清,0.00048112336249017673,3
籍,0.00048007317771792124,3
御,0.0004799239039625647,3
程,0.00047986595062243786,2
省,0.00047630972292356244,2
守,0.00047518051086903323,1
病,0.00047432526005963815,1
尾,0.0004729326237310483,1
略,0.00047284305947792316,1
害,0.0004726955418845602,1
帝,0.0004717911185437851,1
導,0.00047050033960127635,0
渡,0.00047005778682107646,0
火,0.00046977153244320835,0
好,0.0004689636980030887,0
委,0.00046791702555448733,0
宇,0.00046716363213084033,0
衆,0.0004670126022137122,0
準,0.00046632594293960494,0
展,0.0004641957186438672,-1
飛,0.0004637004810089662,-1
質,0.0004633527609672061,-1
刊,0.0004630313833529076,-1
闘,0.0004617107496593942,-1
素,0.0004603620173765366,-2
増,0.0004599563439946497,-2
率,0.0004593522243262482,-2
徳,0.0004584723872511631,-2
皇,0.0004580913001348552,-2
験,0.00045798768658711353,-2
比,0.0004573150766074008,-2
残,0.00045708150708456685,-2
提,0.0004570007236405216,-2
必,0.0004558047774366747,-3
与,0.0004553306137434765,-3
辺,0.00045203605415677917,-3
旅,0.0004518779995924538,-3
追,0.00044943517849171943,-4
雄,0.00044845172786889265,-4
積,0.0004483077225990728,-4
根,0.00044821464602218253,-4
銀,0.0004481672296529071,-4
志,0.0004478721944660702,-4
赤,0.00044695899031632624,-5
秋,0.00044507462867626746,-5
首,0.0004405630489439094,-6
消,0.00044056129278213785,-6
標,0.0004400660551470148,-6
張,0.0004395673051882376,-6
章,0.0004359987843567392,-7
献,0.00043568618755152055,-7
含,0.0004353384675098715,-7
般,0.0004328025698323579,-8
仕,0.0004326673453717289,-8
香,0.00043076366595162785,-8
従,0.00043006646970655815,-8
賀,0.000429506254083889,-8
堂,0.0004283506996020092,-9
告,0.00042817508341941313,-9
末,0.0004251667782104729,-9
了,0.0004237881911766106,-9
授,0.0004230049430019589,-10
没,0.0004228100090392095,-10
泉,0.0004215192300967008,-10
帯,0.00042056739038665025,-10
確,0.00041992463515816425,-10
境,0.00041908167748139213,-10
友,0.0004178277779373074,-11
夜,0.0004175239619412796,-11
感,0.00041688998752187345,-11
倉,0.000416793398621329,-11
差,0.00041598556418120936,-11
里,0.00041379387422169067,-12
失,0.00041163379517494825,-12
勢,0.00041047472836941434,-12
宗,0.0004096510884727955,-12
補,0.0004092278534726379,-13
照,0.0004083427479120161,-13
未,0.0004079230252354016,-13
豊,0.00040788438967531704,-13
細,0.00040709938533878276,-13
蔵,0.0004064302876828352,-13
併,0.00040614578946696067,-13
想,0.0004049428186158055,-14
響,0.0004039593679928677,-14
丁,0.00040319894992202343,-14
察,0.0004027265423907078,-14
舞,0.00039933715006534865,-15
破,0.00039797963697352223,-15
興,0.0003976336730936447,-15
血,0.00039749669247113317,-15
写,0.0003955245227399429,-16
坂,0.0003948659620549577,-16
右,0.0003948080087147199,-16
令,0.00039478517861091245,-16
聖,0.0003944550201875341,-16
九,0.00039426886703397557,-16
児,0.0003942477930919397,-16
陽,0.00039414944802973473,-16
玉,0.0003937701170751984,-16
評,0.00039363840493822355,-16
非,0.0003927936910996799,-16
永,0.0003927743733195266,-16
視,0.00039169082147250123,-16
郵,0.00039146076427332144,-16
角,0.00039010500734315556,-17
街,0.0003890636033799799,-17
越,0.00038509818997567447,-18
源,0.0003827888371736865,-18
鳥,0.00038276249474633595,-18
象,0.00038221984074182647,-18
織,0.0003813206858866991,-19
個,0.000380354796882143,-19
述,0.00037998775906034066,-19
階,0.00037751157088494747,-19
誌,0.000376203230324057,-20
価,0.0003748984020869317,-20
秀,0.0003739465623769922,-20
宝,0.00037236601673307224,-20
築,0.0003722764524799471,-20
績,0.00037206220073704444,-21
若,0.0003707468355289567,-21
断,0.0003701936445535958,-21
仮,0.0003696545028728515,-21
丸,0.0003694964483085261,-21
就,0.00036590158504945514,-22
悪,0.0003646705156090668,-22
検,0.0003646547101526787,-22
帰,0.00036455460892848013,-22
毎,0.00036391009753822257,-22
卒,0.00036382404560864057,-22
停,0.0003635781829529616,-22
祭,0.00036333583262093683,-22
短,0.0003614181039062192,-23
左,0.000361251268532814,-23
歩,0.000360411823179696,-23
環,0.000358200815440024,-23
頃,0.0003578249968091418,-24
講,0.0003571629238005025,-24
販,0.00035587038869622223,-24
革,0.0003549606968700214,-24
弾,0.00035361723307270054,-24
週,0.000353578597512505,-24
読,0.00035169072354890307,-25
課,0.0003503349666188482,-25
除,0.0003497729948344075,-25
段,0.00034909511636926904,-25
然,0.0003488018373443147,-25
夏,0.00034412517840010093,-26
早,0.0003434490560969561,-27
留,0.00034277117763181764,-27
池,0.00034244277537032186,-27
瀬,0.0003421600333162189,-27
算,0.00034005088296251706,-27
薬,0.0003386038056174545,-28
模,0.0003372989773802182,-28
深,0.000337046090077342,-28
漫,0.0003368054959069777,-28
居,0.0003363752362595118,-28
財,0.00033614342289844945,-28
浦,0.0003355937442467427,-28
房,0.00033432228308427625,-29
樹,0.0003338446070674239,-29
農,0.00033297530696330124,-29
割,0.000332673247129156,-29
換,0.0003324554830625992,-29
超,0.0003319707823985496,-29
健,0.00033179692237761405,-29
甲,0.00032827054942996536,-30
訳,0.00032762779420136834,-30
百,0.0003273116850727176,-30
満,0.00032699557594384476,-30
極,0.00032643360415940403,-30
鹿,0.00032618422917995993,-30
跡,0.00032535180847415024,-31
庁,0.00032504272399280776,-31
弟,0.0003245597794904187,-31
奏,0.00032396092830755396,-31
塚,0.0003217183096549947,-31
整,0.00032146191002835334,-31
低,0.0003196565756706793,-32
案,0.00031948271564985475,-32
射,0.0003186924428278948,-32
証,0.00031823057226743057,-32
群,0.0003148201060003686,-33
華,0.0003146673199213579,-33
援,0.0003145461447553455,-33
何,0.0003143757970581751,-33
郷,0.00031382611840657937,-33
推,0.00031276364050136785,-33
遠,0.0003117222365383032,-33
幸,0.0003108230816829538,-34
幕,0.0003107703968283637,-34
温,0.00031023301130927994,-34
複,0.00031019613191096695,-34
採,0.0003095551328442525,-34
板,0.00030890359680668666,-34
藩,0.0003088280818480671,-34
私,0.00030744773865243324,-34
難,0.0003070807008306309,-34
負,0.00030656614541546556,-35
養,0.00030479593429433294,-35
習,0.0003045360223439264,-35
岸,0.0003022547681312826,-35
効,0.0003021265683179619,-35
植,0.0003019105604132877,-36
違,0.0003016822593757684,-36
精,0.00030119053406441054,-36
沿,0.00030095696454135457,-36
盤,0.0003008849619066112,-36
療,0.00030022991354516915,-36
遺,0.0002999419030057515,-36
振,0.0002996135007441447,-36
談,0.00029920958352391835,-36
徒,0.000299002356428546,-36
婚,0.000298175204208162,-36
延,0.0002978239718428588,-36
撮,0.00029751137503775116,-36
恋,0.0002963487959084521,-37
密,0.000296332990452175,-37
伴,0.0002956252572359208,-37
席,0.00029504923615697454,-37
普,0.00029462248883294073,-37
竹,0.0002946137080239719,-37
臣,0.0002945698039782396,-37
材,0.0002939340733969509,-37
為,0.00029240796876983666,-38
望,0.0002908695710096554,-38
策,0.0002905833166318983,-38
静,0.0002903725772127608,-38
突,0.00029018642405909123,-38
枚,0.00028985802179759546,-38
求,0.0002892258035400719,-38
描,0.00028913623928683574,-38
羽,0.00028898872169336176,-38
砲,0.00028773482214927704,-39
順,0.0002867671769828384,-39
絵,0.00028675664001187595,-39
妻,0.00028558528007349704,-39
働,0.00028511111638040987,-39
獲,0.00028471597996937437,-39
端,0.00028437879689879875,-39
諸,0.00028424884092348446,-39
六,0.0002841926437451292,-39
宿,0.00028196758671084066,-40
背,0.00028161986666908057,-40
囲,0.00028120365631634225,-40
枠,0.00028069963787202834,-40
替,0.00027945451913702346,-40
寄,0.0002776930888249707,-41
処,0.00027747181243487073,-41
刑,0.0002772136566463468,-41
裁,0.00027503777214321623,-41
盟,0.0002747005890725296,-41
亡,0.00027413861728797784,-41
兄,0.00027367147824219895,-42
舎,0.000273425615586409,-42
徴,0.0002727108577230686,-42
給,0.0002722718172663008,-42
故,0.00027007310265958484,-42
功,0.0002699484151698073,-42
爆,0.0002697411880743239,-42
康,0.0002690194055636752,-43
雑,0.00026900184394529347,-43
草,0.0002688806687792811,-43
秒,0.000267890193509146,-43
休,0.0002672527067660857,-43
識,0.0002653718574497921,-43
敵,0.0002647940802088522,-43
布,0.0002645447052295191,-43
娘,0.0002629009377599356,-44
熊,0.00026221779080926044,-44
七,0.0002606267081944891,-44
輸,0.00025939563875410077,-45
輪,0.00025758679207266155,-45
液,0.000257425225184571,-45
圧,0.0002573058061804412,-45
扱,0.00025693701219686726,-45
紙,0.0002568386671345513,-45
険,0.0002565699743751759,-45
翌,0.0002557393098311378,-45
熱,0.0002549068891253281,-46
宙,0.0002548331303285911,-46
姿,0.00025474180991369444,-46
邦,0.0002534404940002233,-46
揮,0.00025226386557630764,-46
乱,0.0002520478576717444,-46
緯,0.00025190736472557873,-46
幼,0.0002514490064888797,-46
貴,0.0002510837248288489,-46
恵,0.00025098362360487236,-46
韓,0.00025017754532641323,-47
労,0.000249195850865358,-47
副,0.00024892013345856334,-47
景,0.0002471920702212804,-47
具,0.00024630520849888704,-47
壊,0.0002461137868597918,-47
探,0.00024602597876843824,-47
湾,0.0002451777526061294,-48
絶,0.00024501267339460675,-48
搭,0.0002420271982892519,-48
服,0.0002419323655508121,-48
岐,0.00024093135330949256,-49
麻,0.00024059943872434264,-49
許,0.00023988292469911965,-49
昇,0.0002391400682465461,-49
頼,0.00023867644152431033,-49
純,0.00023860795121299905,-49
忠,0.00023775270040349294,-49
返,0.00023747873915858086,-49
抜,0.00023689569343210426,-49
遊,0.00023687110716663629,-49
操,0.00023679032372248,-49
減,0.0002367604689714753,-49
亜,0.00023658134046522505,-49
札,0.0002363899188261298,-50
息,0.0002356066706513671,-50
拠,0.0002351167015018918,-50
捕,0.00023500255098307665,-50
宅,0.00023475493216562615,-50
幅,0.00023430535473789593,-50
貨,0.00023292149921860794,-50
費,0.00023274763919789443,-50
栄,0.0002324982642183393,-50
因,0.0002315042766246611,-51
閉,0.0002308299104831768,-51
則,0.0002308299104831768,-51
節,0.00022994129259901186,-51
詳,0.00022901755147819447,-51
怪,0.00022835723463132673,-51
仲,0.0002281236651084928,-51
鈴,0.00022788307093823956,-51
印,0.00022768989313726173,-51
隣,0.00022727017046075826,-51
笑,0.0002266063412903474,-52
滅,0.000225731772700688,-52
仙,0.00022555264419443777,-52
況,0.00022549293469220633,-52
倒,0.00022510482292859013,-52
値,0.00022451650871679885,-52
沖,0.00022450245942207125,-52
被,0.00022345929929712405,-52
掲,0.00022339432130957793,-52
盛,0.0002233714912057705,-52
途,0.00022327841462899123,-52
覚,0.00022126585317572278,-53
潟,0.00021996278110048006,-53
抗,0.0002193656860793869,-53
竜,0.00021880547045671772,-53
俳,0.00021861053649396833,-53
並,0.0002184788243569935,-53
候,0.00021780445821562022,-53
審,0.00021776055416988793,-53
散,0.0002177148939624951,-53
毛,0.0002164399204763745,-54
矢,0.00021566545311080265,-54
夢,0.0002155653518867151,-54
黄,0.00021553725329748197,-54
喜,0.00021485761867068298,-54
君,0.00021439750427199034,-54
測,0.0002135457657862494,-54
脱,0.00021269929578571212,-55
躍,0.0002124534331301442,-55
戻,0.00021174043142846433,-55
酸,0.00021103972285962946,-55
待,0.0002105638030046597,-55
隆,0.00021043384702956747,-55
桜,0.00020870051530674782,-55
剣,0.00020848099507830842,-55
距,0.00020843182254726145,-55
軽,0.00020835981991229602,-55
襲,0.00020757657173775534,-56
仁,0.0002073851500986601,-56
巨,0.00020726397493253668,-56
承,0.00020712523814825357,-56
激,0.00020697245206935388,-56
老,0.00020567464847953687,-56
誕,0.00020562898827203302,-56
障,0.00020552537472429133,-56
携,0.00020522682721380026,-56
練,0.00020520750943364696,-56
辞,0.00020511618901863926,-56
弁,0.0002038289223998957,-56
奥,0.00020340393123774447,-57
駆,0.0002029122059263866,-57
紹,0.00020259258447397066,-57
幹,0.0002025153133534685,-57
宣,0.0002020920783534219,-57
閣,0.00020194807308349105,-57
救,0.00020193051146533136,-57
惑,0.00020157752293814557,-57
契,0.00020156874212906573,-57
災,0.00020150025181786546,-57
礎,0.00020109457843586753,-57
湖,0.00020091193760585213,-57
兼,0.00020023230297905315,-57
片,0.00020020069206616586,-57
執,0.0001998213611115185,-57
億,0.00019980731181701294,-57
締,0.00019903635677520626,-57
姫,0.0001987904941194163,-58
似,0.00019826013324775182,-58
慶,0.00019791943785341104,-58
騎,0.00019768762449234867,-58
罪,0.0001976489889321531,-58
適,0.00019700798986543866,-58
雲,0.00019486547243707797,-58
敷,0.00019473727262375728,-58
逆,0.00019472673565268384,-58
至,0.00019429823216710052,-58
署,0.0001935044470214864,-59
殿,0.0001926597331828317,-59
秘,0.00019231025697941107,-59
稲,0.0001918589233900203,-59
傷,0.00019070161274625796,-59
票,0.0001904943856507746,-59
妹,0.00018999739185376896,-59
掛,0.0001889946234508999,-60
裏,0.00018885061818108007,-60
霊,0.00018871714988222266,-60
善,0.00018853802137597242,-60
雪,0.00018841860237173158,-60
吹,0.00018796200029691512,-60
杉,0.00018795848797314996,-60
酒,0.0001878952661473754,-60
鮮,0.00018757740085684205,-60
庭,0.00018728587799365926,-60
須,0.00018614437280628504,-60
圏,0.00018592660873995026,-60
旗,0.00018584055681025724,-60
哲,0.00018493613346970417,-60
律,0.00018456733948613024,-61
易,0.00018424947419548587,-61
訪,0.00018369101473458826,-61
震,0.00018336963712040077,-61
仏,0.000183004355460481,-61
巡,0.00018264082996233277,-61
占,0.0001824581891324284,-61
拡,0.00018210168828158846,-61
固,0.00018192255977533822,-61
沼,0.00018083198328100458,-61
銃,0.00018016112946328544,-62
魚,0.00017926021844616447,-62
顔,0.00017834350197276638,-62
犯,0.00017830135408891667,-62
筆,0.00017829784176526253,-62
祖,0.00017784650817587178,-62
裕,0.0001771054078850698,-62
禁,0.00017610615180574385,-62
詩,0.00017598146431596629,-62
範,0.00017504367390075437,-63
益,0.00017504367390064335,-63
鬼,0.00017495762197106135,-63
俊,0.0001748715700417014,-63
姉,0.0001748522522615481,-63
臨,0.00017371952788347578,-63
埼,0.0001720669796045904,-63
憲,0.0001719141935256907,-63
肉,0.00017148217771645324,-63
症,0.00017146110377441737,-63
浅,0.00017105191806887632,-63
勤,0.00017074107742565126,-64
丘,0.00017049872709351543,-64
駐,0.00017042672445866103,-64
塩,0.00017011588381532494,-64
鶴,0.00017002456340031724,-64
衣,0.00016960659688558533,-64
縄,0.0001692869754331694,-64
摩,0.00016923429057846828,-64
伸,0.00016881808022550793,-64
茶,0.0001683210864285023,-64
層,0.00016828771935395448,-64
軌,0.00016795053628315681,-64
暴,0.00016788907061926484,-64
茂,0.00016734817277663794,-64
焼,0.0001661118348507129,-65
券,0.00016496154885436987,-65
買,0.00016462436578368322,-65
那,0.00016386394771272794,-65
危,0.00016360930424796916,-65
季,0.0001632352417788585,-65
柳,0.00016318431308592896,-65
犬,0.0001628418615297056,-65
獣,0.0001627382479819639,-65
牧,0.0001625134592680988,-65
奪,0.000162172763873758,-65
舗,0.00016194446283634978,-65
漢,0.00016055007034609936,-66
堀,0.00016029893920477267,-66
荒,0.0001595631073995074,-66
混,0.00015931900090571105,-66
額,0.0001591433847228929,-66
油,0.00015913636007569565,-66
露,0.00015798958640289573,-66
融,0.0001569235961742521,-66
双,0.0001566197801782243,-67
緑,0.0001562562546800761,-67
逃,0.00015549934893288597,-67
希,0.000154598437915765,-67
染,0.00015411549341359798,-67
暗,0.00015378884731376274,-67
飯,0.0001534024917119181,-67
折,0.0001532339001766303,-67
請,0.00015311448117238946,-67
雅,0.00015248928756206315,-67
釈,0.00015146544521726923,-68
冷,0.00015137412480226153,-68
冬,0.00015111596901373758,-68
暦,0.00015069975866088825,-68
欧,0.0001506418053206504,-68
砂,0.0001499797323119001,-68
童,0.00014967240399232917,-68
迎,0.00014963025610847946,-68
納,0.00014926321828678812,-68
孝,0.00014892076673056476,-68
隠,0.00014890144895041146,-68
刻,0.00014816912946880034,-68
塁,0.00014643228542232656,-69
聴,0.00014634272116920144,-69
税,0.00014627598701977274,-69
孫,0.0001460898338661032,-69
翼,0.0001460792968952518,-69
綱,0.00014596339021455407,-69
陣,0.0001455559606708956,-69
伯,0.00014525565699852194,-69
骨,0.00014504491757938442,-69
訓,0.0001449184739278353,-69
腕,0.0001445426552969531,-69
我,0.00014446714033833352,-69
願,0.00014389463158293037,-69
湯,0.00014317460523405323,-69
雨,0.00014294103571110828,-69
床,0.0001429269864164917,-69
寿,0.0001424738966653294,-70
唱,0.00014212968894722344,-70
厚,0.0001421015903579903,-70
押,0.00014160986504663242,-70
吸,0.0001415852787809424,-70
互,0.00014087754556491028,-70
婦,0.00014068436776404347,-70
依,0.00013977994442326835,-70
免,0.00013973955270130123,-70
潜,0.00013942168741076788,-70
梨,0.0001385945351903839,-70
奇,0.0001385032147753762,-70
苦,0.0001382292535304641,-70
燃,0.00013813617695357383,-70
唯,0.0001380729551279103,-71
貫,0.00013735117261715057,-71
齢,0.00013709301682873765,-71
余,0.00013705086894477692,-71
批,0.00013634840421428152,-71
均,0.00013624303450454622,-71
礼,0.00013600595265805815,-71
討,0.000135916388404822,-71
緒,0.00013558271765790053,-71
潮,0.00013469585593539612,-71
核,0.00013458521774034615,-71
雷,0.00013438677145394262,-71
譲,0.00013395299948271155,-71
維,0.00013383182431681018,-71
阜,0.0001337879202710779,-71
架,0.0001335754246900578,-71
快,0.00013325580323764186,-72
鎮,0.00013313111574797531,-72
捜,0.00013296603653623063,-72
勇,0.0001321722513906165,-72
虫,0.00013198785439882954,-72
弱,0.0001312133870333687,-72
欠,0.00013094820659753648,-72
寛,0.00013087796012445363,-72
網,0.00012954854562174933,-72
濃,0.00012921311871294527,-72
恐,0.00012900062313181415,-72
誘,0.00012861602369196312,-73
誠,0.00012849309236395712,-73
較,0.0001279908300816368,-73
避,0.0001278995096666291,-73
才,0.00012742885829708506,-73
簡,0.0001272989023218818,-73
梅,0.00012708289441731857,-73
既,0.00012704074653346886,-73
訴,0.00012676678528844576,-73
繁,0.0001266438539606618,-73
封,0.0001258728989187441,-73
飾,0.00012559015686464114,-73
疑,0.00012538292976915777,-73
縮,0.00012522663136660395,-73
侵,0.00012400083041164134,-74
紅,0.00012354949682225058,-74
穂,0.00012329134103372663,-74
触,0.00012326851093003022,-74
炎,0.0001230138674651604,-74
亀,0.00012299981817043282,-74
縁,0.00012257307084673208,-74
彩,0.00012244838335695452,-74
茨,0.00012222359464320043,-74
偵,0.0001217933349956235,-74
否,0.00012159313254744841,-74
厳,0.00012132443978796204,-74
択,0.00012123311937306536,-74
夕,0.00012122785088741761,-74
芝,0.0001211154565307071,-74
抱,0.00012067465991205673,-74
殊,0.00012065709829389704,-74
鑑,0.00012064831748481719,-74
答,0.00012056226555523519,-74
遣,0.00012033396451782696,-74
髪,0.00012000029377068344,-74
繰,0.00011976672424784951,-74
筋,0.0001192627058035356,-75
豪,0.00011895010899853897,-75
偶,0.00011875693119756114,-75
挑,0.00011875517503567856,-75
申,0.0001186989778573233,-75
誉,0.00011860414511855044,-75
眼,0.00011833369619740353,-75
壁,0.00011820900870762596,-75
晴,0.00011812646910180913,-75
輝,0.00011726946213042044,-75
敬,0.0001168725695577244,-75
歯,0.00011623859513820722,-75
柄,0.00011623332665278152,-75
刀,0.00011618239795985197,-75
枝,0.00011606297895550011,-75
丹,0.00011536402654865885,-75
弥,0.00011536227038677627,-75
束,0.00011526568148634286,-75
損,0.00011511640773109733,-75
菜,0.00011505494206720535,-75
脳,0.00011499347640320234,-75
塔,0.00011497240246127749,-75
羅,0.00011494079154850123,-75
鏡,0.00011479503011679881,-75
浮,0.0001145351181665033,-76
払,0.00011433140339456305,-76
乳,0.00011404866134057112,-76
滝,0.00011297740262627975,-76
還,0.00011287554524042065,-76
墓,0.00011286500826945822,-76
荷,0.0001128351535183425,-76
岳,0.00011244001710741802,-76
倍,0.00011217483667158579,-76
底,0.00011196234109056569,-76
責,0.00011144251718997467,-76
託,0.00011094552339296904,-76
爵,0.00011077868801945279,-76
己,0.00011070317306094424,-76
菊,0.00011008676025980879,-76
絡,0.00010970040465796416,-77
儀,0.00010950898301886891,-77
窓,0.00010892593729250333,-77
牛,0.00010877315121349262,-77
排,0.00010737173407593392,-77
渋,0.00010726636436642067,-77
到,0.00010703103868159314,-77
尊,0.00010695552372308459,-77
胞,0.00010680449380595647,-77
轄,0.00010678341986403161,-77
招,0.000106298719199871,-77
飲,0.00010624076585963316,-77
鉱,0.00010597031693837522,-77
募,0.00010593870602548794,-77
杯,0.0001057947007556681,-77
傾,0.00010570689266442557,-77
遅,0.00010556991204191402,-77
灯,0.00010549790940694859,-77
覇,0.00010538200272647291,-77
撤,0.00010523624129488152,-78
尚,0.00010493242529885372,-78
泰,0.00010485866650211673,-78
盗,0.00010469534345225462,-78
征,0.00010418430036074344,-78
桃,0.00010417376338978102,-78
械,0.00010399990336895648,-78
貞,0.00010384536112828524,-78
午,0.00010368203807831211,-78
冠,0.00010367501343100383,-78
附,0.00010354681361768314,-78
忍,0.00010347305482105718,-78
艇,0.00010331851258016389,-78
冒,0.00010316221417772109,-78
崩,0.00010309723619006395,-78
包,0.00010241760156326496,-78
皮,0.00010177133401101379,-78
索,0.00010157991237191855,-78
敏,0.00010143941942586387,-78
沙,0.00010041908940461308,-79
畑,0.0001003260128277228,-79
充,9.993614490233504e-05,-79
陰,9.985360529640719e-05,-79
剛,9.958315637514925e-05,-79
威,9.955330162414455e-05,-79
鎌,9.881571365688568e-05,-79
氷,9.877005344949286e-05,-79
鳴,9.868927000544758e-05,-79
嫌,9.85417524119736e-05,-79
伏,9.833276915460765e-05,-79
剤,9.807285720431214e-05,-79
佳,9.79183149636409e-05,-79
炭,9.759166886380566e-05,-79
稚,9.736161166451485e-05,-79
鎖,9.712804214168091e-05,-79
箱,9.67645166435327e-05,-79
縦,9.67399303779537e-05,-79
徹,9.664334147740927e-05,-79
暮,9.662402369747802e-05,-79
購,9.657485116620901e-05,-79
垣,9.625874203744722e-05,-79
駒,9.625522971379308e-05,-79
困,9.613054222412654e-05,-79
刺,9.613054222412654e-05,-79
却,9.577755369705176e-05,-80
奉,9.563530458900349e-05,-80
朗,9.561423064718966e-05,-80
致,9.528758454735442e-05,-80
拓,9.457458284578557e-05,-80
斎,9.44639446507356e-05,-80
賢,9.42813038207202e-05,-80
析,9.406002743062025e-05,-80
柔,9.3868605791525e-05,-80
衝,9.381416477494131e-05,-80
荘,9.36139623266552e-05,-80
拳,9.290622911051205e-05,-80
咲,9.273588141345268e-05,-80
幻,9.270602666233696e-05,-80
径,9.252865431785828e-05,-80
妖,9.245665168289285e-05,-80
芳,9.233196419333733e-05,-80
誤,9.231615873683818e-05,-80
軸,9.224766842563792e-05,-80
唐,9.214932336332193e-05,-80
即,9.202814819719851e-05,-80
浪,9.199653728442225e-05,-80
看,9.164354875723646e-05,-80
閲,9.14240285290191e-05,-80
針,9.138714913059509e-05,-80
姓,9.117465354957499e-05,-81
謀,9.075141854930635e-05,-81
狭,9.072683228383838e-05,-81
往,9.071980763653009e-05,-81
又,9.051082437916413e-05,-81
迫,9.037384375665258e-05,-81
沈,9.017012898471233e-05,-81
勲,8.995236491826653e-05,-81
頂,8.983821439956241e-05,-81
踏,8.940619859032495e-05,-81
如,8.933595211713108e-05,-81
序,8.926570564404823e-05,-81
峰,8.90022813702096e-05,-81
患,8.89039363077826e-05,-81
斉,8.873183244884064e-05,-81
涯,8.811015116216847e-05,-81
紫,8.811015116227949e-05,-81
脈,8.79696582161138e-05,-81
彰,8.795736508326879e-05,-81
診,8.782740910817655e-05,-81
干,8.771501475124399e-05,-81
弦,8.739714946059962e-05,-81
貢,8.733217147316452e-05,-81
栃,8.729177975097535e-05,-81
豆,8.694932819486301e-05,-81
趣,8.666834230264264e-05,-81
獄,8.643652894146925e-05,-82
妙,8.635398933576344e-05,-82
漁,8.630481680449442e-05,-82
毒,8.622754568410329e-05,-82
摘,8.619417860944445e-05,-82
麗,8.570420945985813e-05,-82
戒,8.564274379596615e-05,-82
棋,8.558830277927143e-05,-82
翻,8.514574999896052e-05,-82
洞,8.508428433506854e-05,-82
晶,8.491744896155229e-05,-82
筒,8.471373418961203e-05,-82
埋,8.452582487428195e-05,-82
怒,8.447665234301294e-05,-82
坊,8.348090858745216e-05,-82
誰,8.34176867616776e-05,-82
穴,8.312616389838379e-05,-82
祉,8.281181093150458e-05,-82
猫,8.274332062030432e-05,-82
鋼,8.24763840225895e-05,-82
腹,8.197060941650403e-05,-82
削,8.132258570259232e-05,-83
迷,8.123477761123876e-05,-83
隻,8.122950912581306e-05,-83
塾,8.112238325430621e-05,-83
葬,8.103984364848937e-05,-83
紋,8.088178908405297e-05,-83
滑,8.079573715469301e-05,-83
袋,8.043221165643377e-05,-83
俗,8.007044232027916e-05,-83
玄,8.000722049439357e-05,-83
呂,7.969286752751437e-05,-83
飼,7.92485585854319e-05,-83
洗,7.89570357222491e-05,-83
墳,7.89201563238251e-05,-83
渉,7.89008385436718e-05,-83
卓,7.881829893796599e-05,-83
謝,7.87989811578127e-05,-83
魂,7.865146356433872e-05,-83
磁,7.846355424889762e-05,-83
僚,7.840033242312305e-05,-83
賛,7.805261238158501e-05,-83
狙,7.760479111573737e-05,-83
裂,7.752225150992054e-05,-83
脇,7.741161331475954e-05,-83
滋,7.719560541019632e-05,-84
恒,7.71710191445063e-05,-84
糸,7.713062742253918e-05,-84
憶,7.708847953880049e-05,-84
耐,7.70744302440729e-05,-84
微,7.703052619845163e-05,-84
狩,7.68988140614768e-05,-84
棄,7.683734839758483e-05,-84
稿,7.669334312765397e-05,-84
祥,7.658094877094346e-05,-84
銅,7.650543381221286e-05,-84
棒,7.632454914419107e-05,-84
冊,7.622971640552922e-05,-84
硬,7.55465694550761e-05,-84
啓,7.534812316856154e-05,-84
輩,7.513211526399832e-05,-84
抑,7.494244978667464e-05,-84
眠,7.457541196487227e-05,-84
掘,7.435764789842647e-05,-84
克,7.421715495226078e-05,-84
菌,7.41556892883688e-05,-84
祝,7.403627028423898e-05,-84
桑,7.402924563681967e-05,-84
陥,7.399587856216083e-05,-84
踊,7.350415325069193e-05,-84
虎,7.348483547064966e-05,-84
逐,7.327233988962956e-05,-84
遷,7.313360310534645e-05,-84
該,7.302296491018545e-05,-84
借,7.275075982715595e-05,-84
葛,7.255055737886984e-05,-85
詰,7.254880121709828e-05,-85
嵐,7.232752482688731e-05,-85
僕,7.229767007588261e-05,-85
譜,7.207814984755423e-05,-85
揚,7.186565426653413e-05,-85
尋,7.186214194287999e-05,-85
旬,7.183579951552943e-05,-85
隔,7.148632331199778e-05,-85
乙,7.147227401738121e-05,-85
顕,7.127734005463182e-05,-85
帳,7.123694833255367e-05,-85
句,7.109294306284486e-05,-85
雇,7.101391578068217e-05,-85
蒸,7.096474324952418e-05,-85
塗,7.090152142374961e-05,-85
薄,7.087693515817062e-05,-85
欲,7.079790787600793e-05,-85
亭,7.075751615392978e-05,-85
陵,7.073468605023336e-05,-85
悲,7.066268341537896e-05,-85
披,7.058365613310524e-05,-85
浴,7.053097127840413e-05,-85
謎,7.052745895463897e-05,-85
顧,6.978460250206542e-05,-85
尉,6.965815885062732e-05,-85
痛,6.962479177574643e-05,-85
貸,6.905403918222586e-05,-85
奴,6.901891594568443e-05,-85
泊,6.892232704525103e-05,-85
享,6.870105065504006e-05,-85
媛,6.859743710729838e-05,-85
溶,6.85781193272561e-05,-85
刷,6.831996353873215e-05,-85
尻,6.826903484569158e-05,-85
磨,6.777028488702541e-05,-86
透,6.741554019806806e-05,-86
殖,6.737163615233577e-05,-86
挿,6.717845835146896e-05,-86
浄,6.709943106919525e-05,-86
寝,6.702567227256928e-05,-86
悟,6.691503407740829e-05,-86
拝,6.67271247620782e-05,-86
贈,6.671307546735061e-05,-86
珍,6.658311949225837e-05,-86
弓,6.653745928475452e-05,-86
届,6.642682108970455e-05,-86
逮,6.635833077839326e-05,-86
拒,6.61633968157549e-05,-86
括,6.614056671194746e-05,-86
仰,6.599480528024504e-05,-86
昼,6.59561697201605e-05,-86
曽,6.59017287035768e-05,-86
債,6.552239774904045e-05,-86
騒,6.549429915969629e-05,-86
斜,6.512550517623339e-05,-86
偽,6.504647789395968e-05,-86
僧,6.468646471957662e-05,-86
畿,6.46021689518772e-05,-86
斗,6.43896733708571e-05,-86
柱,6.421230102637843e-05,-86
卵,6.415961617156629e-05,-86
遂,6.405249030017046e-05,-86
償,6.394887675242877e-05,-86
棟,6.393307129592962e-05,-86
狂,6.369072096390482e-05,-86
曹,6.363803610909269e-05,-86
慮,6.35642773123557e-05,-86
煙,6.353793488500514e-05,-86
呉,6.333948859860161e-05,-86
抵,6.332368314210246e-05,-86
緊,6.327802293470963e-05,-86
幾,6.32358750507489e-05,-86
郊,6.313577382677238e-05,-87
淡,6.263351154423002e-05,-87
塞,6.242452828697509e-05,-87
賃,6.238589272677952e-05,-87
胸,6.221905735326327e-05,-87
耳,6.156576515370382e-05,-87
巣,6.126019299590446e-05,-87
随,6.10951137842708e-05,-87
涼,6.107755216600008e-05,-87
珠,6.072807596246843e-05,-87
握,6.069295272592701e-05,-87
捨,6.0536654323373185e-05,-87
旋,6.048396946867207e-05,-87
肥,6.047343249759862e-05,-87
慎,6.0396161377318514e-05,-87
闇,6.013624942691198e-05,-87
箇,5.995185243512502e-05,-87
滞,5.988160596204217e-05,-87
斬,5.978150473795463e-05,-87
廷,5.9748137663295786e-05,-87
甘,5.9700721293909353e-05,-87
琴,5.9576033804353834e-05,-87
乾,5.954442289135553e-05,-87
撲,5.951281197846825e-05,-87
寒,5.922304527716804e-05,-87
覆,5.9201971335132164e-05,-87
謡,5.902811131441865e-05,-87
賊,5.900176888695707e-05,-87
添,5.87699555258947e-05,-87
符,5.8336183554663634e-05,-88
勧,5.817110434302997e-05,-88
摂,5.811490716456369e-05,-88
碑,5.7881337641618735e-05,-88
侯,5.7591570940318526e-05,-88
誇,5.7212239985671154e-05,-88
侍,5.717360442547559e-05,-88
恩,5.7043648450383344e-05,-88
堤,5.6968133491874795e-05,-88
徐,5.675388174897211e-05,-88
銭,5.665729284842769e-05,-88
尽,5.648518898959676e-05,-88
肩,5.6425479487365315e-05,-88
怖,5.615503056610738e-05,-88
妃,5.578096809710775e-05,-88
喫,5.558427797247578e-05,-88
丈,5.5484176748388236e-05,-88
耕,5.5436760379001804e-05,-88
奨,5.538056320064655e-05,-88
倫,5.535773309683911e-05,-88
薦,5.531207288933526e-05,-88
泳,5.5305048242138e-05,-88
粉,5.502230618792403e-05,-88
峠,5.486776394725279e-05,-88
慣,5.461312048238298e-05,-88
熟,5.449194531637058e-05,-88
臓,5.433564691381676e-05,-88
菓,5.4133688303759087e-05,-88
叙,5.405290485971381e-05,-88
罰,5.394051050289228e-05,-88
垂,5.356293571012749e-05,-89
培,5.354713025362834e-05,-89
瞬,5.3538349444548494e-05,-89
崇,5.353132479724021e-05,-89
召,5.346107832415736e-05,-89
促,5.342068660219024e-05,-89
旨,5.341014963122781e-05,-89
貝,5.321872799202154e-05,-89
扉,5.280778612470893e-05,-89
稼,5.279900531562909e-05,-89
傘,5.27551012698968e-05,-89
悩,5.268309863493137e-05,-89
遭,5.255489882172171e-05,-89
隷,5.250045780502699e-05,-89
遇,5.237928263901459e-05,-89
匠,5.231430465146847e-05,-89
晩,5.227566909116188e-05,-89
霧,5.220717878007264e-05,-89
呪,5.165047548094659e-05,-89
椎,5.163115770090432e-05,-89
預,5.105689278361858e-05,-89
訂,5.07829315387065e-05,-89
皆,5.076712608220735e-05,-89
錦,5.070566041831537e-05,-89
朱,5.0688098800044656e-05,-89
貧,5.067931799085379e-05,-89
糖,5.040008826051601e-05,-89
舟,5.0261351476121874e-05,-89
猛,5.0199885812340916e-05,-89
釜,4.99680724510565e-05,-89
涙,4.986270274154325e-05,-89
潤,4.9834604152421136e-05,-89
峡,4.978191929749798e-05,-89
孤,4.9397319857535926e-05,-89
邪,4.934639116449535e-05,-89
猿,4.9286681662485954e-05,-89
逸,4.911633396520454e-05,-90
鼻,4.900218344661145e-05,-90
昔,4.891613151702945e-05,-90
戯,4.890559454606702e-05,-90
澄,4.883183574933003e-05,-90
邸,4.882305494025019e-05,-90
勉,4.881427413105932e-05,-90
凡,4.8747539981630617e-05,-90
汚,4.873700301077921e-05,-90
銘,4.852626359153067e-05,-90
堅,4.842967469109727e-05,-90
疾,4.8382258321710836e-05,-90
噴,4.823649689023046e-05,-90
俺,4.822069143373131e-05,-90
貯,4.8016976661791055e-05,-90
灰,4.793268089420266e-05,-90
烈,4.788350836293365e-05,-90
緩,4.773072228414499e-05,-90
忘,4.7635889545483145e-05,-90
陳,4.756739923417186e-05,-90
努,4.739880769888405e-05,-90
頻,4.723548464902194e-05,-90
悠,4.717401898512996e-05,-90
循,4.712133413031783e-05,-90
渓,4.679117570682845e-05,-90
貿,4.674375933766406e-05,-90
后,4.6559362345766075e-05,-90
尼,4.641711323782882e-05,-90
屈,4.623447240781342e-05,-90
嫁,4.6211642304117007e-05,-90
宰,4.616949442037832e-05,-90
溝,4.61694944202673e-05,-90
励,4.6146664316570885e-05,-90
紛,4.592538792635992e-05,-90
唄,4.5888508528046934e-05,-90
簿,4.557942404659343e-05,-90
恭,4.524224097579577e-05,-90
彫,4.514916439912753e-05,-90
班,4.512106580978337e-05,-90
但,4.511755348624025e-05,-90
掃,4.501920842392426e-05,-90
粒,4.4662707573084326e-05,-90
懸,4.459246110000148e-05,-90
阻,4.440103946090623e-05,-91
勘,4.4323768340626124e-05,-91
軒,4.4111272759606024e-05,-91
劣,4.381799373454065e-05,-91
酷,4.364237755183353e-05,-91
寧,4.359144885890398e-05,-91
控,4.339475873427201e-05,-91
謙,4.339300257250045e-05,-91
釣,4.325602195009992e-05,-91
寮,4.287493483368099e-05,-91
衰,4.283981159702854e-05,-91
酵,4.282751846440558e-05,-91
泣,4.254477641030263e-05,-91
薫,4.243940670067836e-05,-91
虐,4.2400771140482796e-05,-91
膜,4.2342817800133936e-05,-91
媒,4.202319634782903e-05,-91
驚,4.1854604812430196e-05,-91
瞳,4.183353087050534e-05,-91
幽,4.138922192842287e-05,-91
麦,4.1364635662843874e-05,-91
苗,4.1092430579703354e-05,-91
軟,4.09800362227708e-05,-91
擁,4.081671317290869e-05,-91
墜,4.081495701113713e-05,-91
辛,4.051465333876347e-05,-91
脂,4.050938485322675e-05,-91
栽,4.050762869156621e-05,-91
秩,4.002468418906613e-05,-91
旦,3.993160761239789e-05,-91
准,3.981570093181119e-05,-91
傍,3.976477223877062e-05,-92
祈,3.973842981142006e-05,-92
挟,3.954349584867067e-05,-92
慈,3.9532958877708246e-05,-92
訟,3.951539725954856e-05,-92
勅,3.9258997632685144e-05,-92
履,3.921684974894646e-05,-92
偏,3.905001437543021e-05,-92
腰,3.899381719696393e-05,-92
掌,3.89780117405758e-05,-92
蛇,3.882171333791096e-05,-92
匹,3.878132161594383e-05,-92
懐,3.8635560184352435e-05,-92
鍵,3.861273008065602e-05,-92
寸,3.853370279838231e-05,-92
虚,3.8514385018340036e-05,-92
靴,3.8500335723612444e-05,-92
幣,3.820530053688653e-05,-92
脅,3.8191251242269963e-05,-92
需,3.791904615901842e-05,-92
措,3.7710062901763486e-05,-92
陶,3.745541943689368e-05,-92
禅,3.729034022526001e-05,-92
股,3.6951400992690786e-05,-92
蹴,3.690398462330435e-05,-92
郭,3.670378217512926e-05,-92
魅,3.666865893858784e-05,-92
坪,3.628581566039735e-05,-92
鍋,3.6141810390688534e-05,-92
拘,3.606453927018638e-05,-92
昆,3.592931480966843e-05,-92
慢,3.590824086763256e-05,-92
黙,3.5811651967310176e-05,-92
酔,3.578004105431187e-05,-92
赴,3.563779194637462e-05,-92
湿,3.5535934560515514e-05,-92
抽,3.5495542838437366e-05,-92
屯,3.541124707073795e-05,-92
芽,3.5221581593525286e-05,-92
盾,3.5142554311362595e-05,-92
鋭,3.51232365312093e-05,-92
刃,3.4944108024959064e-05,-93
伐,3.483522599156963e-05,-93
嗣,3.483171366802651e-05,-93
泥,3.480185891702181e-05,-93
炉,3.4738637091136226e-05,-93
誓,3.472458779663068e-05,-93
扇,3.459990030696414e-05,-93
牙,3.4582338688582404e-05,-93
跳,3.448223746449486e-05,-93
殻,3.444008958075617e-05,-93
暖,3.4419015638720296e-05,-93
篤,3.428730350185649e-05,-93
浸,3.4246911779778344e-05,-93
暁,3.4206520057700196e-05,-93
凍,3.401158609506183e-05,-93
宜,3.383070142681799e-05,-93
鼓,3.379733435215915e-05,-93
暫,3.372533171730474e-05,-93
虹,3.364454827325947e-05,-93
尿,3.361644968402633e-05,-93
刈,3.354269088728934e-05,-93
勃,3.350756765085894e-05,-93
零,3.3460151281472506e-05,-93
腐,3.3442589663201794e-05,-93
帽,3.3384636322852934e-05,-93
羊,3.335653773373082e-05,-93
鐘,3.308784497424444e-05,-93
藍,3.294032738077046e-05,-93
桁,3.291749727707405e-05,-93
墨,3.285603161318207e-05,-93
癖,3.2852519289416904e-05,-93
洪,3.269095240143738e-05,-93
叔,3.266636613585838e-05,-93
壇,3.256977723542498e-05,-93
舶,3.2546947131728565e-05,-93
帆,3.2431040451030846e-05,-93
隅,3.234674468344245e-05,-93
碁,3.2322158417863456e-05,-93
粋,3.229405982863032e-05,-93
蜂,3.217815314804362e-05,-93
伎,3.212722445511407e-05,-93
傑,3.178477289900172e-05,-93
蓄,3.163023065810844e-05,-93
猟,3.1607400554523046e-05,-93
犠,3.151608013940432e-05,-93
裸,3.145988296104907e-05,-93
孔,3.1454614475512344e-05,-93
虜,3.119470252521683e-05,-93
諭,3.1138505346750556e-05,-93
腸,3.111567524305414e-05,-93
妨,3.1108650595634835e-05,-93
胴,3.098923159150502e-05,-93
籠,3.083995783625948e-05,-93
硫,3.082590854164291e-05,-93
喚,3.069068408101394e-05,-93
吐,3.068892791913136e-05,-93
肝,3.0666097815434945e-05,-93
搬,3.0534385678349096e-05,-93
揺,3.026393675720218e-05,-94
践,3.0239350491512162e-05,-94
尺,3.020247109319918e-05,-94
慰,3.0123443811036488e-05,-94
岬,3.002334258683792e-05,-94
貌,2.9679134868954016e-05,-94
蓋,2.9377075034697775e-05,-94
楼,2.9363025740081206e-05,-94
慕,2.931034088526907e-05,-94
畜,2.9287510781572657e-05,-94
牲,2.926292451599366e-05,-94
臼,2.9131212379018834e-05,-94
偉,2.9011793374777994e-05,-94
嬢,2.8739588291637475e-05,-94
肢,2.8690415760590504e-05,-94
笛,2.8679878789517055e-05,-94
瓶,2.8672854142319792e-05,-94
枢,2.8635974743895787e-05,-94
汽,2.8572752918121225e-05,-94
腫,2.847440785591626e-05,-94
兆,2.8409429868259117e-05,-94
駄,2.8363769660755267e-05,-94
壮,2.8288254702246718e-05,-94
綿,2.8282986216821016e-05,-94
瓦,2.824610681839701e-05,-94
叫,2.8193421963584875e-05,-94
錬,2.813722478522962e-05,-94
盆,2.8056441341073324e-05,-94
棚,2.8052929017530204e-05,-94
拾,2.8026586590068625e-05,-94
繊,2.7982682544447357e-05,-94
巧,2.792824152775264e-05,-94
喪,2.791243607136451e-05,-94
閥,2.7901899100402083e-05,-94
庶,2.785272656924409e-05,-94
拍,2.7696428166690268e-05,-94
粘,2.7656036444723142e-05,-94
奮,2.762266936995328e-05,-94
賭,2.7594570780831162e-05,-94
是,2.7522568145865733e-05,-94
鍛,2.7434760054512175e-05,-94
擬,2.73487081250412e-05,-94
疫,2.729426710834648e-05,-94
衡,2.7220508311720515e-05,-94
呈,2.718187275152495e-05,-94
疎,2.7148505676866108e-05,-94
舌,2.7101089307479675e-05,-94
砕,2.709055233651725e-05,-94
凶,2.708879617474569e-05,-94
哀,2.703084283439683e-05,-94
膨,2.695708403765984e-05,-94
絞,2.686049513733746e-05,-94
妊,2.6633950261589767e-05,-94
肺,2.6430235489760534e-05,-94
憧,2.6316084970945397e-05,-94
漠,2.6289742543705863e-05,-94
懲,2.618261667219901e-05,-94
賜,2.6179104348544868e-05,-94
賠,2.6170323539354e-05,-94
忌,2.6138712626577743e-05,-94
昧,2.594026634006319e-05,-94
紳,2.579801723223696e-05,-94
歓,2.5790992584928674e-05,-94
肌,2.5783967937509367e-05,-94
縛,2.5676842066113537e-05,-95
嫡,2.5641718829683136e-05,-95
剰,2.546961497063016e-05,-95
爪,2.546961497063016e-05,-95
玩,2.5369513746431593e-05,-95
粧,2.5323853539038765e-05,-95
膚,2.513594422359766e-05,-95
悦,2.5109601796136083e-05,-95
臭,2.5107845634364523e-05,-95
乏,2.5009500572048537e-05,-95
穏,2.499720743931455e-05,-95
頑,2.4933985613428966e-05,-95
敢,2.4902374700652707e-05,-95
瑠,2.481281044752759e-05,-95
囚,2.4742563974444742e-05,-95
漏,2.4609095675587334e-05,-95
柿,2.4533580717078785e-05,-95
俸,2.4489676671346494e-05,-95
帥,2.4408893227412243e-05,-95
肖,2.428420573763468e-05,-95
捉,2.426840028124655e-05,-95
潔,2.4233277044705126e-05,-95
麓,2.4166542895387444e-05,-95
胆,2.411912652588999e-05,-95
惨,2.4105077231384442e-05,-95
痴,2.408575945134217e-05,-95
燥,2.4050636214689725e-05,-95
鉛,2.394877882883062e-05,-95
褐,2.3864483061131203e-05,-95
窟,2.3850433766514634e-05,-95
茎,2.3810042044547508e-05,-95
焦,2.373452708603896e-05,-95
雰,2.3706428496694798e-05,-95
廊,2.3695891525843393e-05,-95
袖,2.363618202361195e-05,-95
鶏,2.3502713724865565e-05,-95
欄,2.3460565841015857e-05,-95
缶,2.3428954928239598e-05,-95
貼,2.3075966400942782e-05,-95
朽,2.2791468185179298e-05,-95
糧,2.273702716848458e-05,-95
僅,2.269136696098073e-05,-95
椅,2.2575460280394033e-05,-95
粛,2.2468334409109225e-05,-95
宴,2.2413893392303486e-05,-95
醒,2.240335642145208e-05,-95
絹,2.2396331774143796e-05,-95
恥,2.233837843390596e-05,-95
漂,2.2259351151632245e-05,-95
朴,2.2211934782356835e-05,-95
潰,2.217681154581541e-05,-95
睦,2.211358972004085e-05,-95
憎,2.1843140798782912e-05,-95
雌,2.1815042209549773e-05,-95
詠,2.1714940985462228e-05,-95
汁,2.1678061587038222e-05,-95
紡,2.164469451237938e-05,-95
殴,2.16130835994921e-05,-95
唆,2.144624822597585e-05,-95
豚,2.1347903163659865e-05,-95
礁,2.1270632043268733e-05,-95
串,2.1235508806838332e-05,-95
隙,2.1210922541148314e-05,-95
鯨,2.120565405572261e-05,-95
扶,2.1133651420868205e-05,-95
髄,2.1119602126251635e-05,-95
抄,2.1024769387589792e-05,-96
壱,2.0936961296236234e-05,-96
斑,2.08842764414241e-05,-96
廉,2.0603290549203734e-05,-96
曖,2.0431186690261782e-05,-96
拐,2.0364452540833078e-05,-96
憂,2.0332841627834775e-05,-96
湧,2.0304743038712658e-05,-96
辱,2.0302986876941098e-05,-96
癒,2.0266107478517092e-05,-96
膝,2.0220447271013242e-05,-96
汎,2.0092247457692558e-05,-96
俵,2.0071173515767704e-05,-96
脊,1.9582960527952942e-05,-96
醸,1.9542568805985816e-05,-96
崖,1.9482859303865396e-05,-96
壌,1.9373977270586984e-05,-96
諾,1.9347634843236428e-05,-96
畳,1.9294949988424293e-05,-96
煮,1.9293193826652733e-05,-96
胎,1.921767886803316e-05,-96
疲,1.913865158587047e-05,-96
甚,1.9136895423987887e-05,-96
拉,1.9112309158519913e-05,-96
把,1.9098259863792322e-05,-96
勾,1.9019232581740653e-05,-96
錯,1.8994646316050634e-05,-96
顎,1.898937783062493e-05,-96
麺,1.8978840859662505e-05,-96
鋳,1.8968303888700078e-05,-96
婆,1.8917375195659503e-05,-96
累,1.8847128722687678e-05,-96
抹,1.883659175161423e-05,-96
遮,1.8812005486146255e-05,-96
戚,1.8808493162492113e-05,-96
蛍,1.8799712353301246e-05,-96
淫,1.8799712353412268e-05,-96
酬,1.8678537187288846e-05,-96
冥,1.8650438598055707e-05,-96
娠,1.8599509905126155e-05,-96
泌,1.8599509905126155e-05,-96
遍,1.8571411315893016e-05,-96
暇,1.8538044241123153e-05,-96
璃,1.8429162207955763e-05,-96
逝,1.8422137560647478e-05,-96
窮,1.8392282809531757e-05,-96
愚,1.8276376129056082e-05,-96
穀,1.82447652161688e-05,-96
塊,1.81832995521658e-05,-96
枕,1.815168863938954e-05,-96
妄,1.7990121751298993e-05,-96
紺,1.7965535485719997e-05,-96
悼,1.795675467652913e-05,-96
泡,1.787948355624902e-05,-96
嘆,1.7860165776095727e-05,-96
骸,1.7853141128787442e-05,-96
悔,1.778816314124132e-05,-96
卸,1.776006455200818e-05,-96
藻,1.7746015257391612e-05,-96
痕,1.7742502933848492e-05,-96
胃,1.7721428991812616e-05,-96
欺,1.7619571605842488e-05,-96
褒,1.760376614945436e-05,-96
餌,1.755986210383309e-05,-96
漆,1.7473810174251092e-05,-96
枯,1.7384245921125974e-05,-96
据,1.7328048742659696e-05,-96
拶,1.7284144697038428e-05,-96
挨,1.7282388535155846e-05,-96
淑,1.6976816377356485e-05,-96
盲,1.695047395000593e-05,-96
槽,1.689603293331121e-05,-96
凝,1.6853885049572526e-05,-96
宛,1.6841591916727516e-05,-96
恨,1.6794175547341084e-05,-96
卑,1.6704611294215965e-05,-96
縫,1.657114299546958e-05,-96
頓,1.6569386833586996e-05,-96
矛,1.6555337538970427e-05,-96
踪,1.65096773315776e-05,-96
瘍,1.6504408846040874e-05,-96
懇,1.630245023587218e-05,-97
詐,1.6225179115703092e-05,-97
腺,1.621288598274706e-05,-97
鉢,1.616371345170009e-05,-97
蜜,1.608644233130896e-05,-97
赦,1.6068880713038247e-05,-97
迅,1.6017952019997672e-05,-97
稽,1.6007415049146267e-05,-97
汗,1.5974047974376404e-05,-97
戴,1.5924875443329434e-05,-97
韻,1.5835311190093293e-05,-97
婿,1.5812481086285857e-05,-97
皿,1.5793163306243585e-05,-97
睡,1.570886753865519e-05,-97
舷,1.5628084094498895e-05,-97
弧,1.559998550537678e-05,-97
飢,1.5547300650564644e-05,-97
凄,1.554203216502792e-05,-97
曇,1.5506908928597518e-05,-97
奔,1.5503396604832353e-05,-97
腎,1.545071175013124e-05,-97
儒,1.537344062974011e-05,-97
粗,1.526807092011584e-05,-97
冶,1.5204849094341277e-05,-97
飽,1.505557533909574e-05,-97
翁,1.5030989073516743e-05,-97
漬,1.5011671293474471e-05,-97
侶,1.4999378160629462e-05,-97
哺,1.4946693305928349e-05,-97
遡,1.4927375525775055e-05,-97
倣,1.4911570069275903e-05,-97
膳,1.4718392268409097e-05,-97
渦,1.461653488243897e-05,-97
惜,1.4602485587933423e-05,-97
肪,1.4579655484014964e-05,-97
閑,1.4526970629313851e-05,-97
旺,1.443389405253459e-05,-97
錠,1.4361891417680184e-05,-97
餅,1.434432979929845e-05,-97
惧,1.4317987371947893e-05,-97
堕,1.4310962724639609e-05,-97
詣,1.428286413540647e-05,-97
挫,1.4253009384401771e-05,-97
昨,1.419154372039877e-05,-97
匿,1.4151151998431644e-05,-97
喉,1.4151151998431644e-05,-97
窒,1.4073880878151535e-05,-97
擦,1.3947437226491388e-05,-97
剖,1.3912313990060987e-05,-97
妥,1.3849092164175403e-05,-97
綻,1.3768308720241151e-05,-97
吏,1.3752503263853022e-05,-97
憩,1.374899094019888e-05,-97
鬱,1.3659426686962739e-05,-97
寂,1.3576887081145905e-05,-97
畔,1.3531226873642055e-05,-97
沸,1.3378440794742374e-05,-97
酢,1.331170664531367e-05,-97
坑,1.321687390676285e-05,-97
諦,1.3155408242759847e-05,-97
堆,1.3106235711601855e-05,-97
暑,1.3064087827752147e-05,-97
妬,1.2969255089201326e-05,-97
餓,1.2858616894040331e-05,-97
殉,1.2791882744722649e-05,-97
慌,1.2772564964569355e-05,-97
庸,1.2739197889799492e-05,-97
嘱,1.2535483118081281e-05,-97
吟,1.2451187350270843e-05,-97
姻,1.2377428553644876e-05,-97
溺,1.2373916229879711e-05,-97
濁,1.2373916229990733e-05,-97
怨,1.2322987536950158e-05,-97
唇,1.2315962889641874e-05,-97
璧,1.2296645109599602e-05,-97
棺,1.2057807101228946e-05,-97
硝,1.2040245482847212e-05,-97
忙,1.1989316789917659e-05,-97
耗,1.1892727889484256e-05,-97
騰,1.1861116976596975e-05,-97
弐,1.1736429486930433e-05,-97
蛮,1.1715355545005579e-05,-97
眺,1.1697793926734867e-05,-98
匂,1.1696037764852285e-05,-98
窯,1.168550079400088e-05,-98
艶,1.1671451499273289e-05,-98
汰,1.1669695337501729e-05,-98
眉,1.1465980565672496e-05,-98
梗,1.1293876706619521e-05,-98
嫉,1.1283339735657094e-05,-98
娯,1.1186750835112669e-05,-98
租,1.1081381125599421e-05,-98
穫,1.1019915461707441e-05,-98
鈍,1.060897359428381e-05,-98
賄,1.0508872370085243e-05,-98
捻,1.0480773780963126e-05,-98
猶,1.0387697204072843e-05,-98
升,1.0222617992439176e-05,-98
蔑,1.0173445461281183e-05,-98
炊,1.0110223635506621e-05,-98
霜,1.0096174340890052e-05,-98
伺,1.003295251511549e-05,-98
弄,1.0008366249647516e-05,-98
巾,9.91177734910309e-06,-98
拷,9.836262390483519e-06,-98
桟,9.815188448669687e-06,-98
肘,9.65186539880758e-06,-98
滴,9.523665585486896e-06,-98
怠,9.516640938067589e-06,-98
芋,9.479761539754605e-06,-98
某,9.428832846825053e-06,-98
憤,9.37966031566706e-06,-98
蔽,9.330487784509067e-06,-98
喝,9.325219299083365e-06,-98
冗,9.316438489892498e-06,-98
厄,9.239167369501367e-06,-98
襟,9.223361913113237e-06,-98
繕,9.142578469067963e-06,-98
愁,9.033696435900573e-06,-98
柵,9.031940274017991e-06,-98
肯,8.977499257323274e-06,-98
賓,8.930082888047863e-06,-98
乞,8.837006311268603e-06,-98
彙,8.780809132802325e-06,-98
丼,8.707050336065336e-06,-98
濯,8.684220232368922e-06,-98
謹,8.633291539328347e-06,-98
蚕,8.589387493818101e-06,-98
裾,8.4717246512378e-06,-98
机,8.448894547652408e-06,-98
咽,8.441869900233101e-06,-98
罵,8.440113738461541e-06,-98
渇,8.403234340148558e-06,-98
凸,8.369867265378694e-06,-98
逓,8.262741393982864e-06,-98
弊,8.248692099366295e-06,-98
爽,8.238155128292846e-06,-98
矯,8.231130481095583e-06,-98
諮,8.222349672015739e-06,-98
侮,8.106442991429041e-06,-98
栓,8.078344402195903e-06,-98
苛,8.050245812962764e-06,-98
濫,8.04497732742604e-06,-98
寡,7.972974692571633e-06,-98
采,7.953656912529361e-06,-98
糾,7.904484381371368e-06,-98
款,7.857068011984936e-06,-98
詔,7.818432451900392e-06,-98
且,7.737649007744096e-06,-98
瞭,7.516372617755174e-06,-98
堪,7.486517866639453e-06,-98
喩,7.479493219331168e-06,-98
陪,7.463687762832016e-06,-98
醜,7.428564526401615e-06,-98
賦,7.330219463974608e-06,-98
宵,7.321438655005785e-06,-98
煎,7.240655210849489e-06,-98
芯,7.168652576106105e-06,-98
凹,7.154603281378513e-06,-98
刹,6.9877679078622634e-06,-99
丙,6.866592741849864e-06,-99
遵,6.826201019882738e-06,-99
漸,6.79985859242116e-06,-99
弔,6.717318986604326e-06,-99
詮,6.712050501067601e-06,-99
禍,6.6154616007452205e-06,-99
搾,6.5978999823634865e-06,-99
謁,6.5241411856264975e-06,-99
愉,6.518872700200795e-06,-99
窃,6.390672886880111e-06,-99
酪,6.369598944955257e-06,-99
畝,6.255448426251142e-06,-99
斥,6.232618322443706e-06,-99
罷,6.169396496669144e-06,-99
煩,6.1553472020525746e-06,-99
陛,6.129004774702018e-06,-99
拭,6.093881538160595e-06,-99
酎,5.995536475955632e-06,-99
痩,5.805870998631946e-06,-99
箸,5.651328757849683e-06,-99
傲,5.598643903037548e-06,-99
臆,5.514348135449154e-06,-99
塀,5.472200251488424e-06,-99
墾,5.4528824715571744e-06,-99
毀,5.368586703746736e-06,-99
繭,5.349268923704464e-06,-99
嗅,5.164871931917503e-06,-99
氾,4.976962616476399e-06,-99
遜,4.976962616476399e-06,-99
蚊,4.9383270562808335e-06,-99
薪,4.889154525122841e-06,-99
緻,4.5449468072389365e-06,-99
痢,4.5168482178947755e-06,-99
虞,4.427283964769657e-06,-99
頒,4.413234670153088e-06,-99
訃,4.392160728228234e-06,-99
畏,4.320158093262805e-06,-99
沃,4.207763736441272e-06,-99
慄,4.046196848461747e-06,-99
羞,4.0409283629250226e-06,-99
慨,4.0093174500377415e-06,-99
迭,3.9162408731474585e-06,-99
嘲,3.896923093216209e-06,-99
劾,3.895166931333627e-06,-99
辣,3.88638612214276e-06,-99
璽,3.8091150017516284e-06,-99
拙,3.7669671180129427e-06,-99
諧,3.6475481137721033e-06,-99
嚇,3.6317426572729516e-06,-99
痘,3.5737893171461366e-06,-99
塑,3.528129109531264e-06,-99
捗,3.517592138568837e-06,-99
羨,3.514079815025717e-06,-99
唾,3.5123236530321122e-06,-99
萎,3.485981225792578e-06,-99
貪,3.23485008446589e-06,-99
衷,3.1558228023031987e-06,-99
賂,3.0662585491780803e-06,-99
箋,3.0030367235145405e-06,-99
倹,2.9819627814786642e-06,-99
斤,2.830932864350544e-06,-99
酌,2.6465358726746047e-06,-99
楷,2.4551142335793585e-06,-99
憾,2.4147225115012105e-06,-99
厘,2.312865125531083e-06,-100
摯,2.218032386980262e-06,-100
惰,2.146029752014833e-06,-100
錮,2.0634901461979993e-06,-100
恣,1.931778009223173e-06,-100
憬,1.3399514736667228e-06,-100
謄,1.152042158225619e-06,-100
朕,8.938863697016686e-07,-100
剝,1.5278607901070274e-07,-100
塡,1.387367842831111e-07,-100
頰,6.146566389197972e-08,-100
𠮟,1.7561618270711676e-08,-100
