人,2638533,1
一,2195934,1
見,1662327,1
言,1514426,2
出,1480313,1
子,1386216,1
大,1272244,1
思,1214799,2
手,1184591,1
分,1150899,2
彼,1139414,8
中,1135994,1
女,1132765,1
気,1129318,1
上,1101789,1
間,1053999,2
日,1036620,1
二,981711,1
自,972474,2
行,937990,2
時,907721,2
何,893079,2
事,874850,3
生,867479,1
私,858497,6
前,850182,2
来,760090,2
方,756168,2
本,741857,1
目,733089,1
十,730229,1
三,714921,1
者,707077,3
下,674244,1
年,673778,1
話,662707,2
知,652566,2
入,640831,1
立,627785,1
部,615363,3
家,607253,2
心,584482,2
今,580920,2
男,575471,1
小,564734,1
後,555471,2
顔,550520,2
長,543933,2
体,535054,2
物,532258,3
合,518569,2
声,493807,2
地,490491,2
屋,479432,3
場,479195,2
口,477205,1
身,472311,3
聞,469937,2
的,467125,4
持,464935,3
会,464533,2
意,458680,3
度,455360,3
当,454620,2
同,447974,2
感,441721,3
先,432773,1
動,421350,3
明,416924,2
少,407305,2
不,406571,4
通,401526,2
力,399580,1
考,396632,2
山,395867,1
向,390022,3
実,387036,3
田,381944,1
無,381489,4
国,379373,2
理,379160,2
五,379098,1
死,374884,3
名,370253,1
神,369148,3
所,359922,3
学,357852,1
取,349292,3
面,348311,3
書,347296,2
笑,343560,4
外,341100,2
代,338178,3
四,338148,1
月,336544,1
道,333496,2
高,332821,2
金,332142,1
美,330729,3
内,328063,2
世,324303,3
頭,322227,2
戦,319401,4
全,319252,3
作,318978,2
近,315996,2
様,312881,3
切,312709,2
相,309281,3
足,305573,1
真,305132,3
葉,304641,3
最,303864,4
郎,301760,8
情,289239,5
発,289158,3
変,287479,4
夜,285743,2
食,285163,2
白,281183,1
性,280336,5
然,280292,4
信,279899,4
主,279680,3
味,279556,3
用,278687,2
新,275658,2
音,274220,1
対,271517,3
夫,271303,4
文,270150,1
木,269608,1
殺,265557,4
着,264496,3
車,263489,1
引,263397,2
水,262963,1
現,262777,5
込,260307,8
親,260169,2
悪,259462,3
以,258853,4
色,258764,2
野,258416,2
空,256127,1
教,255301,2
父,253796,2
結,252072,4
君,251388,3
開,250502,3
正,249975,1
連,249340,4
関,249069,4
川,248472,1
仕,248218,3
八,248128,1
歩,246613,2
返,246313,3
落,246144,3
問,240622,3
太,238666,2
風,237440,2
僕,235878,8
帰,235549,2
次,234669,3
軍,233507,4
俺,232382,8
天,232183,1
違,228635,8
重,228360,3
光,227835,2
機,227297,4
母,224869,2
使,224703,3
別,221146,4
数,220978,2
待,220656,3
直,219862,2
命,219155,3
回,217980,2
六,217144,1
多,216739,2
表,211654,3
馬,211360,2
平,210396,3
社,210389,2
強,207994,2
原,207765,2
兵,207331,4
電,206747,2
士,206076,4
要,204725,4
御,201141,8
受,200695,3
誰,199160,8
好,199114,4
指,198465,3
眼,197540,5
決,197258,3
王,197020,1
起,196711,3
七,195925,1
初,195844,4
海,195053,2
安,194860,3
残,194125,4
調,194027,3
飛,192501,4
解,191575,5
流,191285,3
東,190717,2
姿,189569,6
呼,189187,6
早,187768,1
助,187637,3
定,187434,3
第,187014,3
突,185841,8
乗,185670,3
村,183637,1
若,182907,6
息,182893,3
九,182653,1
確,181027,5
語,180193,2
石,179871,1
愛,179179,4
首,178423,2
半,177602,2
界,176789,3
由,176467,3
説,176345,4
置,175864,4
朝,174441,2
法,174038,4
室,173166,2
黒,171693,2
警,171262,6
答,168649,2
覚,168172,4
張,166856,5
記,165908,2
続,165906,4
想,165645,3
両,165140,3
遠,164846,2
成,164776,4
得,164298,4
門,164146,2
振,163942,8
背,163683,6
必,162368,4
配,162336,3
他,161931,3
島,161610,3
化,160891,3
元,160774,2
運,160268,3
在,160089,5
苦,159779,3
和,158742,3
楽,158468,2
付,157765,4
百,156444,1
視,156238,6
終,155566,3
能,155543,5
進,155507,3
業,155321,3
員,154987,3
件,154947,5
線,154457,2
隊,153400,4
過,152916,5
井,152153,8
番,150011,2
形,149943,2
居,149708,5
供,149326,6
火,148691,1
急,148626,3
衛,148384,5
打,148279,3
店,148271,2
伝,147677,4
深,147248,3
走,147218,2
集,147093,3
始,146692,3
点,146058,2
千,146036,1
消,145624,3
失,144157,4
赤,143543,1
青,143494,1
戻,143238,8
吉,142885,8
撃,142804,8
公,142465,2
横,142465,3
戸,141910,2
土,141335,1
船,141244,2
反,141034,3
止,140579,2
加,139866,4
花,139678,1
広,139314,2
達,138986,4
放,138985,3
勝,138413,3
離,138265,8
老,137116,4
古,136811,2
右,136297,1
万,136071,2
追,135595,3
師,135432,5
魔,135387,8
血,135105,3
台,135014,2
題,134604,3
経,133990,5
常,133833,5
有,132969,3
娘,132917,8
利,132792,4
校,132337,1
左,132308,1
町,131542,1
読,131417,2
状,131328,5
京,130723,2
寄,130660,5
断,130542,5
存,130017,6
恐,129394,8
官,129248,4
奥,129180,8
座,128973,6
良,128596,4
押,127576,8
紙,127232,2
申,126819,3
階,126810,3
態,126684,5
転,125977,3
抜,125799,8
病,125720,3
果,125587,4
役,125205,3
判,124566,5
可,124139,5
側,124042,4
絶,123551,5
浮,123283,8
逃,123146,8
画,122764,2
藤,122702,8
寝,122662,8
守,122552,3
城,122455,6
活,122361,2
氏,122329,4
義,121655,5
西,120357,2
佐,120336,8
客,120083,3
武,119495,5
段,119409,6
品,119216,3
告,118431,4
鳴,117690,2
報,117679,5
友,117468,2
勢,117191,5
組,116641,2
係,116221,3
応,116194,5
胸,115820,6
計,115371,2
住,115156,3
路,114993,3
治,114556,4
望,114533,4
貴,114108,6
議,113864,4
期,113513,3
術,113345,5
特,113070,4
腕,112585,8
服,112333,3
暗,111444,3
飲,111155,3
敵,111022,5
頼,110705,8
江,110413,8
渡,110294,8
送,109632,3
都,109568,3
民,109369,4
細,109259,2
静,108896,4
察,108512,4
去,107884,3
北,107880,2
松,107672,4
論,107573,6
質,107186,5
念,107090,4
識,106681,5
片,106419,6
族,106265,3
市,106160,2
根,105952,3
満,105632,4
将,105366,6
降,105141,6
器,104991,4
宮,104854,3
抱,104812,8
草,104507,1
兄,104286,2
幸,104147,3
耳,103271,1
介,103132,8
我,103084,6
犯,103027,5
頃,102847,8
酒,102777,3
影,102496,8
緒,102223,8
交,101615,2
務,101369,5
保,100780,5
瞬,100690,8
格,100595,5
売,99474,2
志,99467,5
字,99219,1
冷,99182,4
茶,99153,2
歳,98313,8
夢,98258,5
素,97563,5
院,97539,3
政,97312,5
際,96736,5
倒,96669,8
腹,96508,6
精,96356,5
予,96154,3
買,95122,2
黙,94582,8
異,94332,6
肉,94268,2
熱,93968,4
妙,93955,8
谷,93841,2
叫,93739,8
髪,93452,8
約,93322,4
肩,92633,8
団,92551,5
痛,92208,6
単,91798,4
隠,91355,8
礼,91127,3
久,90925,5
歌,90808,2
怒,90487,8
腰,90437,8
窓,90418,6
婚,90066,8
驚,89764,8
難,89736,6
差,89699,4
妻,89566,5
支,89309,5
囲,89237,4
料,89039,4
証,89000,5
嫌,88990,8
似,88782,5
認,88109,6
悲,87980,3
像,87872,5
津,87610,8
壁,87564,8
容,87543,5
裏,87502,6
構,87308,5
剣,87049,8
建,86896,4
破,86576,5
忘,86543,6
式,86453,3
軽,85670,3
蔵,85540,6
探,85525,6
任,85505,5
香,84944,8
限,84809,5
造,84737,5
注,84436,3
示,84248,5
旅,84171,3
観,84075,4
席,84027,4
参,83894,4
陽,83710,3
沢,83693,8
種,83594,4
具,83550,3
敷,83274,8
余,83265,5
端,83163,8
奴,82840,8
負,82734,3
疑,82426,6
眠,82161,8
備,81884,5
寺,81847,2
許,81838,5
願,81668,4
工,81548,2
円,81302,1
談,81259,3
婦,81192,5
投,81070,3
位,80572,4
令,80389,4
傷,80119,6
丸,80108,2
等,79832,3
装,79787,6
庭,79663,3
共,79614,4
仲,79448,4
越,79410,8
号,79282,3
舞,79206,8
南,78785,2
波,78674,3
並,78338,6
微,78169,8
角,78152,2
類,77818,4
周,77518,4
産,77477,4
喜,77422,4
護,77372,5
星,77341,2
途,77182,8
吹,76998,8
泣,76912,4
巻,76911,6
再,76691,5
景,76582,4
刻,76485,6
与,76247,8
乱,76238,6
鉄,75844,3
密,75674,6
殿,75373,8
優,75325,6
秋,75231,2
夕,75022,1
制,74922,5
銀,74684,3
霊,74585,8
例,74271,4
興,74165,5
春,74023,2
局,73919,3
図,73814,2
案,73670,4
奇,73569,8
危,73397,6
底,73150,4
選,72971,4
医,72897,3
怖,72862,8
坂,72743,3
接,72708,5
退,72637,5
街,72589,4
求,72473,4
映,72253,6
刑,72234,8
閉,72144,6
写,72133,3
尾,72103,8
争,71957,4
商,71780,3
河,71744,5
辺,71714,4
怪,71346,8
激,71186,6
雨,71169,1
完,71118,4
処,70627,6
司,70519,4
弾,70457,8
派,70275,6
折,70182,4
非,70080,5
遊,70009,3
橋,69999,3
雪,69971,2
査,69807,5
故,69691,5
験,69646,4
宿,69390,3
毛,69279,2
従,69278,6
館,69269,3
玉,69189,1
床,69180,8
休,68917,1
恋,68906,8
罪,68803,5
散,68781,4
条,68428,5
速,68398,3
射,68314,6
困,68288,6
程,68165,5
掛,68148,8
独,68049,5
清,68015,4
弟,67713,2
夏,67299,2
崎,67215,8
昨,67198,4
権,67140,6
吸,67048,6
里,66974,2
秘,66702,6
羽,66459,2
象,66391,4
姫,66348,8
雑,66235,5
布,66115,5
岡,66075,8
束,66070,4
丈,65765,8
駆,65539,8
帯,65510,4
暮,65436,6
欲,65385,6
移,65194,5
職,65129,5
森,65061,1
末,64868,4
焼,64765,4
園,64273,2
薄,64067,8
割,64038,6
絵,63927,2
惑,63904,8
岩,63695,2
触,63694,8
害,63100,4
姉,62976,2
険,62876,5
曲,62833,3
午,62582,2
働,62453,4
犬,62299,1
堂,62160,4
比,62094,5
鹿,61936,8
竜,61644,8
払,61275,8
攻,61228,8
紀,60891,4
秀,60698,8
響,60675,8
登,60665,3
球,60540,3
昔,60511,3
刀,60346,2
英,59825,4
踏,59776,8
握,59520,8
鼻,59347,3
史,58994,4
照,58918,4
低,58825,4
衣,58820,4
洋,58656,3
骨,58477,6
福,58247,3
薬,58094,3
逆,57848,5
房,57697,8
煙,57685,8
艦,57443,8
聖,57441,6
毎,57325,2
章,57074,3
宗,56932,6
留,56880,5
領,56842,5
玄,56731,8
極,56711,4
捨,56686,6
未,56505,4
弁,56414,5
眺,56350,8
弱,56343,2
鳥,56326,2
沈,56211,8
育,56182,3
短,56056,3
林,55906,1
晩,55750,6
型,55612,4
憶,55573,8
永,55502,5
演,55458,5
刺,55375,8
訪,55361,6
跡,55033,8
伸,55020,8
闘,55005,8
銃,55000,8
個,54996,5
包,54961,4
倉,54940,4
徒,54940,4
闇,54798,8
板,54781,3
雲,54443,2
縁,54398,8
快,54395,5
訳,54359,6
荒,53759,8
米,53752,2
織,53545,5
那,53321,8
固,53057,4
巨,53053,8
源,53046,6
徳,52876,5
忠,52738,6
狂,52704,8
修,52699,5
襲,52656,8
陸,52603,4
労,52535,4
奈,52515,8
普,52496,8
筋,52391,6
脱,52273,8
捕,52267,8
迷,52254,5
皇,52214,6
収,52088,6
亡,51992,6
昼,51764,2
総,51728,5
枚,51707,6
試,51577,4
雄,51554,8
印,51537,4
吐,51452,8
騒,51293,8
灯,51249,4
柄,51218,8
為,51016,8
列,50925,3
迎,50917,8
芸,50898,4
隣,50613,8
習,50562,3
量,50559,4
済,50495,6
輝,50430,8
捜,50409,8
甲,50242,8
技,50170,5
涙,49722,8
儀,49695,8
宇,49656,6
妹,49626,2
枝,49496,5
府,49410,4
暴,49331,5
皮,49267,3
科,49220,2
恵,49085,8
震,48990,8
揺,48633,8
椅,48628,8
州,48541,3
輩,48514,8
遅,48463,8
検,48451,5
鬼,48347,8
宅,48202,6
設,48183,5
岸,48135,3
穴,47936,6
輪,47899,4
週,47891,2
救,47847,4
遺,47758,6
滅,47456,8
帝,47214,8
駅,47005,3
混,46987,5
描,46957,8
積,46721,4
杯,46652,8
黄,46519,2
資,46505,5
詰,46460,8
皆,46413,8
鏡,46395,4
伯,46380,8
爵,46322,8
駄,46063,8
納,46038,6
節,45970,4
臣,45940,4
博,45829,4
唇,45708,8
境,45653,5
廊,45430,8
砂,45400,6
改,45376,4
復,45252,5
防,45236,5
毒,45197,4
尋,44989,8
邪,44925,8
竹,44885,1
矢,44865,2
麻,44776,8
晴,44756,2
箱,44733,3
宙,44727,6
祖,44556,5
伏,44538,8
盛,44376,6
宝,44189,6
洗,44109,6
敗,44096,4
如,44082,8
仰,44073,8
増,43968,5
簡,43939,6
研,43768,3
児,43737,4
承,43403,5
坊,43357,8
染,43324,6
浅,43181,4
群,43157,5
弥,43088,8
迫,43023,8
袋,42969,8
陰,42841,8
責,42840,5
桜,42803,5
提,42757,5
届,42637,6
昭,42616,3
屈,42592,8
基,42587,5
疲,42506,8
爆,42376,8
給,42061,4
絡,41934,8
練,41929,3
盗,41901,8
究,41862,3
編,41843,5
諸,41748,6
湯,41680,3
詩,41679,3
陣,41675,8
純,41510,6
拠,41391,8
句,41348,5
扉,41181,8
壊,40920,8
歯,40847,3
誘,40843,8
才,40808,2
評,40763,5
騎,40730,8
額,40619,5
猫,40610,8
脳,40550,6
温,40544,3
借,40171,4
厳,40124,6
便,40078,4
荷,40020,3
歴,39929,4
管,39928,4
甘,39887,8
被,39875,8
幕,39758,6
抗,39505,8
統,39489,5
恥,39435,8
瀬,39419,8
富,39314,5
翌,39293,6
況,39273,8
衆,39267,6
値,39025,6
健,39021,4
級,39012,3
希,38989,4
酔,38981,8
営,38981,5
圧,38884,5
勇,38874,4
耕,38807,5
推,38613,6
価,38604,5
整,38523,3
監,38471,8
授,38405,5
庫,38355,3
魚,38324,2
燃,38253,5
善,38245,6
祭,38223,3
飯,38181,4
製,38179,5
棒,38178,6
紅,37779,6
勤,37529,6
至,37521,6
互,37505,8
悟,37504,8
劇,37460,6
樹,37450,6
因,37404,5
功,37351,4
各,37347,4
忍,37310,8
華,37272,8
砲,37130,8
丁,37106,3
虫,37090,1
寒,37008,3
央,36906,3
養,36897,4
材,36803,4
慣,36743,5
栄,36724,4
冬,36587,2
郷,36585,6
傾,36559,8
替,36393,8
筆,36349,3
述,36317,5
除,36257,6
準,36247,5
及,36231,8
嬢,35932,8
避,35754,8
充,35746,8
己,35731,6
順,35648,4
頂,35589,6
否,35525,6
幾,35419,8
賀,35378,5
録,35069,4
泊,35057,8
到,35000,8
属,34950,5
繰,34940,8
厚,34797,5
旦,34785,8
奪,34769,8
辞,34766,4
区,34757,3
膝,34612,8
舎,34583,5
裂,34485,8
効,34344,5
浜,34282,8
魂,34240,8
沙,33961,8
汚,33945,8
仮,33933,5
曜,33909,2
操,33850,6
威,33793,8
池,33754,2
泉,33741,6
財,33609,5
謝,33502,5
欠,33489,4
仏,33452,5
僧,33452,8
系,33425,6
課,33379,4
敬,33223,6
杉,33034,8
崩,32978,8
露,32750,8
誌,32747,6
麗,32683,8
裕,32672,8
致,32665,8
眉,32663,8
舌,32601,5
慢,32591,8
呂,32553,8
依,32551,8
汗,32479,8
油,32354,3
導,32091,5
奉,32035,8
更,31936,8
康,31935,4
減,31919,5
衝,31833,8
浴,31659,4
埋,31591,8
超,31553,8
担,31479,6
裁,31378,6
補,31377,6
鋭,31347,8
婆,31270,8
模,31130,6
緊,31083,8
専,31063,6
珍,31059,8
瞳,31050,8
脇,30930,8
鮮,30929,8
隅,30915,8
協,30845,4
挙,30826,4
植,30796,3
策,30682,6
呪,30612,8
牛,30610,2
靴,30601,8
慮,30595,8
執,30535,8
港,30526,3
県,30499,3
脚,30474,8
鍵,30444,8
宣,30439,6
幼,30413,6
展,30394,6
匂,30364,8
規,30095,5
易,30043,5
算,30039,2
看,30032,6
懐,30014,8
尻,30003,8
炎,29945,8
停,29838,4
濃,29827,8
巡,29792,8
妖,29780,8
適,29691,5
肌,29681,8
憎,29670,8
臭,29657,8
聴,29648,8
封,29584,8
哀,29577,8
獣,29512,8
豊,29396,5
臓,29390,6
飾,29254,8
尊,29157,6
傍,29126,8
尽,29024,8
討,28929,6
斬,28898,8
航,28871,4
柳,28857,8
載,28834,8
省,28789,4
藩,28740,8
継,28609,8
略,28421,5
亜,28405,8
含,28380,8
泥,28317,8
禁,28303,5
候,28255,4
机,28211,6
緑,28202,3
遣,28170,8
雷,28165,8
悩,28067,8
率,27986,5
版,27959,5
札,27899,4
辛,27896,8
距,27874,8
烈,27857,8
籠,27708,8
締,27673,8
斎,27637,8
獄,27567,8
祈,27562,8
勘,27526,8
狙,27474,8
換,27458,8
謀,27454,8
費,27331,4
芝,27213,8
測,27134,5
乳,26904,6
孫,26876,4
称,26804,8
幻,26629,8
墓,26607,5
又,26522,8
鈴,26402,8
革,26229,6
揮,26115,6
招,26084,5
拳,26082,8
貸,26066,5
貧,26040,5
畳,26037,8
典,25918,4
占,25907,8
尉,25895,8
灰,25874,6
障,25785,6
農,25659,3
悔,25632,8
浦,25471,8
署,25441,6
召,25387,8
虚,25358,8
党,25349,6
扱,25344,8
穂,25270,8
奮,25258,6
舟,25200,8
糸,25165,1
狭,25146,8
霧,25094,8
誠,25030,6
柱,24931,3
釈,24924,8
了,24894,8
層,24857,6
針,24726,6
潜,24671,8
帳,24661,3
挨,24638,8
耐,24626,8
講,24613,5
般,24609,8
即,24574,8
帽,24565,8
拶,24562,8
澄,24434,8
雅,24415,8
亀,24339,8
慎,24173,8
拝,24154,6
築,24124,5
滝,24105,8
摩,24036,8
弓,24015,2
熊,23978,8
刊,23977,5
努,23940,4
冗,23912,8
域,23904,6
踊,23885,8
凄,23841,8
魅,23832,8
裸,23757,8
豪,23749,8
昇,23737,8
訴,23691,8
乾,23688,8
旧,23681,5
銭,23650,5
跳,23564,8
塚,23511,8
滑,23487,8
紹,23443,8
齢,23406,8
嫁,23351,8
督,23289,8
則,23222,5
律,23174,6
仁,23153,6
喉,23152,8
祝,23149,4
旗,23123,4
干,23099,6
虎,23095,8
湖,23094,3
浪,23093,8
透,23070,8
豆,23065,3
鶴,23039,8
叔,23029,8
倍,22961,3
誤,22954,6
徹,22900,8
邸,22868,8
丘,22809,8
氷,22799,3
賞,22761,4
覆,22744,8
亭,22743,8
梅,22665,4
猛,22658,8
軒,22614,8
企,22609,8
卒,22598,4
拾,22460,3
審,22423,8
延,22423,6
侍,22390,8
往,22299,5
偶,22295,8
牧,22283,4
創,22219,6
勉,22210,3
暇,22174,8
頑,22138,8
垣,22099,8
添,22069,8
塔,22031,8
葬,22029,8
蛇,21871,8
蹴,21846,8
羅,21839,8
柔,21786,8
歓,21652,8
刃,21630,8
徴,21627,8
標,21624,4
懸,21605,8
焦,21542,8
慌,21528,8
姓,21500,8
貫,21331,8
躍,21323,8
棚,21314,8
液,21264,5
俊,21264,8
嘆,21254,8
匹,21195,8
誇,21186,8
掘,21154,8
茂,21113,8
抵,21071,8
垂,20981,6
菊,20953,8
閣,20869,6
荘,20855,8
揚,20768,8
環,20759,8
詳,20721,8
愚,20701,8
涼,20678,8
紫,20666,8
複,20663,5
双,20638,8
趣,20592,8
秒,20577,3
咲,20502,8
携,20489,8
撮,20483,8
戒,20450,8
季,20398,4
著,20372,6
損,20345,5
綱,20321,8
援,20317,8
漢,20234,3
仙,20221,8
潮,20148,6
寸,20143,6
斜,20057,8
偵,20020,8
拭,19978,8
酷,19963,8
畑,19963,3
械,19900,4
阪,19828,8
皿,19817,3
啓,19786,8
塗,19769,8
唯,19759,8
縮,19756,6
堀,19750,8
忙,19716,8
幹,19697,5
唐,19667,8
沼,19661,8
寂,19654,8
委,19629,3
慶,19599,8
丹,19547,8
翼,19527,8
暖,19391,6
粉,19315,4
奏,19294,6
貞,19222,8
敏,19201,8
抑,19185,8
賢,19170,8
孤,19131,8
請,19121,8
偉,19109,8
索,19105,8
梨,19072,8
隙,19066,8
競,19042,4
須,19031,8
偽,19003,8
珠,19001,8
洞,18821,8
患,18783,8
筒,18756,8
縛,18690,8
掌,18663,8
施,18639,8
菜,18525,4
凝,18506,8
幽,18495,8
侵,18357,8
預,18205,5
訓,18159,4
副,18127,4
殴,18084,8
稿,18066,8
淡,18008,8
縦,17995,6
賊,17973,8
袖,17951,8
恩,17920,5
掃,17909,8
腐,17895,8
惜,17865,8
愉,17847,8
惨,17842,8
暑,17834,3
卓,17805,8
庁,17787,6
穏,17772,8
鎖,17751,8
哲,17711,8
脅,17605,8
隆,17580,8
貌,17567,8
飼,17420,5
益,17420,5
稲,17361,8
爪,17358,8
療,17326,8
渋,17258,8
廃,17194,8
雰,17140,8
詞,17114,6
恨,17101,8
尚,17094,8
塩,17092,4
沿,16991,6
盤,16971,8
就,16955,6
伴,16951,8
幅,16894,8
顎,16858,8
貨,16831,4
紋,16831,8
随,16781,8
繁,16746,8
縄,16741,8
童,16741,3
邦,16680,8
硬,16664,8
兼,16657,8
寿,16649,8
蓋,16597,8
拒,16515,8
没,16480,8
壇,16457,8
漂,16449,8
唱,16411,4
拍,16339,8
逸,16333,8
曹,16273,8
峰,16246,8
凍,16235,8
免,16230,8
既,16216,8
釣,16202,8
鶏,16184,8
征,16178,8
網,16171,8
乙,16132,8
罰,16069,8
堅,16067,8
羊,15976,3
脈,15937,4
潰,15878,8
孝,15839,6
駐,15820,8
廷,15751,8
遂,15741,8
絞,15738,8
陥,15661,8
砕,15632,8
誓,15563,8
渉,15552,8
胆,15488,8
悠,15475,8
遇,15441,8
噴,15397,8
拡,15369,6
巧,15357,8
殊,15349,8
癖,15220,8
俗,15200,8
災,15122,5
僚,15054,8
湧,15053,8
棄,15051,8
症,14991,8
謎,14969,8
卑,14872,8
瓶,14866,8
範,14814,8
肝,14800,8
冒,14793,8
彫,14785,8
採,14774,5
枕,14750,8
賭,14623,8
誉,14602,8
嵐,14587,8
朱,14460,8
診,14452,8
恭,14451,8
斉,14381,8
寧,14372,8
控,14357,8
臨,14356,6
笛,14335,3
喫,14329,8
骸,14304,8
輸,14268,5
憲,14241,6
猿,14223,8
劣,14191,8
熟,14173,6
億,14129,4
鼓,14120,8
沖,14093,8
煮,14068,8
孔,14048,8
狩,14042,8
獲,14032,8
炉,13985,8
賛,13985,5
泳,13968,3
冊,13959,6
序,13906,5
催,13897,8
寛,13891,8
陛,13840,6
批,13835,6
稽,13803,8
戯,13801,8
犠,13779,8
漏,13772,8
乏,13766,8
架,13697,8
牲,13696,8
卵,13689,6
壮,13662,8
芳,13648,8
譲,13624,8
匠,13619,8
憤,13521,8
彩,13518,8
潔,13511,5
憂,13457,8
涯,13439,8
盟,13403,6
契,13359,8
慰,13327,8
駒,13317,8
摘,13317,8
湾,13287,8
粒,13213,8
旋,13209,8
麦,13208,2
鈍,13125,8
佳,13070,8
逮,13048,8
溶,13035,8
据,12997,8
琴,12951,8
苛,12948,8
較,12938,8
睡,12935,8
堪,12925,8
祥,12907,8
粧,12887,8
股,12870,8
諦,12845,8
肥,12811,5
塊,12808,8
桃,12797,8
漠,12741,8
磨,12737,8
錯,12724,8
宴,12708,8
悦,12689,8
紳,12684,8
鍋,12673,8
覧,12647,6
遭,12643,8
凶,12632,8
稼,12630,8
呉,12592,8
棟,12573,8
漁,12553,4
貝,12473,1
晶,12415,8
巣,12403,4
崖,12396,8
隔,12395,8
辱,12356,8
粋,12321,8
滞,12197,8
績,12184,5
妃,12173,8
却,12165,8
酸,12153,5
絹,12151,6
慈,12141,8
塞,12128,8
鉢,12110,8
帆,12003,8
窟,11993,8
醜,11969,8
献,11953,8
還,11896,8
痕,11878,8
郡,11876,4
囚,11814,8
掲,11801,8
贈,11797,8
挑,11785,8
銅,11782,5
鑑,11776,8
韓,11756,8
挟,11755,8
塀,11686,8
菓,11663,8
朗,11651,6
株,11604,6
牙,11597,8
鬱,11590,8
是,11561,8
誕,11533,6
促,11488,8
枯,11459,8
畜,11389,8
維,11361,8
凡,11308,8
厄,11284,8
痩,11279,8
附,11265,8
縫,11263,8
鎮,11254,8
紛,11246,8
謙,11195,8
汽,11183,2
剤,11164,8
旨,11141,8
徐,11134,8
概,11106,8
渦,11049,8
膚,11042,8
綿,11039,5
貼,11022,8
湿,11022,8
肯,11012,8
泰,10975,8
炭,10956,3
符,10912,8
鐘,10877,8
苗,10833,8
蒸,10805,6
籍,10763,8
粗,10748,8
税,10717,5
胴,10704,8
妬,10654,8
鎌,10623,8
曇,10616,8
岐,10589,8
汁,10584,8
膨,10511,8
翻,10493,8
蔑,10430,8
裾,10406,8
喚,10400,8
甚,10386,8
勧,10383,8
排,10359,8
履,10347,8
隻,10328,8
隷,10297,8
赦,10285,8
雇,10255,8
託,10252,8
傘,10220,8
猟,10212,8
融,10189,8
乞,10180,8
択,10139,8
侯,10135,8
錠,10104,8
膳,10060,8
刷,10060,4
瓦,10013,8
緩,9996,8
盾,9964,8
遮,9886,8
核,9855,8
敢,9801,8
尺,9799,6
嘲,9796,8
滴,9794,8
胃,9789,4
励,9773,8
券,9723,5
窮,9700,8
拓,9691,8
痴,9678,8
襟,9677,8
克,9667,8
嫉,9653,8
泡,9645,8
飽,9596,8
稚,9591,8
項,9527,8
衰,9471,8
怨,9437,8
葛,9401,8
醒,9396,8
扇,9371,8
析,9346,8
脂,9324,8
艇,9275,8
糧,9272,8
班,9222,6
径,9213,4
顧,9190,8
戴,9188,8
浸,9170,8
捉,9116,8
盆,9108,8
伺,9105,8
削,9067,8
拙,9060,8
顕,9008,8
均,8954,5
陳,8897,8
唾,8892,8
軌,8880,8
巾,8878,8
欧,8858,8
肘,8775,8
缶,8642,8
浄,8615,8
喪,8601,8
忌,8588,8
妄,8538,8
豚,8506,8
冠,8475,8
矛,8471,8
鍛,8456,8
楼,8443,8
擦,8429,8
零,8379,8
戚,8376,8
倫,8371,8
胞,8341,8
汰,8311,8
拘,8308,8
鋼,8273,6
寮,8248,8
償,8187,8
岳,8149,8
虐,8139,8
陶,8120,8
併,8100,8
濁,8099,8
疾,8096,8
把,8096,8
嗅,8042,8
剛,8029,8
尼,8013,8
唄,8002,8
罵,7999,8
漫,7992,8
怠,7960,8
崇,7957,8
飢,7894,8
昧,7845,8
艶,7807,8
餌,7775,8
販,7746,8
盲,7739,8
郵,7663,6
潤,7662,8
殻,7645,8
臆,7618,8
僅,7617,8
貯,7610,4
鉛,7592,8
宰,7490,8
撲,7482,8
疎,7480,8
賃,7468,6
銘,7468,8
箸,7457,8
詮,7447,8
濯,7337,8
墨,7324,8
癒,7286,8
肢,7283,8
閑,7269,8
薫,7258,8
俳,7244,6
淑,7232,8
欺,7215,8
侮,7199,8
璧,7176,8
蜂,7155,8
紺,7154,8
芽,7150,4
弦,7124,8
咽,7114,8
褒,7107,8
刈,7079,8
郭,7068,8
剖,7063,8
餅,7052,8
虜,7041,8
糖,7028,6
粘,7013,8
吟,7010,8
懇,6994,8
妊,6989,8
宛,6975,8
曽,6968,8
秩,6911,8
慨,6904,8
墳,6901,8
棺,6819,8
偏,6799,8
柿,6788,8
帥,6778,8
恒,6749,8
奔,6730,8
藍,6715,8
鉱,6696,5
峠,6696,8
蛮,6626,8
禅,6625,8
慄,6597,8
柵,6547,8
暫,6528,8
嗣,6528,8
斗,6523,8
膜,6485,8
畏,6477,8
拐,6424,8
溝,6390,8
炊,6372,8
撤,6372,8
挿,6366,8
諾,6355,8
箇,6352,8
沸,6327,8
曖,6311,8
弄,6295,8
懲,6287,8
淫,6271,8
宵,6226,8
溺,6222,8
堤,6212,8
摂,6200,8
募,6195,8
堕,6179,8
暦,6149,8
妨,6067,8
羨,6066,8
喝,6044,8
枠,6023,8
椎,5996,8
欄,5970,8
刹,5962,8
某,5954,8
簿,5938,8
圏,5935,8
憧,5927,8
漆,5923,8
抽,5921,8
婿,5914,8
遍,5901,8
肺,5893,6
郊,5882,8
蓄,5882,8
赴,5878,8
詠,5876,8
傑,5855,8
幣,5854,8
票,5831,4
桑,5828,8
朴,5825,8
墜,5810,8
暁,5762,8
漬,5727,8
釜,5722,8
蛍,5713,8
兆,5703,4
伐,5670,8
頓,5657,8
逐,5649,8
蚊,5606,8
俵,5598,5
麓,5543,8
宜,5533,8
彰,5517,8
吏,5503,8
慕,5502,8
潟,5485,8
爽,5470,8
胎,5457,8
岬,5455,8
餓,5441,8
披,5410,8
蜜,5389,8
塾,5376,8
渇,5373,8
礎,5362,8
阻,5335,8
繊,5310,8
陵,5265,8
塁,5256,8
磁,5251,6
頻,5233,8
旬,5229,8
譜,5171,8
軟,5144,8
后,5113,6
錬,5081,8
憩,5068,8
坪,5065,8
軸,5037,8
酬,5029,8
庶,5018,8
腸,5012,4
娠,5007,8
棋,5005,8
殖,4999,8
呈,4995,8
枢,4974,8
粛,4949,8
舗,4947,8
酌,4940,8
伎,4929,8
擁,4902,8
瞭,4897,8
翁,4893,8
滋,4862,8
峡,4840,8
采,4839,8
詣,4830,8
芋,4771,8
煩,4751,8
虹,4732,8
貢,4703,8
踪,4701,8
燥,4700,8
渓,4688,8
錦,4687,8
腫,4681,8
褐,4681,8
傲,4670,8
槽,4648,8
謹,4620,8
緯,4617,8
勲,4607,8
肖,4571,8
硝,4563,8
髄,4550,8
捻,4529,8
妥,4515,8
舷,4514,8
購,4504,8
畔,4448,8
薪,4442,8
侶,4372,8
藻,4347,8
霜,4329,8
賜,4328,8
拷,4285,8
桟,4282,8
冥,4258,8
勅,4252,8
蔽,4228,8
剝,4177,8
謡,4175,8
愁,4151,8
芯,4115,8
迅,4091,8
覇,4044,8
穫,4023,8
漸,4013,8
抹,3965,8
朽,3927,8
但,3922,8
擬,3914,8
雌,3910,8
碑,3888,8
玩,3867,8
詐,3864,8
諭,3860,8
篤,3838,8
閥,3807,8
昆,3783,8
衡,3781,8
斑,3767,8
搭,3754,8
措,3725,8
匿,3724,8
訂,3690,8
茎,3644,8
萎,3635,8
需,3603,8
貿,3595,5
享,3584,8
債,3534,8
挫,3531,8
勃,3465,8
搬,3456,8
媛,3399,8
菌,3385,8
禍,3384,8
尿,3377,8
腎,3365,8
貪,3337,8
括,3317,8
剰,3315,8
洪,3313,8
轄,3295,8
嚇,3268,8
升,3261,8
媒,3256,8
廉,3215,8
耗,3187,8
猶,3166,8
睦,3153,8
臼,3080,8
穀,3064,6
瑠,3051,8
薦,3043,8
頰,3041,8
栓,3030,8
冶,3021,8
繕,3006,8
培,2989,8
羞,2972,8
璃,2937,8
鯨,2894,8
疫,2831,8
遜,2807,8
碁,2806,8
韻,2793,8
扶,2743,8
串,2735,8
坑,2728,8
賄,2702,8
叙,2697,8
桁,2661,8
煎,2651,8
倣,2628,8
弔,2610,8
𠮟,2598,8
勾,2579,8
閲,2569,8
騰,2566,8
礁,2566,8
謁,2533,8
訟,2524,8
屯,2520,8
遷,2507,8
寡,2504,8
惧,2497,8
殉,2458,8
綻,2457,8
畝,2435,8
喩,2433,8
逝,2429,8
窒,2382,8
娯,2379,8
箋,2363,8
凹,2350,8
弧,2333,8
唆,2310,8
旺,2310,8
紡,2266,8
准,2264,8
儒,2262,8
惰,2248,8
丼,2231,8
栽,2213,8
辣,2197,8
賓,2165,8
斥,2141,8
践,2128,8
陪,2124,8
酢,2110,8
肪,2089,8
庸,2089,8
該,2077,8
悼,2073,8
累,2070,8
弊,2066,8
梗,2024,8
阜,2008,8
鋳,1989,8
奨,1962,8
搾,1950,8
拉,1942,8
嫡,1941,8
硫,1912,8
醸,1895,8
姻,1861,8
酎,1835,8
且,1807,8
濫,1796,8
遡,1771,8
糾,1760,8
憾,1715,8
循,1702,8
茨,1697,8
酵,1639,8
緻,1628,8
塡,1608,8
舶,1521,8
詔,1516,8
埼,1513,8
賦,1494,8
窃,1473,8
堆,1471,8
壌,1451,8
腺,1450,8
罷,1440,8
栃,1419,8
麺,1397,8
痢,1356,8
矯,1345,8
毀,1315,8
諧,1303,8
賂,1299,8
泌,1272,8
凸,1220,8
氾,1202,8
摯,1185,8
畿,1183,8
祉,1168,8
俸,1160,8
壱,1146,8
脊,1146,8
抄,1120,8
衷,1119,8
卸,1111,8
嘱,1097,8
厘,1083,8
虞,1078,8
蚕,1055,6
瘍,1028,8
倹,1015,8
窯,966,8
哺,952,8
賠,945,8
憬,896,8
墾,825,8
租,757,8
丙,755,8
朕,754,8
汎,734,8
弐,702,8
恣,696,8
遵,689,8
捗,680,8
繭,672,8
沃,651,8
彙,623,8
璽,578,8
劾,547,8
諮,544,8
謄,521,8
痘,507,8
斤,504,8
迭,467,8
訃,436,8
款,428,8
頒,395,8
逓,350,8
塑,346,8
錮,297,8
酪,274,8
楷,192,8
