年,0.026996883933189098
日,0.04275528577225862
月,0.05545634860806947
大,0.06476789443112761
本,0.07286627663974998
学,0.08081236976325847
人,0.08802661230029862
国,0.09421452576730723
中,0.10024330989888747
一,0.10605921560617562
出,0.11157086452085023
部,0.1170375714982213
作,0.1222158482133598
会,0.12730469238748068
名,0.1322549508072203
市,0.13718634453661901
地,0.14207896923753455
行,0.1469328565208798
時,0.15132124150118217
場,0.15562816691515946
生,0.15992761986056475
上,0.16415315595469007
子,0.1683785919475913
社,0.17246381071177438
田,0.17642063297249394
合,0.18035470240058857
後,0.1842468329281031
代,0.18813440270335402
第,0.1920203480289154
道,0.19588369857641624
東,0.19974266925632164
発,0.2034849868868977
者,0.20717324458796674
山,0.21085833944158613
高,0.2145343285961348
戦,0.21819223630851722
事,0.2217986182329083
用,0.22532943778238798
長,0.22878091218438176
間,0.23221956309271802
県,0.2356519743580845
画,0.23902468665831883
所,0.24231883354691833
立,0.24558837836448952
成,0.24884286760672159
分,0.25208286851388456
業,0.25530566957211814
校,0.2584323242826712
新,0.2615475656975134
手,0.26464145745303014
川,0.267703067441851
同,0.2707594827039889
目,0.2738131284989263
開,0.2768484311835853
前,0.27982235250008236
関,0.2827142645716026
小,0.2855797112843966
動,0.28841616376543405
定,0.29121684849854995
線,0.2940169870653378
内,0.29680290598981596
主,0.2995740169577726
自,0.30230573545979755
文,0.3050093799588632
和,0.3076722446241542
的,0.3103295721112061
車,0.3129713505414456
駅,0.31561308155531576
物,0.3182120851519457
体,0.32078617759306594
通,0.32335992231414445
野,0.3259082729352109
町,0.3284538786753424
公,0.33098096042052744
家,0.33350323379463126
号,0.33601227800169564
下,0.33851798725745136
入,0.34101125235050406
設,0.3435044875888057
連,0.34599231209251974
現,0.34845099133456015
外,0.3509090225528866
放,0.35331996053567194
送,0.35572527001980314
在,0.3581272691388913
方,0.3605051508876153
番,0.3628733737462932
式,0.36522057534790714
全,0.3675632741505978
機,0.3698838576074066
島,0.3721919003126119
村,0.3744942354918809
選,0.3767847253596297
回,0.3790261533344299
京,0.3812598594656787
平,0.383472509216627
表,0.38567855404294565
度,0.38787753383023604
原,0.39006936779505413
記,0.39225997069043184
世,0.3944327257131662
女,0.39660185953021415
明,0.3987654842676122
北,0.4009215434598614
化,0.40306539732741603
当,0.40520913704445194
三,0.4072951007935558
最,0.40937793857460836
数,0.41144623533573704
組,0.41351450399827644
対,0.41556753620080866
曲,0.4175874050434081
語,0.4196054826009444
法,0.42161342886090325
初,0.42362119248003216
海,0.42561341406699604
演,0.42759399756953526
書,0.42957200653883676
神,0.4315423305439852
力,0.4335092756937794
教,0.4354702955535707
位,0.43741330597383066
区,0.43935499576039705
理,0.4412826169345708
西,0.44319687547340636
期,0.4451093866312244
見,0.4470008273594474
以,0.44888649382758466
性,0.4507542597382238
軍,0.4525861490189081
多,0.4543996653345629
実,0.4561362740553471
水,0.45785246739489754
特,0.4595684271649251
員,0.4612710225434525
経,0.4629593385701681
都,0.4646209767425764
品,0.46625646566538725
元,0.46789124158649653
要,0.4695257646203027
編,0.4711516174831712
制,0.472761489273418
身,0.4743707288454072
治,0.4759769583560257
金,0.47757618604944174
勝,0.4791471588552302
使,0.4807171148433211
正,0.48225372658681104
木,0.4837872896333701
面,0.4853208421429582
政,0.48684632860127686
点,0.4883683413715026
南,0.48987453814831833
鉄,0.49137939497366045
置,0.4928805691276522
民,0.4943652002372378
電,0.4958414878219854
加,0.4973095249584718
共,0.4987627980424823
等,0.5002062137901603
科,0.5016495540228798
売,0.503092005637715
形,0.5045272675260323
版,0.5059545248287441
二,0.5073679857241464
能,0.508780817913615
映,0.5101878266704665
口,0.5115906206389343
王,0.5129798236710263
務,0.5143509294554958
像,0.5157174165343612
活,0.5170833047620439
気,0.5184399748962989
美,0.5197925918090582
来,0.5211450401302822
界,0.5224955935528953
優,0.5238452636261096
州,0.5251802785288814
参,0.5265146963366321
天,0.527845789730045
賞,0.529175465900864
取,0.5305044308261432
空,0.5318316905182888
称,0.5331514601802441
話,0.5344637591297893
知,0.5357593271256127
役,0.5370510930310817
音,0.5383337655306127
言,0.5396051634712172
運,0.54087580977456
重,0.5421427593572579
集,0.543408592021034
楽,0.5446669873394746
受,0.5459199297754438
次,0.5471705663709348
路,0.5484178645027934
持,0.5496599837134255
結,0.5509005153537664
別,0.5521351094109717
団,0.5533606012814298
型,0.5545793951506816
報,0.5557975813879412
岡,0.557013186067316
郡,0.5582267694044283
際,0.5594396221782207
変,0.5606499302735265
信,0.561855633712523
昭,0.5630586502239249
有,0.5642501796808193
他,0.5654390257224425
井,0.5666278559586095
院,0.5678155446895892
交,0.5690029893140749
属,0.5701859012848863
台,0.5713629669929771
指,0.5725367451661286
工,0.5737076924064156
系,0.5748726037185048
登,0.5760317583321265
製,0.5771909094334245
録,0.5783496460805315
利,0.57950832653046
不,0.5806585721351355
士,0.5818039162921531
館,0.5829480943577179
松,0.5840835759099176
説,0.5852169781665146
局,0.5863486980200817
藤,0.5874795977460758
郎,0.5886079405004505
近,0.5897345025067331
史,0.5908588254066868
議,0.5919815765418057
保,0.5931023098469859
産,0.5942228956345726
歌,0.5953420747365363
店,0.5964568107490787
歴,0.5975698766517242
総,0.5986793915951563
付,0.599772426716008
続,0.6008547773483068
太,0.601935940815211
始,0.6030154183667615
終,0.6040859816408806
隊,0.6051564623753937
石,0.6062243773574783
種,0.6072847917724015
得,0.6083422417861616
広,0.609392164890333
男,0.6104411238616616
考,0.6114831354568043
造,0.6125202631659075
項,0.6135547917555072
城,0.6145825977576349
義,0.6156087564799694
宮,0.6166345060165981
流,0.6176583255313796
園,0.6186782779778188
備,0.6196889578898139
基,0.6206975409445881
屋,0.6217026187003565
決,0.622703583525127
改,0.6237031416642744
任,0.6246998144295409
愛,0.6256941392064452
相,0.6266870063690334
注,0.6276750669167024
心,0.6286612922752627
意,0.6296417170313098
古,0.6306213040981655
収,0.631599294813921
無,0.6325754626337005
門,0.6335513301498077
真,0.6345247583571377
進,0.6354953169960432
計,0.6364655823559237
術,0.637433994965077
少,0.6383999050436275
解,0.6393638499770942
権,0.6403261353376347
技,0.6412883890872624
研,0.6422448352097296
武,0.6431939686743511
安,0.6441410930898429
朝,0.645086492954421
脚,0.6460233455793892
球,0.646957065211659
福,0.6478902474584097
情,0.6488211326454913
建,0.6497511134092323
馬,0.6506796804627029
向,0.651607876966028
約,0.6525290224796195
営,0.6534486752556584
育,0.6543651634280859
様,0.6552763356986644
光,0.656185683317105
統,0.6570931816971424
域,0.6579974223969914
監,0.658900897410284
由,0.659799560540172
英,0.6606974667643125
止,0.661593623851274
崎,0.6624883707402885
支,0.6633745405349423
撃,0.6642564551494903
転,0.6651375601734362
直,0.6660166245373396
府,0.6668955326028405
死,0.6677740402634449
戸,0.6686482646453544
橋,0.669517636752137
究,0.670383633515889
谷,0.6712391495058602
阪,0.6720922788719089
色,0.6729431902055708
伝,0.6737910774285673
装,0.6746376633356503
両,0.6754839436705755
格,0.6763236524479458
土,0.6771598243153972
呼,0.677995133907392
字,0.678828353666813
常,0.6796612678540763
存,0.6804815394323501
題,0.681301233233383
督,0.6821173532450989
配,0.682933359106296
移,0.6837483042457498
彼,0.6845614721494353
兵,0.6853709363078284
佐,0.6861727681869234
再,0.686969661738962
可,0.6877659213165813
引,0.6885485091743808
構,0.6893299274284038
官,0.6901047706125482
類,0.6908750407512961
強,0.6916449245344423
族,0.692412332129413
声,0.6931734509088827
施,0.6939323095080817
乗,0.6946856028304523
星,0.6954362320553321
命,0.6961847609106673
協,0.6969282144583236
寺,0.6976690372755638
江,0.6984006648294803
白,0.6991321202795375
吉,0.6998624851531006
調,0.700589767962658
果,0.701314787079621
状,0.7020396358488868
料,0.702760743993462
曜,0.7034726287761242
千,0.7041814069085152
万,0.704888383218872
競,0.7055950838118221
師,0.7063017527938594
株,0.707004185913571
起,0.707700439099815
先,0.7083946762122819
紀,0.7090878771892712
葉,0.70977980846126
住,0.7104685400064008
河,0.7111549147823703
着,0.7118398565302894
覧,0.7125219269536219
達,0.7132034986269958
艦,0.7138825344026921
器,0.7145595453238024
試,0.7152351881948498
津,0.715909162712162
旧,0.7165819711380212
論,0.7172542070551251
退,0.7179181696938641
陸,0.718578061549489
管,0.7192378199368152
資,0.7198963841340993
良,0.7205531623148057
十,0.7212096226302216
各,0.7218650661279399
級,0.7225193540711763
降,0.7231735840610725
問,0.7238263845352417
載,0.7244788495825022
親,0.7251303785955091
側,0.7257744860686369
青,0.7264175012091086
条,0.7270567318208441
党,0.7276915527102331
風,0.7283258449949123
列,0.7289547388381367
劇,0.729582052135717
周,0.7302090510803305
巻,0.730834460698491
速,0.7314585935870035
花,0.7320812126640215
影,0.7327028377534457
沢,0.7333235549072056
久,0.7339431920214421
更,0.7345627940124421
座,0.735177678952776
半,0.7357922723702466
応,0.7364063652815968
件,0.7370184983163484
示,0.737630601496349
判,0.7382396682725514
容,0.7388483732794175
職,0.7394568376921136
過,0.7400651809296435
落,0.7406710233927324
予,0.7412752519431026
廃,0.7418787639794476
四,0.7424820424462698
著,0.743080774210123
典,0.7436787648736852
八,0.7442767169016874
衛,0.744872507094481
専,0.7454679794219842
司,0.7460625947425158
図,0.7466569659565536
認,0.7472500639532672
限,0.7478429599913706
室,0.7484355346518599
観,0.7490275473405645
商,0.7496183693515509
港,0.7502091035544459
攻,0.7507985750769876
夫,0.7513856353893414
反,0.7519726921893716
修,0.75255824747104
打,0.7531426261242847
森,0.7537237945137104
詞,0.7543040883345465
領,0.7548823889117094
頭,0.7554594601755937
米,0.7560344714616556
継,0.7566089225320947
離,0.7571796417586524
船,0.7577482676403128
円,0.7583160224657072
父,0.7588829220402921
食,0.7594471715666807
接,0.7600092258907861
量,0.7605706725828996
概,0.7611320490285399
切,0.7616924139249682
防,0.7622491312732826
洋,0.7628031177899569
急,0.7633564914061536
浜,0.7639096314528274
便,0.7644624360725923
航,0.7650152003006352
氏,0.7655656182964778
係,0.7661132299457216
庫,0.7666606466610026
足,0.7672065302470091
及,0.7677519063022477
催,0.7682968766841043
単,0.7688410041082842
歳,0.7693838776329199
味,0.7699256395071195
査,0.7704657137098035
芸,0.7710056913235873
母,0.7715456636688856
殺,0.7720854252747646
異,0.7726225649310366
込,0.7731579659871003
念,0.7736924924745744
独,0.7742236927915489
思,0.774753763896469
横,0.7752816819469898
規,0.7758080018902483
担,0.7763335052182575
春,0.7768588206369512
走,0.7773818460206232
争,0.7779032065628835
五,0.7784243510972392
波,0.7789452322073209
投,0.7794652615789167
黒,0.779984648195284
例,0.7805019976639325
態,0.7810158031980149
派,0.7815273748942541
創,0.7820389149795802
復,0.7825494101486197
央,0.7830598614136134
魔,0.7835689990695609
医,0.7840771444940764
助,0.7845841361202718
企,0.7850909591549319
今,0.7855952287302961
挙,0.7860991505856186
聞,0.7866022400202355
将,0.7871046831873001
奈,0.7876037650606287
岩,0.788101826603936
客,0.7885984375575746
博,0.7890944847832669
介,0.789590423126926
敗,0.790082940467347
富,0.7905754174160458
完,0.7910671743383958
林,0.7915585923215133
護,0.7920496292175144
済,0.7925398091065441
去,0.7930293023362996
供,0.7935151831411781
警,0.7940006371987325
清,0.7944817605612227
籍,0.7949618337389406
御,0.7954417576429031
程,0.7959216235935256
省,0.7963979333164491
守,0.7968731138273182
病,0.7973474390873778
尾,0.7978203717111089
略,0.7982932147705868
害,0.7987659103124713
帝,0.7992377014310151
導,0.7997082017706164
渡,0.8001782595574375
火,0.8006480310898807
好,0.8011169947878838
委,0.8015849118134383
宇,0.8020520754455691
衆,0.8025190880477828
準,0.8029854139907224
展,0.8034496097093663
飛,0.8039133101903753
質,0.8043766629513425
刊,0.8048396943346954
闘,0.8053014050843548
素,0.8057617671017313
増,0.806221723445726
率,0.8066810756700522
徳,0.8071395480573034
皇,0.8075976393574382
験,0.8080556270440253
比,0.8085129421206327
残,0.8089700236277173
提,0.8094270243513578
必,0.8098828291287945
与,0.810338159742538
辺,0.8107901957966948
旅,0.8112420737962872
追,0.8116915089747789
雄,0.8121399607026478
積,0.8125882684252469
根,0.8130364830712691
銀,0.813484650300922
志,0.8139325224953881
赤,0.8143794814857044
秋,0.8148245561143806
首,0.8152651191633246
消,0.8157056804561067
標,0.8161457465112537
張,0.816585313816442
章,0.8170213126007987
献,0.8174569987883502
含,0.8178923372558601
般,0.8183251398256924
仕,0.8187578071710642
香,0.8191885708370158
従,0.8196186373067224
賀,0.8200481435608062
堂,0.8204764942604083
告,0.8209046693438277
末,0.8213298361220381
了,0.8217536243132147
授,0.8221766292562167
没,0.8225994392652559
泉,0.8230209584953526
帯,0.8234415258857393
確,0.8238614505208974
境,0.8242805321983788
友,0.8246983599763161
夜,0.8251158839382574
感,0.8255327739257793
倉,0.8259495673244006
差,0.8263655528885818
里,0.8267793467628035
失,0.8271909805579785
勢,0.8276014552863479
宗,0.8280111063748207
補,0.8284203342282933
照,0.8288286769762053
未,0.8292366000014407
豊,0.829644484391116
細,0.8300515837764548
蔵,0.8304580140641377
併,0.8308641598536046
想,0.8312691026722204
響,0.8316730620402133
丁,0.8320762609901353
察,0.832478987532526
舞,0.8328783246825914
破,0.8332763043195649
興,0.8336739379926585
血,0.8340714346851297
写,0.8344669592078696
坂,0.8348618251699246
右,0.8352566331786393
令,0.8356514183572502
聖,0.8360458733774377
九,0.8364401422444717
児,0.8368343900375637
陽,0.8372285394855934
玉,0.8376223096026686
評,0.8380159480076068
非,0.8384087416987065
永,0.838801516072026
視,0.8391932068934985
郵,0.8395846676577718
角,0.839974772665115
街,0.840363836268495
越,0.8407489344584707
源,0.8411317232956443
鳥,0.8415144857903907
象,0.8418967056311325
織,0.8422780263170192
個,0.8426583811139013
述,0.8430383688729617
階,0.8434158804438466
誌,0.8437920836741707
価,0.8441669820762576
秀,0.8445409286386346
宝,0.8449132946553677
築,0.8452855711078476
績,0.8456576333085847
若,0.8460283801441136
断,0.8463985737886672
仮,0.8467682282915401
丸,0.8471377247398486
就,0.8475036263248981
悪,0.8478682968405071
検,0.8482329515506598
帰,0.8485975061595883
毎,0.8489614162571265
卒,0.8493252403027352
停,0.8496888184856881
祭,0.850052154318309
短,0.8504135724222153
左,0.8507748236907481
歩,0.8511352355139278
環,0.8514934363293678
頃,0.851851261326177
講,0.8522084242499774
販,0.8525642946386737
革,0.8529192553355437
弾,0.8532728725686164
週,0.8536264511661289
読,0.8539781418896778
課,0.8543284768562966
除,0.8546782498511311
段,0.8550273449675003
然,0.8553761468048446
夏,0.8557202719832447
早,0.8560637210393417
留,0.8564064922169735
池,0.8567489349923438
瀬,0.85709109502566
算,0.8574311459086226
薬,0.85776974971424
模,0.8581070486916202
深,0.8584440947816976
漫,0.8587809002776046
居,0.8591172755138641
財,0.8594534189367625
浦,0.8597890126810093
房,0.8601233349640935
樹,0.860457179571161
農,0.8607901548781243
割,0.8611228281252534
換,0.861455283608316
超,0.8617872543907146
健,0.8621190513130922
甲,0.8624473218625222
訳,0.8627749496567235
百,0.8631022613417962
満,0.8634292569177401
極,0.8637556905218995
鹿,0.8640818747510794
跡,0.8644072265595536
庁,0.8647322692835464
弟,0.8650568290630368
奏,0.8653807899913444
塚,0.8657025083009994
整,0.8660239702110277
低,0.8663436267866984
案,0.8666631095023483
射,0.8669818019451762
証,0.8673000325174436
群,0.867614852623444
華,0.8679295199433653
援,0.8682440660881207
何,0.8685584418851788
郷,0.8688722680035854
推,0.8691850316440868
遠,0.8694967538806251
幸,0.869807576962308
幕,0.8701183473591364
温,0.8704285803704457
複,0.8707387765023566
採,0.8710483316352009
板,0.8713572352320076
藩,0.8716660633138557
私,0.8719735110525081
難,0.8722805917533387
負,0.8725871578987542
養,0.8728919538330485
習,0.8731964898553924
岸,0.8734987446235237
効,0.8738008711918417
植,0.874102781752255
違,0.8744044640116307
精,0.8747056545456952
沿,0.8750066115102365
盤,0.8753074964721431
療,0.8756077263856883
遺,0.875907668288694
振,0.8762072817894382
談,0.8765064913729621
徒,0.8768054937293907
婚,0.8771036689335988
延,0.8774014929054417
撮,0.8776990042804794
恋,0.8779953530763879
密,0.87829168606684
伴,0.878587311324076
席,0.878882360560233
普,0.8791769830490659
竹,0.8794715967570899
臣,0.8797661665610681
材,0.880060100634465
為,0.8803525086032349
望,0.8806433781742445
策,0.8809339614908764
静,0.8812243340680892
突,0.8815145204921483
枚,0.8818043785139459
求,0.882093604317486
描,0.8823827405567728
羽,0.8826717292784662
砲,0.8829594641006154
順,0.8832462312775983
絵,0.8835329879176101
妻,0.8838185731976836
働,0.884103684314064
獲,0.8843884002940334
端,0.8846727790909322
諸,0.8849570279318557
六,0.8852412205756008
宿,0.8855231881623117
背,0.8858048080289808
囲,0.8860860116852971
枠,0.8863667113231691
替,0.8866461658423062
寄,0.8869238589311311
処,0.887201330743566
刑,0.8874785444002123
裁,0.8877535821723556
盟,0.8880282827614281
亡,0.8883024213787161
兄,0.8885760928569583
舎,0.8888495184725447
徴,0.8891222293302677
給,0.889394501147534
故,0.8896645742501936
功,0.8899345226653634
爆,0.8902042638534378
康,0.8904732832590014
雑,0.8907422851029467
草,0.891011165771726
秒,0.8912790559652352
休,0.8915463086720012
識,0.891811680529451
敵,0.8920764746096599
布,0.8923410193148894
娘,0.8926039202526493
熊,0.8928661380434586
七,0.8931267647516531
輸,0.8933861603904072
輪,0.8936437471824799
液,0.8939011724076644
圧,0.8941584782138449
扱,0.8944154152260417
紙,0.8946722538931763
険,0.8949288238675515
翌,0.8951845631773826
熱,0.8954394700665079
宙,0.8956943031968365
姿,0.8959490450067502
邦,0.8962024855007504
揮,0.8964547493663267
乱,0.8967067972239985
緯,0.8969587045887241
幼,0.897210153595213
貴,0.8974612373200418
恵,0.8977122209436467
韓,0.8979623984889731
労,0.8982115943398384
副,0.898460514473297
景,0.8987077065435183
具,0.8989540117520172
壊,0.899200125538877
探,0.8994461515176454
湾,0.8996913292702515
絶,0.8999363419436461
搭,0.9001783691419354
服,0.9004203015074862
岐,0.9006612328607957
麻,0.90090183229952
許,0.9011417152242192
昇,0.9013808552924657
頼,0.90161953173399
純,0.901858139685203
忠,0.9020958923856065
返,0.9023333711247651
抜,0.9025702668181972
遊,0.9028071379253638
操,0.9030439282490863
減,0.9032806887180578
亜,0.903517270058523
札,0.9037536599773491
息,0.9039892666480005
拠,0.9042243833495024
捕,0.9044593859004855
宅,0.9046941408326511
幅,0.904928446187389
貨,0.9051613676866076
費,0.9053941153258055
栄,0.9056266135900238
因,0.9058581178666485
閉,0.9060889477771317
則,0.9063197776876148
節,0.9065497189802139
詳,0.906778736531692
怪,0.9070070937663234
仲,0.9072352174314319
鈴,0.9074631005023701
印,0.9076907903955074
隣,0.9079180605659681
笑,0.9081446669072585
滅,0.9083703986799592
仙,0.9085959513241536
況,0.9088214442588458
倒,0.9090465490817744
値,0.9092710655904912
沖,0.9094955680499133
被,0.9097190273492104
掲,0.90994242167052
盛,0.9101657931617257
途,0.9103890715763547
覚,0.9106103374295305
潟,0.9108303002106309
抗,0.9110496658967103
竜,0.911268471367167
俳,0.911487081903661
並,0.911705560728018
候,0.9119233651862336
審,0.9121411257404035
散,0.912358840634366
毛,0.9125752805548424
矢,0.9127909460079532
夢,0.9130065113598399
黄,0.9132220486131374
喜,0.9134369062318081
君,0.9136513037360801
測,0.9138648495018663
脱,0.914077548797652
躍,0.9142900022307822
戻,0.9145017426622106
酸,0.9147127823850703
待,0.9149233461880749
隆,0.9151337800351045
桜,0.9153424805504112
剣,0.9155509615454895
距,0.9157593933680368
軽,0.9159677531879491
襲,0.9161753297596869
仁,0.9163827149097855
巨,0.916589978884718
承,0.9167971041228663
激,0.9170040765749357
老,0.9172097512234152
誕,0.9174153802116872
障,0.9176209055864115
携,0.9178261324136253
練,0.918031339923059
辞,0.9182364561120776
弁,0.9184402850344775
奥,0.9186436889657152
駆,0.9188466011716416
紹,0.9190491937561156
幹,0.9192517090694691
宣,0.9194538011478225
閣,0.919655749220906
救,0.9198576797323713
惑,0.9200592572553095
契,0.9202608259974385
災,0.9204623262492564
礎,0.9206634208276923
湖,0.9208643327652981
兼,0.9210645650682772
片,0.9212647657603433
執,0.9214645871214548
億,0.9216643944332719
締,0.9218634307900471
姫,0.9220622212841665
似,0.9222604814174142
慶,0.9224584008552676
騎,0.92265608847976
罪,0.9228537374686921
適,0.9230507454585576
雲,0.9232456109309947
敷,0.9234403482036184
逆,0.9236350749392711
至,0.9238293731714382
署,0.9240228776184597
殿,0.9242155373516425
秘,0.9244078476086219
稲,0.924599706532012
傷,0.9247904081447582
票,0.924980902530409
妹,0.9251708999222628
掛,0.9253598945457137
裏,0.9255487451638947
霊,0.925737462313777
善,0.9259260003351529
雪,0.9261144189375247
吹,0.9263023809378216
杉,0.9264903394257947
酒,0.9266782346919421
鮮,0.926865812092799
庭,0.9270530979707926
須,0.9272392423435989
圏,0.9274251689523388
旗,0.9276110095091491
哲,0.9277959456426188
律,0.9279805129821049
易,0.9281647624563004
訪,0.928348453471035
震,0.9285318231081554
仏,0.9287148274636159
巡,0.9288974682935782
占,0.9290799264827106
拡,0.9292620281709922
固,0.9294439507307676
沼,0.9296247827140486
銃,0.9298049438435119
魚,0.929984204061958
顔,0.9301625475639308
犯,0.9303408489180197
筆,0.930519146759785
祖,0.9306969932679608
裕,0.9308740986758459
禁,0.9310502048276517
詩,0.9312261862919676
範,0.9314012299658684
益,0.931576273639769
鬼,0.9317512312617401
俊,0.9319261028317818
姉,0.9321009550840433
臨,0.9322746746119268
埼,0.9324467415915314
憲,0.9326186557850571
肉,0.9327901379627735
症,0.932961599066548
浅,0.9331326509846168
勤,0.9333033920620425
丘,0.933473890789136
駐,0.9336443175135947
塩,0.93381443339741
鶴,0.9339844579608103
衣,0.9341540645576959
縄,0.9343233515331291
摩,0.9344925858237075
伸,0.934661403903933
茶,0.9348297249903615
層,0.9349980127097155
軌,0.9351659632459987
暴,0.9353338523166179
茂,0.9355012004893946
焼,0.9356673123242453
券,0.9358322738730996
買,0.9359968982388833
那,0.936160762186596
危,0.936324371490844
季,0.9364876067326229
柳,0.9366507910457088
犬,0.9368136329072385
獣,0.9369763711552205
牧,0.9371388846144886
奪,0.9373010573783623
舗,0.9374630018411987
漢,0.9376235519115448
堀,0.9377838508507496
荒,0.9379434139581491
混,0.9381027329590548
額,0.9382618763437777
油,0.9384210127038534
露,0.9385790022902563
融,0.9387359258864305
双,0.9388925456666087
緑,0.9390488019212888
逃,0.9392043012702217
希,0.9393588997081375
染,0.9395130152015511
暗,0.9396668040488648
飯,0.9398202065405767
折,0.9399734404407534
請,0.9401265549219258
雅,0.9402790442094878
釈,0.9404305096547051
冷,0.9405818837795074
冬,0.9407329997485211
暦,0.940883699507182
欧,0.9410343413125026
砂,0.9411843210448145
童,0.9413339934488069
迎,0.9414836237049153
納,0.9416328869232021
孝,0.9417818076899327
隠,0.9419307091388831
刻,0.9420788782683519
塁,0.9422253105537742
聴,0.9423716532749434
税,0.9425179292619632
孫,0.9426640190958293
翼,0.9428100983927246
綱,0.9429560617829391
陣,0.94310161774361
伯,0.9432468734006085
骨,0.9433919183181879
訓,0.9435368367921158
腕,0.9436813794474127
我,0.943825846587751
願,0.943969741219334
湯,0.944112915824568
雨,0.9442558568602791
床,0.9443987838466956
寿,0.944541257743361
唱,0.9446833874323082
厚,0.9448254890226662
押,0.9449670988877128
吸,0.9451086841664937
互,0.9452495617120587
婦,0.9453902460798227
依,0.945530026024246
免,0.9456697655769473
潜,0.945809187264358
梨,0.9459477817995484
奇,0.9460862850143238
苦,0.9462245142678543
燃,0.9463626504448078
唯,0.9465007233999357
貫,0.9466380745725529
齢,0.9467751675893816
余,0.9469122184583264
批,0.9470485668625407
均,0.9471848098970452
礼,0.9473208158497033
討,0.9474567322381081
緒,0.947592314955766
潮,0.9477270108117014
核,0.9478615960294418
雷,0.9479959828008957
譲,0.9481299358003784
維,0.9482637676246952
阜,0.9483975555449663
架,0.9485311309696564
快,0.948664386772894
鎮,0.948797517888642
捜,0.9489304839251782
勇,0.9490626561765688
虫,0.9491946440309676
弱,0.949325857418001
欠,0.9494568056245986
寛,0.949587683584723
網,0.9497172321303448
濃,0.9498464452490577
恐,0.9499754458721895
誘,0.9501040618958815
誠,0.9502325549882454
較,0.9503605458183271
避,0.9504884453279937
才,0.9506158741862908
簡,0.9507431730886127
梅,0.95087025598303
既,0.9509972967295635
訴,0.9511240635148519
繁,0.9512507073688126
封,0.9513765802677313
飾,0.951502170424596
疑,0.9516275533543651
縮,0.9517527799857317
侵,0.9518767808161434
紅,0.9520003303129656
穂,0.9521236216539993
触,0.9522468901649294
炎,0.9523699040323945
亀,0.952492903850565
縁,0.9526154769214117
彩,0.9527379253047686
茨,0.9528601488994118
偵,0.9529819422344075
否,0.9531035353669549
厳,0.9532248598067429
択,0.9533460929261159
夕,0.9534673207770034
芝,0.9535884362335341
抱,0.9537091108934461
殊,0.95382976799174
鑑,0.9539504163092248
答,0.9540709785747801
遣,0.9541913125392979
髪,0.9543113128330686
繰,0.9544310795573164
筋,0.95455034226312
豪,0.9546692923721185
偶,0.9547880493033161
挑,0.9549068044783517
申,0.9550255034562091
誉,0.9551441076013276
眼,0.955262441297525
壁,0.9553806503062326
晴,0.9554987767753345
輝,0.9556160462374649
敬,0.9557329188070226
歯,0.9558491574021608
柄,0.9559653907288136
刀,0.9560815731267734
枝,0.9561976361057289
丹,0.9563130001322776
弥,0.9564283624026644
束,0.9565436280841507
損,0.9566587444918818
菜,0.956773799433949
脳,0.9568887929103522
塔,0.9570037653128135
羅,0.957118706104362
鏡,0.9572335011344788
浮,0.9573480362526453
払,0.9574623676560399
乳,0.9575764163173804
滝,0.9576893937200067
還,0.9578022692652471
墓,0.9579151342735166
荷,0.9580279694270349
岳,0.9581404094441424
倍,0.958252584280814
底,0.9583645466219045
責,0.9584759891390945
託,0.9585869346624875
爵,0.9586977133505069
己,0.9588084165235679
菊,0.9589185032838277
絡,0.9590282036884856
儀,0.9591377126715045
窓,0.959246638608797
牛,0.9593554117600105
排,0.9594627834940864
渋,0.9595700498584528
到,0.9596770808971344
尊,0.9597840364208575
胞,0.9598908409146635
轄,0.9599976243345275
招,0.9601039230537274
飲,0.960210163819587
鉱,0.9603161341365254
募,0.9604220728425509
杯,0.9605278675433065
傾,0.960633574435971
遅,0.9607391443480129
灯,0.9608446422574198
覇,0.9609500242601463
撤,0.9610552605014412
尚,0.96116019292674
泰,0.9612650515932422
盗,0.9613697469366944
征,0.9614739312370552
桃,0.9615781050004449
械,0.9616821049038139
貞,0.9617859502649422
午,0.9618896323030205
冠,0.9619933073164515
附,0.9620968541300692
忍,0.9622003271848902
艇,0.9623036456974704
冒,0.9624068079116481
崩,0.9625099051478382
包,0.9626123227494015
皮,0.9627140940834125
索,0.9628156739957844
敏,0.9629171134152102
沙,0.9630175325046149
畑,0.9631178585174426
充,0.9632177946623449
陰,0.9633176482676413
剛,0.9634172314240165
威,0.9635167847256406
鎌,0.9636156004392975
氷,0.963714370492747
鳴,0.9638130597627524
嫌,0.9639116015151644
伏,0.964009934284319
剤,0.9641080071415233
佳,0.964205925456487
炭,0.9643035171253508
稚,0.9644008787370153
鎖,0.964498006779157
箱,0.9645947712958005
縦,0.9646915112261785
徹,0.9647881545676559
暮,0.9648847785913534
購,0.9649813534425196
垣,0.965077612184557
駒,0.9651738674142708
困,0.9652699979564949
刺,0.9653661284987191
却,0.9654619060524161
奉,0.9655575413570051
朗,0.9656531555876523
致,0.9657484431721997
拓,0.9658430177550454
斎,0.9659374816996962
賢,0.9660317630035169
析,0.9661258230309475
柔,0.966219691636739
衝,0.966313505801514
荘,0.9664071197638406
拳,0.9665000259929512
咲,0.9665927618743646
幻,0.9666854679010269
径,0.9667779965553448
妖,0.9668704532070277
芳,0.966962785171221
誤,0.9670551013299579
軸,0.9671473489983835
唐,0.9672394983217468
即,0.967331526469944
浪,0.9674235230072284
看,0.9675151665559857
閲,0.9676065905845147
針,0.9676979777336453
姓,0.9677891523871949
謀,0.9678799038057442
狭,0.967970630638028
往,0.9680613504456645
又,0.9681518612700437
迫,0.9682422351138004
沈,0.9683324052427851
勲,0.9684223576077033
頂,0.9685121958221029
踏,0.9686016020206932
如,0.9686909379728104
序,0.9687802036784544
峰,0.9688692059598246
患,0.9689581098961324
斉,0.9690468417285812
涯,0.9691349518797434
紫,0.9692230620309057
脈,0.9693110316891218
彰,0.9693989890542051
診,0.9694868164633133
干,0.9695745314780645
弦,0.9696619286275251
貢,0.9697492607989983
栃,0.9698365525787492
豆,0.9699235019069441
趣,0.9700101702492467
獄,0.9700966067781882
妙,0.970182960767524
漁,0.9702692655843285
毒,0.9703554931300126
摘,0.970441687308622
麗,0.9705273915180819
戒,0.9706130342618778
棋,0.9706986225646571
翻,0.9707837683146561
洞,0.9708688525989911
晶,0.9709537700479527
筒,0.9710384837821423
埋,0.9711230096070166
怒,0.9712074862593596
坊,0.971290967167947
誰,0.9713743848547087
穴,0.9714575110186071
祉,0.9715403228295386
猫,0.9716230661501589
鋼,0.9717055425341815
腹,0.971787513143598
削,0.9718688357293006
迷,0.9719500705069118
隻,0.9720313000160377
塾,0.972112422399292
葬,0.9721934622429405
紋,0.9722743440320245
滑,0.9723551397691792
袋,0.9724355719808356
俗,0.9725156424231559
玄,0.9725956496436503
呂,0.9726753425111778
飼,0.9727545910697633
洗,0.9728335481054855
墳,0.9729124682618093
渉,0.972991369100353
卓,0.973070187399291
謝,0.9731489863804488
魂,0.9732276378440131
磁,0.973306101398262
僚,0.9733845017306851
賛,0.9734625543430667
狙,0.9735401591341825
裂,0.9736176813856924
脇,0.9736950929990071
滋,0.9737722886044173
恒,0.9738494596235618
糸,0.9739265902509844
憶,0.9740036787305232
耐,0.9740807531607673
微,0.9741577836869657
狩,0.9742346825010272
棄,0.9743115198494248
稿,0.9743882131925524
祥,0.9744647941413234
銅,0.9745412995751356
棒,0.9746176241242798
冊,0.9746938538406853
硬,0.9747694004101404
啓,0.9748447485333089
輩,0.9749198806485729
抑,0.9749948230983596
眠,0.9750693985103245
掘,0.9751437561582229
克,0.9752179733131752
菌,0.9752921290024635
祝,0.9753661652727478
桑,0.9754401945183846
陥,0.9755141903969468
踊,0.9755876945501974
虎,0.9756611793856681
逐,0.9757344517255577
遷,0.9758075853286631
該,0.9758806082935733
借,0.9759533590534004
葛,0.9760259096107793
詰,0.9760984584119964
嵐,0.9761707859368233
僕,0.9762430836068992
譜,0.9763151617567467
揚,0.9763870274110132
尋,0.9764588895529561
旬,0.9765307253524717
隔,0.9766022116757836
乙,0.976673683949801
顕,0.9767449612898557
帳,0.9768161982381882
句,0.9768872911812511
雇,0.9769583050970317
蒸,0.9770292698402813
塗,0.977100171361705
薄,0.9771710482968632
欲,0.9772418462047392
亭,0.9773126037208931
陵,0.9773833384069434
悲,0.9774540010903587
披,0.9775245847464918
浴,0.9775951157177702
謎,0.9776656431767249
顧,0.977735427779227
尉,0.9778050859380776
痛,0.9778747107298533
貸,0.9779437647690356
奴,0.9780127836849812
泊,0.9780817060120265
享,0.9781504070626815
媛,0.9782190044997888
溶,0.9782875826191161
刷,0.9783559025826548
尻,0.9784241716175005
磨,0.9784919419023875
透,0.9785593574425856
殖,0.9786267290787379
挿,0.9786939075370894
浄,0.9787610069681586
寝,0.9788280326404312
悟,0.9788949476745086
拝,0.9789616747992707
贈,0.979028387874738
珍,0.9790949709942303
弓,0.979161508453515
届,0.9792279352746047
逮,0.9792942936053831
拒,0.9793604570021989
括,0.9794265975689108
仰,0.9794925923741911
昼,0.9795585485439112
曽,0.9796244502726148
債,0.9796899726703638
騒,0.9797554669695235
斜,0.9798205924746998
偽,0.9798856389525937
僧,0.9799503254173133
畿,0.9800149275862652
斗,0.980079317259636
柱,0.9801435295606624
卵,0.980207689176834
遂,0.9802717416671342
償,0.9803356905438866
棟,0.9803996236151825
狂,0.9804633143361464
曹,0.9805269523722555
慮,0.9805905166495679
煙,0.9806540545844529
呉,0.9807173940730515
抵,0.9807807177561936
緊,0.9808439957791283
幾,0.980907231654179
郊,0.9809703674280058
淡,0.98103300093955
塞,0.981095425467837
賃,0.9811578113605638
胸,0.981220030417917
耳,0.9812815961830708
巣,0.9813428563760667
随,0.9814039514898509
涼,0.9814650290420169
珠,0.9815257571179794
握,0.9815864500707053
捨,0.9816469867250287
旋,0.9817074706944974
肥,0.981767944126995
慎,0.9818283402883723
闇,0.9818884765377992
箇,0.9819484283902343
滞,0.9820083099961964
斬,0.9820680915009343
廷,0.9821278396385976
甘,0.9821875403598915
琴,0.9822471163936959
乾,0.9823066608165872
撲,0.9823661736285657
寒,0.9824253966738429
覆,0.982484598645178
謡,0.9825436267564924
賊,0.9826026285253794
添,0.9826613984809053
符,0.9827197346644599
勧,0.982777905768803
摂,0.9828360206759675
碑,0.9828939020136092
侯,0.9829514935845495
誇,0.9830087058245351
侍,0.9830658794289606
恩,0.983122923077411
堤,0.9831798912109029
徐,0.9832366450926519
銭,0.9832933023855003
尽,0.9833497875744899
肩,0.9834062130539772
怖,0.9834623680845433
妃,0.9835181490526405
喫,0.9835737333306129
丈,0.9836292175073613
耕,0.9836846542677403
奨,0.983740034830941
倫,0.9837953925640378
薦,0.9838507046369271
泳,0.9839060096851693
粉,0.9839610319913572
峠,0.9840158997553045
慣,0.9840705128757868
熟,0.9841250048211032
臓,0.984179340468017
菓,0.9842334741563208
叙,0.9842875270611805
罰,0.9843414675716834
垂,0.9843950305073935
培,0.9844485776376471
瞬,0.9845021159870917
崇,0.9845556473118889
召,0.9846091083902131
促,0.9846625290768153
旨,0.9847159392264465
貝,0.9847691579544385
扉,0.9848219657405632
稼,0.9848747647458789
傘,0.9849275198471488
悩,0.9849802029457837
遭,0.9850327578446054
隷,0.9850852583024104
遇,0.9851376375850495
匠,0.9851899518897009
晩,0.9852422275587921
霧,0.9852944347375722
呪,0.9853460852130531
椎,0.985397716370754
預,0.9854487732635376
訂,0.9854995561950763
皆,0.9855503233211586
錦,0.9856010289815769
朱,0.9856517170803769
貧,0.9857023963983678
糖,0.9857527964866283
舟,0.9858030578381044
猛,0.9858532577239167
釜,0.9859032257963678
涙,0.9859530884991093
潤,0.9860029231032618
峡,0.9860527050225593
孤,0.9861021023424168
邪,0.9861514487335813
猿,0.9862007354152438
逸,0.986249851749209
鼻,0.9862988539326556
昔,0.9863477700641726
戯,0.9863966756587187
澄,0.986445507494468
邸,0.9864943305494083
勉,0.9865431448235393
凡,0.986591892363521
汚,0.9866406293665317
銘,0.9866891556301233
堅,0.9867375853048144
疾,0.9867859675631361
噴,0.9868342040600263
俺,0.98688242475146
貯,0.9869304417281218
灰,0.986978374409016
烈,0.987026257917379
緩,0.9870739886396631
忘,0.9871216245292086
陳,0.9871691919284428
努,0.9872165907361417
頻,0.9872638262207907
悠,0.9873110002397758
循,0.9873581215739061
渓,0.987404912749613
貿,0.9874516565089506
后,0.9874982158712964
尼,0.9875446329845342
屈,0.987590867456942
嫁,0.9876370790992461
宰,0.9876832485936665
溝,0.9877294180880868
励,0.9877755647524034
紛,0.9878214901403297
唄,0.9878673786488578
簿,0.9879129580729044
恭,0.9879582003138802
彫,0.9880033494782793
班,0.9880484705440891
但,0.9880935880975753
掃,0.9881386073059992
粒,0.9881832700135723
懸,0.9882278624746723
阻,0.9882722635141332
勘,0.9883165872824738
軒,0.9883606985552335
劣,0.988404516548968
酷,0.9884481589265198
寧,0.9884917503753787
控,0.988535145134113
謙,0.9885785381366855
釣,0.9886217941586356
寮,0.9886646690934693
衰,0.9887075089050663
酵,0.9887503364235307
泣,0.988792881199941
薫,0.9888353206066417
虐,0.9888777213777822
膜,0.9889200641955823
媒,0.9889620873919301
驚,0.9890039419967426
瞳,0.9890457755276131
幽,0.9890871647495415
麦,0.9891285293852043
苗,0.989169621815784
軟,0.9892106018520068
擁,0.9892514185651797
墜,0.9892922335221909
辛,0.9893327481755296
脂,0.9893732575603829
栽,0.9894137651890744
秩,0.9894537898732635
旦,0.9894937214808759
准,0.9895335371818077
傍,0.9895733019540465
祈,0.9896130403838579
挟,0.9896525838797066
慈,0.9896921168385843
訟,0.9897316322358438
勅,0.9897708912334765
履,0.9898101080832254
偏,0.9898491580976009
腰,0.9898881519147978
掌,0.9899271299265384
蛇,0.9899659516398763
匹,0.9900047329614923
懐,0.9900433685216766
鍵,0.9900819812517573
寸,0.9901205149545557
虚,0.990159029339574
靴,0.9901975296752976
幣,0.9902357349758345
脅,0.9902739262270768
需,0.9903118452732358
措,0.9903495553361376
陶,0.9903870107555744
禅,0.9904243010957997
股,0.9904612524967924
蹴,0.9904981564814157
郭,0.9905348602635908
魅,0.9905715289225294
坪,0.9906078147381898
鍋,0.9906439565485805
拘,0.9906800210878507
昆,0.9907159504026604
慢,0.990751858643528
黙,0.9907876702954953
酔,0.9908234503365496
赴,0.990859088128496
湿,0.9908946240630565
抽,0.9909301196058949
屯,0.9909655308529657
芽,0.9910007524345592
盾,0.9910358949888706
鋭,0.9910710182254018
刃,0.9911059623334267
伐,0.9911407975594183
嗣,0.9911756292730863
泥,0.9912104311320034
炉,0.9912451697690945
誓,0.9912798943568911
扇,0.9913144942571981
牙,0.9913490765958867
跳,0.9913835588333512
殻,0.9914179989229319
暖,0.9914524179385706
篤,0.9914867052420725
浸,0.9915209521538523
暁,0.99155515867391
凍,0.991589170260005
宜,0.9916230009614319
鼓,0.991656798295784
暫,0.9916905236275013
虹,0.9917241681757746
尿,0.9917577846254586
刈,0.9917913273163459
勃,0.9918248348839968
零,0.9918582950352782
腐,0.9918917376249414
帽,0.9919251222612643
羊,0.991958478798998
鐘,0.9919915666439723
藍,0.992024506971353
桁,0.9920574244686301
墨,0.9920902805002433
癖,0.9921231330195327
洪,0.9921558239719341
叔,0.99218849033807
壇,0.9922210601153054
舶,0.9922536070624371
帆,0.9922860381028882
隅,0.9923183848475716
碁,0.9923507070059895
粋,0.9923830010658181
蜂,0.9924151792189662
伎,0.9924473064434213
傑,0.9924790912163203
蓄,0.9925107214469784
猟,0.9925423288475329
犠,0.9925738449276723
裸,0.9926053048106334
孔,0.9926367594251089
虜,0.9926679541276341
諭,0.9926990926329808
腸,0.9927302083082239
妨,0.9927613169588195
胴,0.992792306190411
籠,0.9928231461482473
硫,0.9928539720567889
喚,0.99288466274087
吐,0.9929153516687891
肝,0.9929460177666045
搬,0.9929765521522829
揺,0.9930068160890401
践,0.9930370554395316
尺,0.9930672579106248
慰,0.9930973813544358
岬,0.9931274046970227
貌,0.9931570838318916
蓋,0.9931864609069263
楼,0.9932158239326664
慕,0.9932451342735517
畜,0.9932744217843332
牲,0.9933036847088492
臼,0.9933328159212282
偉,0.993361827714603
嬢,0.9933905673028947
肢,0.9934192577186552
笛,0.9934479375974448
瓶,0.9934766104515871
枢,0.993505246426331
汽,0.9935338191792491
腫,0.993562293587105
兆,0.9935907030169733
駄,0.993619066786634
壮,0.9936473550413363
綿,0.9936756380275531
瓦,0.9937038841343715
叫,0.9937320775563351
錬,0.9937602147811203
盆,0.9937882712224614
棚,0.9938163241514789
拾,0.993844350738069
繊,0.9938723334206134
巧,0.9939002616621412
喪,0.9939281740982125
閥,0.993956075997313
庶,0.9939839287238822
拍,0.9940116251520489
粘,0.9940392811884936
奮,0.9940669038578636
賭,0.9940944984286444
是,0.9941220209967903
鍛,0.9941494557568448
擬,0.9941768044649698
疫,0.9942040987320782
衡,0.9942313192403899
呈,0.9942585011131414
疎,0.9942856496188183
舌,0.9943127507081257
砕,0.9943398412604623
凶,0.994366930056637
哀,0.9943939608994714
膨,0.9944209179835091
絞,0.9944477784786464
妊,0.994474412428908
肺,0.9945008426643978
憧,0.9945271587493687
漠,0.9945534484919124
懲,0.9945796311085846
賜,0.9946058102129332
賠,0.9946319805364725
忌,0.9946581192490991
昧,0.9946840595154391
紳,0.9947098575326714
歓,0.9947356485252563
肌,0.9947614324931938
縛,0.9947871093352599
嫡,0.9948127510540896
剰,0.9948382206690602
爪,0.9948636902840309
玩,0.9948890597977773
粧,0.9949143836513163
膚,0.99493951959554
悦,0.9949646291973361
臭,0.9949897370429704
乏,0.9950147465435425
穏,0.9950397437509818
頑,0.9950646777365952
敢,0.9950895801112959
瑠,0.9951143929217434
囚,0.9951391354857179
漏,0.9951637445813935
柿,0.9951882781621105
俸,0.9952127678387819
帥,0.9952371767320093
肖,0.9952614609377469
捉,0.9952857293380282
潔,0.9953099626150729
麓,0.9953341291579683
胆,0.9953582482844942
惨,0.9953823533617255
痴,0.9954064391211769
燥,0.9954304897573916
鉛,0.9954544385362204
褐,0.9954783030192815
窟,0.995502153453048
茎,0.9955259634950926
焦,0.9955496980221786
雰,0.9955734044506753
廊,0.9955971003422012
袖,0.9956207365242248
鶏,0.9956442392379496
欄,0.9956676998037907
缶,0.9956911287587189
貼,0.9957142047251198
朽,0.995736996193305
糧,0.9957597332204735
僅,0.9957824245874345
椅,0.9958050000477149
粛,0.995827468382124
宴,0.9958498822755163
醒,0.9958722856319377
絹,0.9958946819637119
恥,0.9959170203421458
漂,0.9959392796932974
朴,0.9959614916280798
潰,0.9959836684396256
睦,0.9960057820293456
憎,0.9960276251701444
雌,0.996049440212354
詠,0.9960711551533394
汁,0.9960928332149265
紡,0.9961144779094389
殴,0.9961360909930383
唆,0.9961575372412643
豚,0.996178885144428
礁,0.9962001557764713
串,0.9962213912852781
隙,0.9962426022078192
鯨,0.996263807861875
扶,0.9962849415132958
髄,0.9963060611154221
抄,0.9963270858848097
壱,0.9963480228461059
斑,0.9963689071225473
廉,0.9963895104130965
曖,0.9964099415997868
拐,0.9964303060523276
憂,0.9964506388939555
湧,0.9964709436369942
辱,0.9964912466238711
癒,0.9965115127313496
膝,0.9965317331786206
汎,0.9965518254260783
俵,0.9965718965995941
脊,0.9965914795601221
醸,0.996611022128928
崖,0.9966305049882319
壌,0.9966498789655025
諾,0.9966692266003457
畳,0.9966885215503342
煮,0.9967078147441608
胎,0.9967270324230288
疲,0.9967461710746147
甚,0.9967653079700387
拉,0.9967844202791972
把,0.996803518539061
勾,0.9968225377716428
錯,0.9968415324179588
顎,0.9968605217957894
麺,0.9968795006366491
鋳,0.9968984689405378
婆,0.9969173863157335
累,0.9969362334444561
抹,0.9969550700362078
遮,0.9969738820416939
戚,0.9969926905348564
蛍,0.9970114902472097
淫,0.9970302899595631
酬,0.9970489684967504
冥,0.9970676189353485
娠,0.9970862184452536
泌,0.9971048179551587
遍,0.9971233893664746
暇,0.9971419274107157
璃,0.9971603565729237
逝,0.9971787787104843
窮,0.9971971709932939
愚,0.9972154473694229
穀,0.9972336921346391
塊,0.9972518754341912
枕,0.9972700271228306
妄,0.9972880172445819
紺,0.9973059827800677
悼,0.9973239395347442
泡,0.9973418190183004
嘆,0.9973596791840765
骸,0.9973775323252053
悔,0.9973953204883466
卸,0.9974130805528986
藻,0.997430826568156
痕,0.9974485690710898
胃,0.9974662905000816
欺,0.9974839100716875
褒,0.9975015138378369
餌,0.9975190736999408
漆,0.997536547510115
枯,0.9975539317560361
据,0.9975712598047788
拶,0.9975885439494758
挨,0.997605826338011
淑,0.9976228031543883
盲,0.9976397536283383
槽,0.9976566496612717
凝,0.9976735035463212
宛,0.997690345138238
恨,0.9977071393137853
卑,0.9977238439250795
縫,0.997740415068075
頓,0.9977569844549086
矛,0.9977735397924475
踪,0.9977900494697791
瘍,0.9978065538786252
懇,0.997822856328861
詐,0.9978390815079767
腺,0.9978552943939595
鉢,0.9978714581074112
蜜,0.9978875445497425
赦,0.9979036134304555
迅,0.9979196313824755
稽,0.9979356387975247
汗,0.997951612845499
戴,0.9979675377209424
韻,0.9979833730321325
婿,0.9979991855132188
皿,0.998014978676525
睡,0.9980306875440637
舷,0.9980463156281582
弧,0.9980619156136635
飢,0.9980774629143141
凄,0.9980930049464791
曇,0.9981085118554077
奔,0.9981240152520126
腎,0.9981394659637627
儒,0.9981548394043924
粗,0.9981701074753125
冶,0.9981853123244069
飽,0.998200367899746
翁,0.9982153988888195
漬,0.998230410560113
侶,0.9982454099382736
哺,0.9982603566315795
遡,0.9982752840071053
倣,0.9982901955771746
膳,0.998304913969443
渦,0.9983195305043254
惜,0.9983341329899134
肪,0.9983487126453974
閑,0.9983632396160267
旺,0.9983776735100792
錠,0.9983920354014969
餅,0.9984063797312962
惧,0.9984206977186681
堕,0.9984350086813928
詣,0.9984492915455282
挫,0.9984635445549126
昨,0.998477736098633
匿,0.9984918872506314
喉,0.9985060384026299
窒,0.998520112283508
擦,0.9985340597207345
剖,0.9985479720347246
妥,0.9985618211268887
綻,0.998575589435609
吏,0.9985893419388728
憩,0.998603090929813
鬱,0.9986167503565
寂,0.9986303272435811
畔,0.9986438584704548
沸,0.9986572369112495
酢,0.9986705486178948
坑,0.9986837654918016
諦,0.9986969209000444
堆,0.998710027135756
暑,0.9987230912235837
妬,0.9987360604786729
餓,0.998748919095567
殉,0.9987617109783117
慌,0.9987744835432762
庸,0.998787222741166
嘱,0.9987997582242841
吟,0.9988122094116344
姻,0.998824586840188
溺,0.9988369607564179
濁,0.9988493346726479
怨,0.9988616576601849
唇,0.9988739736230745
璧,0.9988862702681841
棺,0.9988983280752853
硝,0.9989103683207682
忙,0.9989223576375581
耗,0.9989342503654476
騰,0.9989461114824242
弐,0.9989578479119111
蛮,0.9989695632674561
眺,0.9989812610613829
匂,0.9989929570991477
窯,0.9990046425999417
艶,0.999016314051441
汰,0.9990279837467785
眉,0.9990394497273442
梗,0.9990507436040508
嫉,0.9990620269437864
娯,0.9990732136946215
租,0.9990842950757471
穫,0.9990953149912088
鈍,0.9991059239648031
賄,0.9991164328371732
捻,0.9991269136109542
猶,0.9991373013081583
升,0.9991475239261507
蔑,0.999157697371612
炊,0.9991678075952475
霜,0.9991779037695884
伺,0.9991879367221035
弄,0.9991979450883531
巾,0.9992078568657022
拷,0.9992176931280927
桟,0.9992275083165414
肘,0.9992371601819402
滴,0.9992466838475257
怠,0.9992562004884638
芋,0.9992656802500035
某,0.9992751090828503
憤,0.999284488743166
蔽,0.9992938192309505
喝,0.9993031444502496
冗,0.9993124608887395
厄,0.999321700056109
襟,0.9993309234180221
繕,0.9993400659964912
愁,0.9993490996929271
柵,0.9993581316332011
肯,0.9993671091324584
賓,0.9993760392153465
乞,0.9993848762216577
彙,0.9993936570307905
丼,0.9994023640811266
濯,0.999411048301359
謹,0.9994196815928983
蚕,0.9994282709803921
裾,0.9994367427050433
机,0.999445191599591
咽,0.9994536334694912
罵,0.9994620735832297
渇,0.9994704768175698
凸,0.9994788466848352
逓,0.9994871094262292
弊,0.9994953581183286
爽,0.9995035962734569
矯,0.999511827403938
諮,0.99952004975361
侮,0.9995281561966014
栓,0.9995362345410036
苛,0.9995442847868166
濫,0.999552329764144
寡,0.9995603027388366
采,0.9995682563957491
糾,0.9995761608801305
款,0.9995840179481424
詔,0.9995918363805943
且,0.9995995740296021
瞭,0.9996070904022198
堪,0.9996145769200865
喩,0.9996220564133058
陪,0.9996295201010686
醜,0.999636948665595
賦,0.999644278885059
宵,0.999651600323714
煎,0.9996588409789249
芯,0.999666009631501
凹,0.9996731642347824
刹,0.9996801520026902
丙,0.9996870185954321
遵,0.999693844796452
漸,0.9997006446550444
弔,0.999707361974031
詮,0.999714074024532
禍,0.9997206894861328
搾,0.9997272873861152
謁,0.9997338115273008
愉,0.999740330400001
窃,0.9997467210728879
酪,0.9997530906718328
畝,0.9997593461202591
斥,0.9997655787385815
罷,0.9997717481350782
煩,0.9997779034822802
陛,0.9997840324870549
拭,0.9997901263685931
酎,0.9997961219050691
痩,0.9998019277760677
箸,0.9998075791048255
傲,0.9998131777487286
臆,0.999818692096864
塀,0.9998241642971155
墾,0.9998296171795871
毀,0.9998349857662908
繭,0.9998403350352145
嗅,0.9998454999071464
氾,0.9998504768697629
遜,0.9998554538323794
蚊,0.9998603921594357
薪,0.9998652813139608
緻,0.999869826260768
痢,0.9998743431089859
虞,0.9998787703929507
頒,0.9998831836276209
訃,0.9998875757883491
畏,0.9998918959464423
沃,0.9998961037101788
慄,0.9999001499070272
羞,0.9999041908353902
慨,0.9999082001528402
迭,0.9999121163937134
嘲,0.9999160133168066
劾,0.9999199084837379
辣,0.99992379486986
璽,0.9999276039848618
拙,0.9999313709519798
諧,0.9999350185000936
嚇,0.9999386502427509
痘,0.999942224032068
塑,0.9999457521611775
捗,0.9999492697533161
羨,0.9999527838331311
唾,0.9999562961567842
萎,0.99995978213801
貪,0.9999630169880944
衷,0.9999661728108967
賂,0.9999692390694459
箋,0.9999722421061694
倹,0.9999752240689509
斤,0.9999780550018152
酌,0.9999807015376879
楷,0.9999831566519215
憾,0.999985571374433
厘,0.9999878842395585
摯,0.9999901022719455
惰,0.9999922483016975
錮,0.9999943117918437
恣,0.999996243569853
憬,0.9999975835213266
謄,0.9999987355634848
朕,0.9999996294498545
剝,0.9999997822359336
塡,0.9999999209727178
頰,0.9999999824383817
𠮟,1.0
