2639442	人
2197348	一
1662944	見
1515239	言
1481337	出
1387086	子
1273536	大
1215240	思
1185236	手
1151371	分
1139432	彼
1136862	中
1133166	女
1129902	気
1102857	上
1054486	間
1037336	日
982668	二
972701	自
938621	行
908082	時
893258	何
875140	事
867984	生
858539	私
850685	前
760356	来
756519	方
742415	本
733485	目
730648	十
715820	三
707519	者
674964	下
674210	年
662881	話
652845	知
641353	入
628551	立
615676	部
607723	家
584786	心
581065	今
575924	男
565431	小
555765	後
550811	顔
544461	長
535287	体
532795	物
519280	合
494099	声
490987	地
480006	屋
479536	場
477595	口
472507	身
470323	聞
467317	的
465161	持
464877	会
458889	意
455639	度
454816	当
448173	同
441928	感
432954	先
421698	動
417235	明
407479	少
406907	不
401866	通
399806	力
397021	山
396711	考
390286	向
387167	実
382714	田
381846	無
379542	五
379427	理
377578	国
375039	死
370558	名
369501	神
360156	所
358418	学
349846	取
348539	面
347595	書
343752	笑
341326	外
338518	代
338514	四
336912	月
333873	道
333244	高
332633	金
330980	美
328427	内
324503	世
322441	頭
319513	戦
319395	全
319215	作
316167	近
313231	切
313041	様
309507	相
305815	足
305025	真
304786	葉
303918	最
302523	郎
289432	情
289294	発
287653	変
285895	夜
285327	食
281495	白
280634	性
280472	然
280139	信
279925	主
279698	味
278933	用
276034	新
274501	音
271611	対
271447	夫
270442	文
270071	木
265685	殺
264662	着
263929	引
263603	車
263359	水
262873	現
260878	込
260334	親
259592	悪
259086	以
258967	色
258906	野
256329	空
255454	教
253895	父
252193	結
251438	君
250702	開
250197	正
249595	連
249278	川
249200	関
248557	八
248363	仕
246743	歩
246537	返
246405	落
240703	問
238958	太
237676	風
235886	僕
235680	帰
235010	次
233642	軍
232468	俺
232439	天
228782	違
228620	重
228138	光
227512	機
224950	母
224787	使
221306	別
221190	数
220773	待
220064	直
219241	命
218159	回
217437	六
216921	多
211822	表
211555	馬
210722	平
210568	社
208211	原
208079	強
207495	兵
206964	電
206220	士
204782	要
201460	御
200838	受
199237	好
199196	誰
198583	指
197870	眼
197342	決
197192	王
196846	起
196199	七
195945	初
195313	海
195075	安
194229	残
194146	調
192699	飛
191767	解
191504	流
191161	東
189655	姿
189318	呼
188006	助
187878	早
187629	定
187213	第
186093	突
185834	乗
183822	村
183078	若
182986	息
182972	九
181067	確
180399	語
180274	石
179270	愛
178559	首
177752	半
176865	界
176551	由
176437	説
176071	置
174536	朝
174385	法
173243	室
171876	黒
171337	警
168705	答
168253	覚
167082	張
166057	記
166017	続
165690	想
165282	両
165032	成
164973	遠
164438	門
164413	得
164157	振
163807	背
162460	必
162431	配
161964	他
161160	化
160935	元
160392	運
160166	在
159885	苦
158990	和
158570	楽
158202	付
158076	島
156632	百
156351	視
155644	能
155616	終
155597	業
155586	進
155065	員
154974	件
154788	線
153682	隊
153029	過
152398	井
150185	番
150107	形
149835	居
149401	供
148846	火
148713	急
148611	衛
148506	打
148386	店
147822	伝
147437	深
147336	走
147216	集
146737	始
146273	千
146121	点
145733	消
144212	失
143717	吉
143690	赤
143645	青
143339	戻
142951	撃
142688	公
142589	横
142269	戸
141610	土
141381	船
141118	反
140723	止
140014	加
139929	花
139307	広
139158	放
139076	達
138611	勝
138353	離
137216	老
137020	古
136459	右
136172	万
135696	追
135570	師
135440	魔
135235	血
135192	台
134659	題
134140	経
133975	常
133156	有
132988	娘
132975	利
132456	左
132390	校
131872	町
131538	読
131432	状
130901	寄
130826	京
130647	断
130048	存
129461	恐
129369	官
129277	奥
129112	座
128737	良
127791	押
127311	紙
126929	申
126831	階
126735	態
126072	抜
126068	転
125834	病
125676	果
125276	役
124633	判
124239	可
124113	側
123621	絶
123417	浮
123241	逃
122827	画
122822	藤
122761	寝
122657	守
122632	城
122446	氏
122431	活
121855	義
120716	西
120549	佐
120171	客
119638	武
119472	段
119335	品
118479	告
117789	鳴
117775	報
117550	友
117291	勢
116836	組
116255	係
116189	応
115908	胸
115495	計
115303	住
115174	路
114717	治
114586	望
114207	貴
113962	議
113604	期
113437	術
113132	特
112676	腕
112354	服
111537	暗
111235	飲
111061	敵
110776	頼
110644	江
110462	渡
109742	送
109662	都
109488	民
109391	細
108959	静
108532	察
108158	北
108078	松
107946	去
107696	論
107270	質
107140	念
106725	識
106521	片
106345	族
106326	市
106110	根
105727	満
105484	将
105225	降
105127	器
105029	宮
104949	抱
104701	草
104400	兄
104225	幸
103326	耳
103190	介
103136	我
103044	犯
102927	頃
102892	酒
102591	影
102265	緒
101766	交
101442	務
101026	保
100742	瞬
100675	格
99628	売
99592	志
99356	字
99275	冷
99265	茶
98360	歳
98293	夢
97703	素
97684	院
97465	政
96808	際
96751	倒
96596	腹
96424	精
96218	予
95209	買
94633	黙
94406	異
94326	肉
94146	谷
94082	熱
94010	妙
93783	叫
93498	髪
93386	約
92687	団
92683	肩
92292	痛
91853	単
91429	隠
91174	久
91098	礼
90895	歌
90551	怒
90516	腰
90446	窓
90102	婚
89896	差
89836	難
89784	驚
89623	妻
89490	支
89302	囲
89129	料
89080	証
89020	嫌
88845	似
88519	伊
88154	認
88021	悲
87894	像
87833	津
87615	容
87597	壁
87586	裏
87395	構
87092	剣
86969	建
86637	破
86617	式
86602	忘
86062	蔵
85724	軽
85610	探
85554	任
85053	香
84869	限
84843	造
84501	云
84482	注
84328	示
84245	旅
84143	観
84062	席
84012	参
83889	沢
83784	陽
83680	種
83616	具
83405	敷
83330	余
83270	端
82878	奴
82862	負
82468	疑
82322	寺
82204	眠
82012	備
81884	許
81743	願
81704	工
81402	円
81310	談
81235	婦
81183	投
80730	位
80484	令
80238	丸
80176	傷
79953	等
79857	装
79715	共
79690	庭
79577	越
79530	仲
79374	号
79301	舞
79090	南
78829	波
78412	並
78315	角
78232	微
77910	類
77750	喜
77618	産
77557	周
77446	星
77435	護
77215	途
77161	吹
77031	泣
77003	巻
76762	再
76635	景
76543	刻
76318	乱
76260	与
75930	鉄
75716	密
75474	殿
75380	優
75375	秋
75073	訊
75047	夕
75046	制
74818	銀
74637	霊
74299	例
74250	興
74123	春
73956	局
73902	図
73724	案
73603	奇
73441	危
73201	底
73031	選
72983	医
72894	怖
72871	坂
72781	接
72685	退
72628	街
72511	求
72296	映
72271	尾
72255	刑
72252	閉
72177	写
72049	争
71888	商
71885	河
71763	辺
71375	怪
71239	激
71236	雨
71131	完
70705	処
70634	司
70530	弾
70367	派
70319	折
70241	遊
70225	橋
70135	非
70080	雪
69871	査
69721	故
69679	験
69509	宿
69386	毛
69324	館
69318	従
69306	玉
69224	床
68977	休
68923	恋
68862	散
68852	罪
68454	速
68416	射
68365	掛
68321	困
68207	程
68169	清
68111	独
67753	弟
67576	之
67369	崎
67350	夏
67232	権
67211	昨
67138	吸
67106	里
66717	秘
66569	羽
66433	象
66376	姫
66260	雑
66233	岡
66211	布
66105	束
65817	丈
65606	帯
65513	暮
65419	欲
65257	移
65200	職
65159	森
64960	末
64884	焼
64340	条
64230	園
64153	割
64148	薄
63976	絵
63963	惑
63827	岩
63766	触
63623	駆
63159	害
63013	姉
62960	曲
62935	険
62622	午
62523	働
62356	犬
62276	堂
62186	比
62026	鹿
61386	払
61264	攻
60945	紀
60760	秀
60741	登
60706	響
60588	球
60562	昔
60449	刀
59926	踏
59919	英
59553	握
59426	鼻
59049	史
58990	照
58897	衣
58879	低
58751	洋
58593	骨
58528	彦
58389	福
58204	薬
57903	逆
57785	房
57732	煙
57500	聖
57499	艦
57336	毎
57129	章
57012	宗
56988	留
56878	領
56801	捨
56782	極
56764	玄
56554	未
56476	弁
56442	鳥
56396	弱
56386	眺
56324	沈
56248	育
56118	短
56029	林
55773	晩
55670	型
55621	憶
55599	永
55524	演
55457	刺
55412	訪
55098	闘
55076	伸
55074	跡
55061	倉
55021	個
55015	包
55013	銃
54975	徒
54897	板
54835	闇
54549	雲
54466	縁
54429	快
54405	訳
53875	荒
53873	米
53620	織
53510	那
53187	巨
53171	源
53095	固
52998	徳
52807	忠
52777	修
52747	狂
52683	襲
52656	陸
52620	奈
52605	労
52518	普
52462	筋
52359	迷
52347	脱
52298	捕
52265	皇
52136	収
52080	竜
52072	亡
51834	総
51786	昼
51732	枚
51686	雄
51668	試
51604	印
51497	吐
51370	騒
51267	柄
51084	為
50990	列
50939	迎
50643	量
50639	隣
50619	習
50600	済
50452	輝
50446	捜
50343	甲
50237	技
49996	宇
49757	儀
49750	涙
49652	妹
49562	枝
49483	府
49433	暴
49363	科
49344	皮
49141	吾
49139	恵
49034	震
48659	揺
48656	州
48639	椅
48523	芸
48523	輩
48510	検
48491	遅
48416	鬼
48255	設
48236	宅
48196	岸
47977	穴
47959	輪
47906	救
47904	週
47814	遺
47774	智
47492	叩
47491	滅
47264	帝
47046	混
47045	駅
46980	描
46860	積
46599	黄
46584	資
46580	詰
46448	鏡
46443	皆
46438	伯
46332	爵
46099	駄
46098	納
46052	節
45988	臣
45932	博
45746	杯
45740	唇
45711	境
45454	砂
45443	廊
45411	改
45290	復
45283	防
45242	毒
45161	竹
45003	尋
44960	邪
44946	矢
44858	麻
44817	晴
44762	箱
44742	宙
44616	伏
44591	祖
44462	盛
44243	宝
44145	如
44142	洗
44120	敗
44117	仰
44037	増
43963	簡
43800	児
43798	研
43447	染
43437	承
43391	坊
43308	浅
43211	群
43063	迫
43010	袋
42927	頬
42914	陰
42878	弥
42870	責
42790	提
42706	昭
42680	届
42667	基
42645	桜
42643	屈
42538	疲
42483	爆
42419	灯
42094	給
41979	絡
41957	練
41883	編
41880	盗
41880	究
41796	湯
41795	諸
41729	陣
41711	詩
41544	純
41404	拠
41400	句
41184	扉
40972	壊
40917	歯
40905	誘
40858	才
40786	評
40740	騎
40664	額
40640	温
40637	猫
40588	脳
40259	借
40155	厳
40130	便
40102	荷
40017	管
39957	歴
39949	被
39927	甘
39777	幕
39569	瀬
39539	統
39536	抗
39458	恥
39300	翌
39294	衆
39292	況
39223	嘘
39160	富
39090	値
39077	営
39057	健
39041	級
39023	希
39023	酔
38945	圧
38914	勇
38825	耕
38673	推
38661	価
38549	整
38505	監
38445	授
38394	善
38393	庫
38392	魚
38346	坐
38321	燃
38272	祭
38268	飯
38267	製
38227	棒
37845	紅
37574	至
37570	勤
37551	互
37525	悟
37499	樹
37489	劇
37426	因
37380	功
37368	各
37354	忍
37349	華
37200	虫
37187	丁
37157	砲
37088	寒
36947	養
36934	央
36866	材
36778	慣
36700	郷
36614	冬
36594	傾
36571	栄
36500	替
36472	及
36388	筆
36332	述
36309	除
36294	準
35939	嬢
35798	避
35765	充
35761	己
35684	順
35625	頂
35538	否
35494	賀
35462	幾
35127	録
35107	泊
35016	到
35000	繰
34995	属
34846	厚
34833	区
34820	旦
34810	辞
34794	奪
34652	膝
34618	舎
34558	裂
34403	浜
34371	効
34254	魂
33995	仮
33987	沙
33984	汚
33935	曜
33870	池
33865	操
33829	泉
33824	威
33648	財
33529	謝
33528	欠
33494	僧
33490	系
33474	仏
33397	課
33253	敬
33070	杉
33028	崩
32800	露
32764	致
32755	誌
32724	麗
32702	裕
32682	眉
32634	舌
32625	慢
32591	呂
32576	依
32520	汗
32439	油
32118	導
32073	奉
31987	康
31969	減
31968	更
31865	衝
31696	浴
31632	埋
31590	超
31537	担
31443	補
31428	裁
31376	鋭
31345	廻
31303	婆
31216	阿
31213	嬉
31156	模
31144	専
31120	緊
31097	珍
31053	瞳
31009	脇
31001	鮮
30936	隅
30900	挙
30895	協
30872	植
30725	策
30677	牛
30622	慮
30621	呪
30612	靴
30582	港
30559	執
30544	県
30522	脚
30471	宣
30459	鍵
30420	幼
30415	展
30401	匂
30150	規
30098	算
30088	易
30077	尻
30064	懐
30061	看
30011	頷
30001	炎
29919	妖
29873	濃
29871	乃
29864	停
29810	巡
29741	臭
29727	適
29720	肌
29720	憎
29715	聴
29663	呟
29660	哀
29611	封
29554	獣
29478	豊
29404	噂
29403	臓
29290	飾
29198	尊
29133	傍
29067	尽
29007	討
28962	斬
28929	航
28911	柳
28856	載
28816	省
28779	藩
28663	継
28449	略
28441	含
28441	亜
28360	泥
28358	候
28330	禁
28244	遣
28236	緑
28218	机
28200	雷
28093	悩
28044	率
28039	版
27942	札
27935	辛
27890	距
27879	烈
27773	籠
27759	呆
27722	締
27693	斎
27676	也
27588	換
27586	獄
27580	祈
27568	勘
27540	此
27498	狙
27494	謀
27378	費
27234	芝
27176	測
27073	覗
26950	乳
26898	孫
26841	称
26680	又
26640	幻
26636	墓
26426	鈴
26270	革
26148	貸
26142	揮
26139	招
26112	拳
26078	畳
26070	貧
25965	典
25930	占
25928	尉
25901	灰
25838	障
25706	農
25666	悔
25588	呑
25588	浦
25449	召
25448	署
25399	党
25385	扱
25381	虚
25309	穂
25288	奮
25254	舟
25229	糸
25170	狭
25116	霧
25053	誠
24960	柱
24941	釈
24923	了
24919	層
24762	針
24706	潜
24689	帳
24685	耐
24647	挨
24645	般
24629	講
24597	即
24578	帽
24569	拶
24470	澄
24459	雅
24384	亀
24194	拝
24167	慎
24149	築
24070	摩
24054	弓
24025	熊
23990	刊
23972	滝
23949	域
23945	努
23937	龍
23926	冗
23907	踊
23877	凄
23836	魅
23773	裸
23764	豪
23757	昇
23756	乾
23730	訴
23727	旧
23690	銭
23625	跳
23618	塚
23539	滑
23472	紹
23464	貰
23425	齢
23369	鶴
23365	嫁
23316	督
23299	虎
23298	則
23216	仁
23206	律
23176	喉
23173	掴
23172	祝
23169	湖
23156	旗
23150	干
23131	浪
23113	豆
23110	透
23069	叔
22985	倍
22970	誤
22915	徹
22877	邸
22866	丘
22828	氷
22818	賞
22802	亭
22755	覆
22716	梅
22688	猛
22671	軒
22663	企
22617	卒
22594	筈
22536	拾
22507	延
22451	審
22417	侍
22340	往
22319	牧
22304	偶
22246	創
22218	勉
22186	噛
22184	暇
22157	頑
22141	添
22140	垣
22075	溜
22047	塔
22043	葬
21907	羅
21904	蛇
21869	蹴
21812	柔
21659	歓
21654	刃
21644	懸
21643	標
21638	徴
21572	槍
21569	焦
21547	慌
21536	姓
21387	貫
21339	棚
21335	躍
21304	俊
21297	液
21274	嘆
21205	匹
21193	誇
21183	掘
21167	茂
21094	抵
21075	菊
21032	垂
20965	閣
20884	荘
20830	睨
20819	揚
20800	環
20738	詳
20726	愚
20701	紫
20693	複
20672	双
20624	濡
20610	趣
20579	秒
20527	咲
20505	撮
20503	携
20470	戒
20427	季
20403	著
20400	損
20366	綱
20359	援
20342	卿
20333	涼
20281	漢
20269	仙
20190	潮
20167	寸
20103	這
20085	斜
20036	偵
20021	拭
20005	畑
19981	酷
19923	械
19877	阪
19830	皿
19829	堀
19812	塗
19807	啓
19799	縮
19766	唯
19740	忙
19731	沼
19716	幹
19715	唐
19693	狼
19689	喰
19679	寂
19654	委
19631	慶
19591	丹
19539	翼
19411	暖
19360	粉
19315	喋
19308	奏
19275	祐
19267	貞
19244	敏
19212	請
19208	辰
19197	抑
19196	賢
19164	須
19149	孤
19137	索
19119	偉
19100	梨
19090	競
19083	隙
19048	蒼
19036	珠
19014	偽
18856	洞
18826	患
18772	筒
18724	縛
18708	施
18704	掌
18572	菜
18522	凝
18518	幽
18389	撫
18382	侵
18230	預
18173	訓
18163	副
18116	殴
18076	稿
18024	淡
18023	縦
17998	賊
17973	袖
17954	掃
17941	恩
17920	腐
17915	惜
17883	其
17871	暑
17863	愉
17862	惨
17821	穏
17817	卓
17812	庁
17795	喧
17758	鎖
17730	哲
17634	隆
17620	脅
17576	貌
17464	益
17455	飼
17405	稲
17386	療
17380	爪
17270	渋
17229	廃
17180	塩
17170	詞
17141	雰
17135	恨
17120	尚
17011	盤
17009	就
17008	沿
16996	庄
16969	伴
16911	幅
16883	桐
16868	顎
16863	貨
16853	紋
16800	随
16792	繁
16780	縄
16771	童
16721	兼
16712	邦
16690	硬
16689	寿
16623	蓋
16533	拒
16499	漂
16494	没
16470	唱
16468	壇
16456	揃
16369	逸
16353	拍
16346	曹
16277	叱
16266	凍
16265	免
16254	釣
16227	既
16222	鶏
16216	網
16211	剥
16192	征
16149	乙
16125	堅
16124	浩
16100	或
16081	罰
15993	羊
15978	脈
15946	潰
15888	孝
15826	駐
15777	遂
15776	廷
15773	絞
15735	逢
15671	砕
15665	陥
15569	誓
15564	渉
15523	馴
15498	胆
15482	悠
15461	遇
15437	噴
15389	拡
15379	杖
15379	巧
15361	殊
15281	爺
15238	俗
15232	癖
15140	災
15108	棄
15082	症
15068	僚
15061	湧
15002	峰
14974	謎
14925	卑
14895	瓶
14838	範
14828	肝
14810	冒
14807	彫
14795	採
14795	笠
14769	枕
14741	掻
14708	賭
14660	怯
14658	鷹
14614	誉
14604	嵐
14572	巳
14528	綾
14515	翠
14509	洩
14507	嘩
14473	朱
14471	診
14462	恭
14445	臨
14391	斉
14388	寧
14379	控
14342	笛
14341	喫
14321	輸
14318	惚
14308	骸
14270	憲
14257	猿
14204	劣
14193	熟
14185	牢
14157	鼓
14139	沖
14134	億
14123	煮
14066	狩
14060	孔
14046	獲
14005	炉
14001	泳
13992	賛
13965	冊
13932	序
13926	催
13911	寛
13880	蓮
13857	戯
13848	批
13840	陛
13836	稽
13791	漏
13784	犠
13779	乏
13715	架
13709	芳
13708	卵
13697	牲
13670	壮
13644	譲
13631	匠
13537	憤
13535	彩
13517	潔
13501	憂
13447	涯
13418	盟
13373	契
13362	駒
13358	摘
13357	慰
13339	湾
13284	綺
13254	旋
13252	麦
13230	粒
13148	鈍
13127	李
13113	佳
13087	溶
13060	逮
13019	据
12979	琴
12976	苛
12948	較
12946	睡
12941	堪
12929	祥
12922	粧
12900	股
12877	肥
12857	諦
12825	桃
12823	塊
12790	磨
12750	漠
12735	錯
12727	宴
12715	悦
12709	駈
12700	鍋
12688	紳
12673	歪
12669	覧
12661	稼
12660	遭
12642	凶
12617	呉
12591	棟
12585	漁
12525	貝
12463	栗
12431	晶
12430	巣
12424	於
12423	隔
12404	崖
12360	辱
12324	粋
12311	圭
12271	酸
12214	慈
12213	滞
12201	績
12195	却
12175	妃
12173	塞
12170	絹
12128	鉢
12016	帆
12015	献
11995	窟
11982	醜
11923	郡
11908	還
11892	痕
11823	吊
11819	囚
11819	掲
11815	銅
11803	挑
11802	贈
11785	鑑
11775	挟
11773	韓
11706	塀
11688	菓
11670	朗
11660	株
11640	瑞
11615	牙
11610	鬱
11593	是
11557	枯
11546	誕
11522	狐
11513	恰
11503	促
11434	畜
11428	繋
11386	燈
11377	維
11357	翡
11336	痩
11328	凡
11304	縫
11302	紛
11301	附
11294	厄
11267	鎮
11261	妾
11220	剤
11207	謙
11196	汽
11157	旨
11142	徐
11117	概
11108	哉
11098	薔
11070	綿
11061	膚
11053	渦
11044	湿
11030	貼
11019	肯
11016	泰
11005	炭
10962	薇
10928	符
10902	鐘
10894	溢
10883	蒸
10845	苗
10780	税
10777	粗
10776	籍
10748	辻
10716	胴
10672	嘉
10669	妬
10666	庵
10643	鎌
10640	磯
10633	曇
10632	薩
10628	弘
10628	岐
10615	汁
10608	馳
10551	膨
10448	甚
10438	蔑
10430	喚
10427	裾
10393	勧
10385	排
10377	履
10358	劉
10337	隻
10318	隷
10299	赦
10295	囁
10281	雇
10277	託
10268	茜
10266	勿
10262	翻
10224	猟
10224	傘
10223	融
10215	乞
10157	択
10155	昌
10151	侯
10143	唸
10112	錠
10111	汝
10082	刷
10074	膳
10060	蝶
10056	輔
10034	緩
10024	瓦
9969	盾
9899	遮
9896	核
9823	敢
9819	尺
9814	滴
9813	愕
9811	蔭
9811	嘲
9800	胃
9794	励
9767	屍
9752	券
9730	雀
9712	窮
9710	蘇
9698	痴
9697	拓
9687	克
9684	襟
9681	耶
9675	尖
9664	嫉
9664	泡
9645	紐
9627	飽
9601	桂
9600	稚
9557	項
9549	柴
9522	衰
9491	怨
9426	醒
9424	葛
9416	讐
9398	扇
9375	析
9351	脂
9345	聡
9302	鞭
9294	蘭
9281	艇
9276	糧
9231	班
9226	径
9225	戴
9222	顧
9188	盆
9183	浸
9145	篇
9124	捉
9121	伺
9090	削
9076	拙
9065	宋
9064	髭
9047	冴
9031	顕
9018	斐
8981	朋
8979	均
8958	曾
8914	閃
8909	軌
8906	陳
8902	唾
8892	巾
8887	呻
8871	欧
8860	淋
8841	咳
8778	肘
8667	憑
8653	浄
8646	缶
8609	喪
8607	忌
8577	妄
8559	眩
8541	駕
8518	冠
8516	豚
8498	鍛
8482	擦
8476	矛
8461	昂
8455	楼
8450	塵
8428	胡
8397	零
8392	胞
8388	倫
8385	戚
8324	岳
8321	汰
8320	拘
8319	蝋
8307	淵
8301	篠
8301	鋼
8300	厭
8296	辿
8281	憐
8266	猪
8257	寮
8207	償
8193	皺
8193	洲
8171	琥
8165	虐
8150	疾
8139	陶
8139	併
8124	珀
8121	濁
8100	把
8093	鞄
8088	壺
8073	薙
8058	嗅
8048	剛
8026	尼
8023	漫
8019	唄
8014	罵
7974	崇
7966	怠
7923	飢
7877	昧
7874	釘
7821	艶
7786	餌
7780	販
7757	盲
7717	燭
7694	郵
7680	潤
7667	吻
7660	殻
7638	貯
7635	僅
7623	臆
7619	鉛
7599	丞
7550	轟
7542	悶
7501	宰
7497	疎
7493	撲
7489	賃
7484	銘
7466	箸
7453	詮
7449	捧
7412	堵
7357	濯
7353	墨
7348	窺
7320	埃
7318	翔
7304	癒
7299	閑
7296	肢
7291	雛
7276	俳
7266	薫
7242	欺
7238	淑
7210	仇
7208	侮
7208	紺
7206	鼠
7188	楊
7188	迄
7182	芽
7176	璧
7173	蜂
7153	棲
7146	倭
7141	遥
7131	弦
7126	褒
7121	咽
7115	刈
7075	餅
7073	郭
7071	剖
7064	茫
7046	糖
7043	虜
7029	粘
7029	吟
7001	宛
7000	懇
6995	妊
6967	躯
6929	訝
6921	秩
6916	慨
6913	罠
6912	叶
6906	蒲
6905	墳
6876	儲
6873	詫
6865	霞
6841	峠
6840	桶
6832	偏
6819	棺
6812	柿
6788	殆
6787	騙
6786	帥
6774	奔
6770	殷
6751	鎧
6750	梁
6749	笹
6740	藍
6722	讃
6713	鉱
6703	亮
6673	乍
6670	蛮
6666	痺
6662	禅
6646	忽
6640	恒
6608	揉
6604	慄
6591	碗
6565	嗣
6550	暫
6549	柵
6546	斗
6536	兎
6520	鳩
6513	膜
6510	吠
6488	畏
6473	鮎
6460	禄
6432	拐
6414	溝
6411	鷲
6407	炊
6393	挿
6392	撤
6369	箇
6367	諾
6342	紗
6340	沸
6333	烏
6323	焚
6318	曖
6311	懲
6308	弄
6284	淫
6271	盃
6241	堤
6237	宵
6231	溺
6209	摂
6206	堕
6200	募
6166	暦
6146	躰
6145	淳
6117	樽
6109	惹
6109	贅
6097	狽
6086	妨
6076	羨
6063	玲
6062	躇
6049	喝
6044	杏
6030	枠
6018	套
6013	敦
6012	椎
6007	躊
5993	欄
5970	狗
5967	刹
5964	某
5946	抽
5944	圏
5943	裡
5940	簿
5938	憧
5934	賑
5933	漆
5931	婿
5919	麒
5914	肺
5912	蓄
5911	遍
5893	郊
5888	詠
5885	夷
5884	赴
5868	幣
5859	傑
5854	桑
5851	票
5831	朴
5821	墜
5800	莫
5788	舐
5782	槌
5768	暁
5763	漬
5762	隈
5753	瞼
5753	釜
5747	俯
5740	幡
5723	曳
5723	梯
5722	蛍
5709	兆
5699	隼
5692	只
5687	逐
5683	惟
5675	伐
5669	頓
5659	稀
5647	奢
5618	蚊
5613	俵
5608	襖
5593	筑
5590	滲
5589	仔
5581	糞
5549	麓
5548	宜
5541	裳
5539	噌
5527	慕
5527	彰
5520	駿
5511	吏
5504	潟
5497	岬
5491	爽
5474	餓
5469	胎
5461	咎
5437	披
5423	灼
5422	萌
5403	昏
5397	蜜
5380	渇
5379	塾
5363	礎
5360	阻
5345	蒙
5329	繊
5307	幌
5305	遼
5304	磁
5291	陵
5287	葵
5260	塁
5257	宏
5242	頻
5240	旬
5225	萩
5218	嶋
5214	汲
5190	鞘
5184	譜
5172	軟
5168	頸
5155	漕
5141	斯
5140	唖
5119	后
5112	剃
5095	錬
5088	郁
5086	坪
5069	憩
5062	垢
5057	拗
5051	軸
5045	庶
5044	腸
5042	酬
5040	鞍
5020	殖
5019	條
5016	棋
5008	娠
4999	呈
4987	攣
4980	枢
4978	撒
4968	瓜
4967	粛
4957	酌
4953	獅
4953	舗
4948	柏
4942	伎
4928	蜘
4911	翁
4907	洒
4902	擁
4901	瞭
4872	滋
4866	峡
4861	峻
4849	詣
4848	巫
4841	采
4826	燕
4824	藪
4813	伽
4809	巴
4796	蛛
4794	腿
4794	洛
4789	庇
4786	芋
4781	藁
4776	煩
4762	喘
4759	橘
4739	斧
4736	虹
4719	燥
4717	腫
4710	貢
4706	踪
4706	渓
4704	蹟
4703	錦
4701	褐
4699	楯
4693	屑
4683	傲
4680	狸
4668	謹
4661	芥
4658	踵
4657	槽
4647	迂
4644	焔
4633	播
4624	勲
4620	緯
4612	砦
4606	甥
4601	菅
4583	硝
4577	凛
4577	肖
4573	鴨
4562	穿
4561	髄
4557	梶
4536	捻
4524	窪
4522	頁
4520	妥
4515	舷
4515	購
4493	牡
4490	痙
4473	靖
4457	畔
4457	竿
4442	袴
4442	薪
4437	絨
4436	董
4432	緋
4420	陀
4390	咄
4377	臥
4376	掠
4376	侶
4370	藻
4367	舵
4347	霜
4345	賜
4338	寅
4313	些
4312	伍
4298	姦
4292	拷
4285	桟
4266	冥
4259	勅
4243	蔽
4217	梢
4214	菩
4205	妓
4204	葡
4202	叛
4202	楠
4192	愁
4182	萄
4178	謡
4165	煉
4157	纏
4137	瞥
4125	芯
4112	瞑
4105	迅
4104	傭
4086	榊
4059	檻
4057	綴
4052	迦
4048	覇
4041	裟
4038	麿
4037	漸
4028	嗟
4028	穫
4026	惣
4009	寵
4002	祷
4001	袈
3987	俄
3982	淀
3981	娼
3979	抹
3950	朽
3930	擬
3929	但
3922	蔦
3920	箪
3918	雌
3916	嗚
3901	雫
3894	碑
3882	詐
3880	玩
3871	諭
3870	椿
3846	篤
3833	凌
3822	眸
3821	樋
3820	錆
3815	閥
3806	厨
3799	佇
3795	衡
3795	昆
3787	斑
3779	豹
3766	壕
3763	搭
3756	叉
3746	措
3745	姑
3735	鳳
3733	禿
3728	匿
3717	軋
3706	雁
3702	苔
3695	訂
3683	腑
3673	姐
3667	厶
3666	縞
3665	摺
3665	函
3658	茎
3656	萎
3656	秦
3634	芦
3614	柚
3614	翳
3614	需
3613	澤
3611	梓
3609	貿
3596	槻
3594	螺
3593	爾
3589	壬
3588	享
3559	債
3540	挫
3535	鯉
3520	儘
3499	蛙
3497	芙
3474	勃
3469	搬
3458	輿
3435	菌
3426	朧
3420	墟
3406	禍
3405	媛
3395	尿
3379	腎
3340	括
3339	貪
3336	毯
3322	藝
3318	檜
3318	洪
3318	剰
3308	畠
3301	轄
3295	煌
3291	煽
3291	魏
3289	祀
3288	沫
3280	鱗
3276	媒
3275	升
3275	甦
3275	嚇
3273	撥
3263	堺
3261	儂
3241	餐
3230	劫
3230	嬌
3223	粕
3222	廉
3213	麟
3211	毅
3200	耗
3172	猶
3164	睦
3157	胤
3151	蝉
3127	惠
3126	丑
3124	癪
3121	晋
3120	捲
3109	蕎
3106	臼
3102	遙
3096	磐
3094	旭
3093	晃
3093	苑
3087	礫
3086	晒
3081	耽
3080	笥
3078	穀
3068	樫
3065	蕩
3065	菱
3064	葦
3060	瑠
3056	櫛
3052	渾
3051	媚
3051	薦
3049	蹄
3046	冶
3045	絆
3040	栓
3023	繕
3018	峯
3016	稜
3007	培
3006	祟
3005	挺
2999	國
2999	闊
2995	榎
2991	巌
2987	蟹
2984	羞
2978	牽
2974	瑛
2973	爛
2968	歎
2960	硯
2957	屏
2953	杭
2949	璃
2947	叡
2933	戟
2911	而
2903	犀
2901	鯨
2899	碧
2897	牌
2883	蟻
2879	灌
2877	脛
2874	兇
2871	兜
2866	牝
2862	掟
2855	嵌
2853	疫
2835	鉤
2826	荻
2823	膏
2817	碁
2810	韻
2808	遜
2806	逞
2806	簾
2786	蜀
2782	曰
2782	髯
2779	扶
2778	姪
2775	遁
2763	袂
2751	串
2732	坑
2729	冑
2726	几
2721	沌
2720	癇
2715	癌
2712	叙
2708	賄
2705	壜
2696	亘
2691	哨
2672	蔓
2668	靄
2668	廓
2668	煎
2667	桁
2653	肚
2649	鷺
2645	魁
2641	肴
2634	倣
2631	蕉
2630	穢
2626	棍
2626	琉
2620	醤
2617	鳶
2615	弔
2608	鴎
2607	註
2599	謂
2594	勾
2592	噺
2590	閲
2586	濤
2583	濠
2577	騰
2576	杜
2572	礁
2572	鋒
2571	咆
2569	牟
2566	袁
2555	顛
2551	狡
2546	諏
2543	遷
2539	謁
2534	篝
2529	訟
2529	屯
2529	芭
2527	鴉
2523	鮫
2517	尤
2515	馨
2514	寡
2513	轢
2503	惧
2496	慧
2486	渚
2477	琶
2469	椒
2469	鵜
2469	恍
2468	琵
2467	殉
2461	綻
2457	炸
2456	艘
2451	喩
2444	俣
2443	帖
2443	畝
2440	慾
2436	逝
2434	趙
2413	卯
2412	跨
2411	芹
2408	屁
2406	倦
2403	窒
2391	埒
2385	罐
2383	娯
2383	繍
2381	斃
2376	榴
2373	楓
2371	糊
2364	峙
2363	箋
2363	凹
2360	聯
2359	櫓
2352	魯
2351	誦
2344	蝦
2337	弧
2329	旺
2325	厩
2325	捷
2325	戮
2322	飴
2320	脆
2319	唆
2319	暢
2316	啜
2307	樺
2304	悉
2293	倶
2292	蓬
2290	箒
2289	啼
2281	檀
2278	紡
2276	欣
2275	憮
2271	准
2269	儒
2264	彷
2261	惰
2255	贄
2237	猥
2233	丼
2226	栽
2221	鞠
2221	痣
2212	辣
2208	悍
2201	仄
2199	憚
2196	諒
2196	贋
2186	茅
2176	嚢
2174	賓
2167	顫
2166	訛
2166	肋
2159	嶺
2154	挽
2150	斥
2147	賤
2146	蓉
2140	漱
2139	伜
2139	践
2134	陪
2134	酢
2128	祠
2125	鄭
2119	珊
2112	悴
2112	饒
2112	橙
2109	諜
2106	攘
2102	蝕
2101	瀕
2100	粟
2100	肪
2097	嗜
2092	庸
2086	蠢
2086	累
2083	悼
2082	該
2079	弊
2079	扮
2076	蛾
2074	叢
2071	哮
2065	鬚
2059	湛
2047	允
2027	梗
2016	阜
2010	竦
2003	廟
2003	鋳
1993	晦
1992	粂
1991	椀
1990	憫
1987	輛
1979	鹸
1974	拉
1973	澱
1971	拵
1971	譚
1971	嗄
1968	奨
1968	粥
1966	閤
1963	檎
1959	且
1958	搾
1952	綸
1952	汐
1951	瓊
1950	笙
1949	煤
1949	嫡
1943	蠅
1942	暈
1935	筏
1928	硫
1926	鍬
1922	填
1922	秤
1919	咤
1918	弛
1913	醸
1912	朔
1908	凱
1907	瑚
1905	楚
1899	鴻
1893	淹
1892	鋏
1887	杢
1886	朦
1882	亦
1877	孟
1876	饅
1872	姻
1870	乎
1870	肱
1865	腔
1859	巷
1855	鯛
1855	錐
1851	奸
1841	酎
1841	喬
1839	聳
1838	驍
1833	綜
1827	掬
1827	悸
1826	顰
1826	盧
1820	舅
1818	亨
1818	蓑
1817	坦
1816	濫
1815	燐
1814	禰
1813	饗
1805	椰
1801	凜
1800	按
1798	炬
1798	托
1787	筧
1785	曽
1774	遡
1770	吼
1769	糾
1761	嘗
1759	嶽
1748	鶯
1746	倅
1736	擲
1734	咬
1732	柩
1732	沁
1731	剄
1729	宦
1725	蒔
1725	痒
1722	憾
1722	裔
1721	茸
1716	稔
1715	循
1714	屠
1713	錨
1711	馭
1710	嘔
1708	茨
1707	鰻
1697	呵
1696	圃
1679	睫
1677	褪
1676	竪
1667	巽
1666	徨
1663	凪
1661	倖
1659	跪
1657	蟇
1654	瑤
1654	嗤
1652	酵
1648	謳
1644	侠
1641	紘
1639	嫂
1628	猾
1628	緻
1626	琅
1622	諺
1619	蒐
1617	蔡
1614	虔
1612	颯
1607	疼
1606	掩
1606	醍
1606	獰
1606	祇
1604	毬
1601	崔
1599	驢
1599	餉
1599	醐
1598	燵
1595	髏
1593	篭
1592	髑
1590	栖
1586	襞
1585	葺
1571	縋
1570	俥
1556	孕
1552	慇
1549	抉
1548	棘
1546	卜
1546	懃
1545	蕃
1543	訣
1542	蛭
1535	凧
1534	荊
1532	楢
1532	酋
1530	臍
1528	歿
1527	舶
1524	詔
1523	櫃
1522	髷
1519	逗
1519	埼
1518	澹
1516	燦
1513	駁
1512	賦
1508	帷
1507	祓
1504	躾
1504	懺
1484	諫
1481	玖
1481	腺
1481	芒
1480	窃
1478	蹲
1477	杓
1476	腋
1475	堆
1475	涸
1470	棹
1468	矩
1464	壌
1464	葱
1463	罷
1462	柑
1461	遽
1460	禽
1451	刎
1449	湊
1447	賽
1442	瘤
1441	桔
1437	沓
1432	瞞
1432	瞠
1431	黎
1426	栃
1421	逵
1418	耀
1417	廠
1415	駝
1414	宥
1413	橇
1408	耿
1408	麺
1408	涜
1407	曝
1407	甕
1405	茉
1404	堰
1399	芻
1395	蘆
1385	屹
1382	奕
1382	撰
1379	哄
1373	抛
1373	揆
1365	矯
1364	埠
1361	痢
1360	揄
1359	逡
1357	捌
1354	哭
1354	揶
1353	鉾
1351	鍔
1348	睾
1346	鋸
1346	瓢
1340	毀
1340	殲
1335	捩
1335	鍮
1333	溌
1332	贔
1330	衿
1329	徊
1329	絃
1324	邑
1324	炒
1321	嘴
1319	茄
1317	諧
1317	灘
1315	迸
1314	梟
1312	涎
1312	簀
1310	亥
1310	屓
1306	燻
1305	鬘
1305	吃
1304	侘
1301	鱈
1301	匕
1301	攀
1301	舳
1301	賂
1299	袢
1297	閨
1296	楡
1293	嵩
1291	誅
1290	藉
1284	蝠
1284	碌
1280	泌
1279	詛
1276	蹂
1275	罹
1275	攫
1275	寨
1271	蝙
1269	呶
1266	躱
1265	脹
1263	銚
1263	臀
1259	壷
1257	靡
1256	襦
1250	膿
1248	躙
1244	斡
1241	麹
1235	疵
1235	憔
1234	戎
1230	徘
1226	櫂
1226	麾
1225	錫
1225	凸
1224	鞋
1215	枷
1213	茲
1211	夥
1208	楕
1208	氾
1201	寓
1198	已
1196	窩
1196	畿
1195	鮭
1193	凭
1192	躁
1192	泛
1189	燗
1187	摯
1183	熾
1182	禦
1181	飄
1177	駱
1173	壱
1173	槙
1172	祉
1170	朶
1168	勒
1167	靭
1167	猜
1167	緞
1165	熔
1164	幇
1163	俸
1162	魄
1161	莉
1155	峨
1152	脊
1150	閻
1144	鮨
1141	鵞
1140	狛
1140	咥
1139	彗
1139	箔
1136	抄
1136	衷
1136	焉
1135	冲
1135	閂
1128	卸
1127	驕
1126	莱
1124	囃
1121	庖
1120	蕾
1115	杵
1108	疋
1104	珈
1102	絢
1102	塹
1099	嘱
1097	籐
1096	琲
1089	澪
1088	厘
1085	捺
1083	虞
1081	囮
1081	碓
1080	鼾
1080	匙
1079	婢
1075	辟
1074	噤
1074	恢
1073	晰
1073	佑
1073	毘
1072	黴
1069	蚕
1065	詭
1062	轍
1060	嵯
1059	聟
1058	頽
1056	砥
1056	盞
1055	褄
1055	贖
1036	猊
1035	瘍
1034	舜
1034	梵
1034	渠
1030	纂
1030	蒋
1029	鋤
1027	彌
1023	搏
1021	眷
1020	漲
1020	倹
1020	泄
1019	厠
1013	膣
1012	騨
1011	爬
1010	痰
1008	悄
1004	滓
1004	奎
999	哥
997	蟲
989	薯
987	鄙
982	蛸
981	姥
977	眞
974	糠
973	窯
972	捏
972	跫
967	咀
967	菰
965	傀
964	煖
964	咒
963	肛
963	聚
962	蕪
958	哺
956	聾
952	賠
951	儡
950	齧
950	磔
948	擢
947	桿
947	彬
945	嬰
945	樵
943	嬶
942	姜
941	鉦
940	娑
939	竺
937	赫
935	佩
934	邇
934	譬
934	吝
933	徽
932	鱒
931	嶮
930	隕
929	懣
926	鬢
925	洟
925	晁
925	偲
924	臈
924	噪
923	褌
923	矮
922	蕭
920	梃
919	曙
914	碇
913	鑿
913	啖
908	莢
907	膠
900	莎
899	憬
899	寐
896	攪
894	籤
891	竈
891	袱
888	騾
880	攸
873	萬
873	嘯
872	儚
872	芬
865	滔
864	截
861	繃
858	蜃
856	撞
855	筵
851	琳
850	弼
848	糺
845	茹
844	烙
842	釧
841	鰐
841	瑜
841	鉈
841	欅
840	烹
838	寥
838	湘
837	墾
837	剌
836	甫
831	襄
829	饉
829	僻
827	鬨
826	泪
825	雉
822	梳
821	砒
820	鸚
819	炙
818	厖
816	崗
815	誼
815	仆
812	亞
812	喊
811	簪
810	逼
807	蝿
806	蠣
805	艱
805	鋲
803	倩
800	邏
797	苺
796	虱
795	檣
794	曼
794	繩
793	轡
793	毫
792	皐
791	艮
791	誹
788	邁
783	摸
778	縊
778	悧
778	啄
778	翅
775	頤
775	租
775	丕
775	盥
772	褥
771	蛆
770	宕
769	鏑
768	鰹
766	酉
764	鼎
764	闖
764	埴
764	緬
761	蚤
761	箕
760	鵬
758	柘
758	螢
758	匍
757	烟
757	酊
756	戌
756	朕
755	丙
754	扁
753	謗
748	懼
748	葭
747	韋
747	誂
745	袍
742	酩
741	汎
741	疇
741	貶
740	脣
738	蠑
738	弐
737	嬪
736	秣
736	桝
735	宍
735	梱
734	崑
732	嚥
732	羹
732	縷
732	矜
731	坤
730	幟
730	娶
730	嚼
728	萱
728	鍾
727	于
727	樟
727	諷
726	輯
725	瀟
725	猩
722	瘡
721	鎚
717	杳
716	箭
713	遵
712	絳
712	樅
712	貂
712	雖
711	躓
710	勁
710	瀾
709	綽
709	址
708	囀
707	鵡
706	扈
705	剽
705	頗
703	栞
703	弩
702	呷
698	恣
696	廂
696	桓
695	叟
693	僭
691	趨
690	劃
690	赧
689	皓
688	牒
687	繻
687	畢
686	盈
683	佃
682	瞰
682	捗
680	框
680	愴
680	筍
680	畦
678	卦
677	做
676	抒
676	掏
674	繭
669	蕗
669	羆
669	氈
668	寇
666	凰
666	匁
663	衒
663	搦
663	蛤
661	廬
661	杞
660	曠
658	沃
656	蠱
656	邂
652	灸
652	扼
652	谺
650	漿
649	瑪
649	倆
648	菫
648	襷
646	憺
646	蜈
646	欽
644	蚣
643	竟
643	逅
642	埜
639	彙
639	稍
636	孵
635	隋
634	耆
634	婉
633	逍
630	愈
629	跋
629	廿
628	憊
628	潘
625	撓
625	猴
623	蝮
623	學
622	禎
622	濛
620	翰
618	鰭
618	霰
617	玻
615	謐
614	僥
613	禊
613	擾
613	搗
611	臂
609	擡
608	錘
606	籃
606	燎
603	椙
602	戊
602	圓
602	傅
600	褻
599	鰯
598	聊
596	怜
596	鮒
595	冤
594	弗
594	滸
593	黍
593	愍
590	焙
590	椋
589	艫
589	敲
588	熄
586	慟
586	瀑
586	帛
585	槇
585	跛
584	辷
584	馘
584	匪
582	繚
581	穽
581	璽
579	拱
579	靱
578	訥
577	恫
576	炯
576	堡
576	匈
576	溯
574	藺
574	屡
573	欒
572	餞
572	柊
571	瀧
570	彿
569	尹
567	嬲
565	衾
564	閏
564	疹
564	棕
562	瑙
561	崙
560	熈
560	咸
559	拇
558	煕
554	鑼
554	恃
553	冽
553	鎗
553	倚
552	謬
551	廣
551	榛
551	楸
550	荼
548	劾
548	諮
547	邵
546	隘
545	毟
544	嗇
541	拮
540	挾
539	璋
539	懊
538	腱
536	淘
536	晧
535	龕
535	袷
532	漉
530	荀
529	冀
528	癲
528	聘
528	謄
526	汀
526	笞
525	琢
524	瑣
521	諍
520	阮
518	笈
518	絣
517	牀
515	檄
515	陋
513	轎
512	欝
511	銜
510	斤
508	鏃
508	鍼
508	痘
507	莞
507	忿
506	蓼
506	讒
504	菖
504	櫚
502	驀
502	庚
499	癩
497	瑶
496	魎
496	痔
495	鼈
495	碍
495	煬
495	訶
493	站
491	茣
490	浚
490	肇
488	弑
487	楔
487	悌
484	蛋
483	瀝
482	蟠
481	閾
480	臙
480	笊
478	滾
478	砧
477	俘
477	窶
477	獪
475	愧
473	悳
473	杷
473	霖
472	恙
472	銛
472	棗
470	樊
470	垓
469	蟄
468	鰊
467	迭
466	睥
465	齎
465	蓙
464	怕
462	薛
460	褸
460	昵
460	枇
458	詈
458	槐
458	怺
458	襤
457	莚
457	坡
455	燼
455	鈎
454	娥
452	撼
450	餃
450	絽
450	濘
450	濶
450	縺
448	穹
448	譫
447	濱
446	畸
443	瀉
443	蜴
443	蜻
442	輜
442	款
442	卍
441	俎
440	瑕
440	耄
440	臘
438	磊
438	蜥
438	塙
438	苫
436	訃
435	蛉
433	靂
432	旱
431	輌
431	詢
431	枡
431	醗
430	剋
430	赭
429	膂
429	瘴
429	韮
428	闍
427	喇
426	餡
426	雍
425	汕
424	鵯
423	霹
422	戔
421	柾
420	匐
420	鵠
418	闢
416	哩
415	麝
414	瀚
414	虧
414	誨
414	谿
413	涌
412	籾
412	堯
411	媾
410	賈
410	繞
408	獏
407	凋
407	笏
404	鮑
404	淮
403	鐸
403	頒
398	蓆
397	慚
397	娜
397	鄒
397	鸞
396	嘶
395	慳
395	紊
395	飜
395	綬
395	夾
395	筐
393	襴
392	謔
390	圀
390	徠
390	虻
389	徂
389	薮
388	讀
388	榜
388	晨
386	懿
385	戈
385	什
384	冨
384	彪
384	喀
384	稟
384	喃
382	竣
380	齟
380	齬
379	俟
379	凉
378	籬
378	渕
377	潅
377	麩
377	濾
376	燿
376	愾
376	揖
375	傳
374	紬
374	鐙
373	媼
372	衢
372	仍
371	抓
370	榮
369	盒
368	幀
367	脾
366	鯖
366	祢
366	簒
365	鰌
364	輻
364	跟
363	娩
362	苅
361	恬
361	痍
361	舁
360	竄
358	縒
357	悋
356	塑
356	枉
356	匡
356	沛
356	腥
356	逓
356	與
355	誑
355	寞
355	彎
354	疆
353	懶
353	氓
351	醇
351	狄
350	尠
350	歇
349	斟
349	蝸
348	珪
347	頌
346	沐
346	窄
346	諚
346	罅
346	蠍
346	諌
345	怙
345	眇
345	跣
344	舒
343	鈿
343	會
343	丶
343	糟
342	碩
342	鼬
342	艀
340	穣
339	雹
339	夭
339	霄
338	隧
338	藷
337	豈
337	裃
337	甍
335	侑
335	躅
335	驟
334	瑁
334	刳
332	鮪
332	槃
331	筥
331	渺
329	韜
328	蹙
327	穆
326	笄
325	驪
325	躑
325	踞
325	壽
325	疱
325	咫
325	狎
325	瘠
323	偸
323	剪
323	鑽
322	蕨
321	斂
321	柢
321	鵺
320	蝗
320	櫟
318	沮
318	杣
318	渥
318	涅
318	叮
317	冢
316	纒
316	臑
316	辨
315	頚
314	沽
314	瞶
314	艪
314	皙
312	犹
312	趾
312	瓔
312	梧
311	蔀
311	噎
310	蘊
309	來
308	鋪
308	莨
307	祁
307	鑵
306	僑
305	穎
304	蹶
304	實
303	磧
302	奄
302	亙
301	叭
301	蜒
300	眦
300	瑾
299	擽
299	錮
299	誡
299	霽
298	游
298	擂
296	窘
296	膀
296	櫻
295	囓
294	坩
294	糜
294	饐
293	迪
293	嫋
293	菟
293	踝
293	鴛
292	餠
292	佛
291	僂
290	躬
290	胱
290	胚
290	舫
288	擒
288	忝
288	恕
288	諄
287	堝
286	筅
285	旌
285	蜿
285	鞜
285	諳
284	膾
284	茗
284	稗
284	酪
284	盪
284	塒
283	疏
283	墻
282	涛
282	轅
282	犇
282	紆
281	佗
280	宸
280	漣
280	珂
280	竝
278	鏝
278	埓
278	殪
278	慥
277	隹
277	嚀
277	賎
277	岱
276	鉋
276	欖
276	彊
276	奠
276	橄
275	洵
274	溥
274	魃
273	掾
273	疚
271	婪
270	淆
270	乖
270	仝
270	佞
270	釦
269	魍
269	縹
268	燧
268	淤
268	幔
268	疳
267	渭
267	偕
267	艤
267	軛
266	鶉
266	熨
266	彭
266	皎
265	惇
265	膵
262	箍
261	玳
261	薊
260	范
259	齋
258	饑
258	匣
257	漑
257	腮
256	縢
256	汪
255	潭
254	闕
254	舛
254	悛
254	咋
253	靉
253	慙
252	兀
252	馥
252	瘧
250	夙
250	拌
249	髻
248	將
248	繹
247	篩
247	鰺
246	艙
246	煥
245	粁
244	昴
244	鵲
244	淨
244	鬣
244	襠
243	錚
240	偈
240	撚
240	伶
240	湍
239	苞
239	萸
238	颱
238	莘
238	瞋
237	俤
237	蹌
237	懦
237	辜
237	麭
237	迹
236	昶
235	茱
235	劈
235	鱶
235	嘸
234	眈
234	尸
233	裴
233	譏
233	慷
233	鞆
233	鴦
233	浣
232	膊
232	暉
232	鯰
232	馮
232	衙
231	瓏
231	韶
231	讚
231	悽
231	殼
230	侈
230	鑓
230	翫
230	旁
229	苧
229	蒻
229	簑
226	韃
226	擱
226	鏤
226	緘
226	忖
225	箝
225	嗾
225	蚓
224	鉞
224	苳
224	蚯
223	氣
222	溪
221	蠕
221	浬
221	燠
220	雙
219	甄
219	鵑
218	覺
218	躪
217	胥
217	魑
217	偃
217	諛
216	禮
216	應
216	鰓
214	侏
214	飩
214	聰
214	撹
213	勺
213	竃
212	邱
212	媽
212	孺
212	黛
211	黝
211	喙
210	亢
210	狆
210	薨
210	踉
210	晏
210	羚
209	脩
209	旻
208	薗
207	烽
207	螂
206	輓
206	蒡
206	髴
206	兢
205	疽
205	鱸
205	髣
205	邨
205	滂
205	鴫
204	譴
204	楷
204	饂
204	橿
204	駭
203	奚
203	暹
203	燁
202	蟷
202	弉
201	衍
201	單
199	蜆
198	癸
197	輦
196	蹠
196	莽
196	栂
195	邯
195	鄲
195	跏
194	蝎
194	涵
194	舘
193	悖
193	齣
193	俑
193	霙
193	忸
191	苟
190	窿
190	蒟
190	炳
190	斌
190	澁
189	佝
189	團
189	尭
188	沱
188	邀
188	拿
188	鍍
188	滄
187	羈
187	呀
187	滌
187	覲
187	閘
187	鑠
186	蜷
186	魘
186	怩
186	畷
186	蛹
185	罫
185	輾
184	仗
184	匆
184	檸
184	廼
183	蒜
183	惶
182	謨
182	戍
182	饌
182	釉
182	疝
181	矧
181	岨
180	遑
179	岑
179	獺
179	湮
179	鯱
179	綏
178	疸
178	扨
178	銷
178	覿
178	吽
177	銑
176	颶
176	顆
175	箴
175	儼
174	胛
174	倪
174	侭
172	纓
172	薜
172	顳
172	狒
172	袿
172	窖
172	榻
172	狷
171	筮
171	筌
170	裲
170	孰
170	蝟
169	肆
168	禹
168	萼
168	犢
168	瀘
168	嫩
167	糎
167	粮
167	恚
167	蹊
166	恆
166	閒
166	縅
166	暎
165	槲
164	荏
164	塘
164	鎬
164	箏
164	嶼
164	褓
164	巛
163	襁
163	謫
163	尨
163	囂
162	跼
161	豁
161	衫
160	謖
160	鈷
160	鑢
160	體
159	檬
159	噫
159	轆
159	爰
159	鹵
158	嘛
158	壼
158	癬
158	趺
157	帚
157	頡
157	浙
156	芍
156	啣
155	繙
155	矍
155	罎
154	蹈
154	聲
153	鎰
152	儕
152	蹤
152	鞴
152	恪
152	婁
151	甜
151	嚙
150	孜
150	禾
150	渤
150	忰
149	颪
148	炫
148	藹
148	馗
148	裙
148	轤
147	鰍
147	凩
146	驃
145	釆
145	鵄
145	簇
145	翹
145	惻
145	涕
144	稠
144	嗽
143	霍
143	斛
143	蜩
143	騅
143	摧
143	疣
142	駮
142	黐
142	睛
142	佯
142	樒
142	弋
141	栴
140	膺
140	袞
140	嚮
140	稙
140	碕
140	鞣
139	誣
139	猖
139	牆
139	簫
138	綯
138	旛
137	蜑
137	箙
137	桎
136	刮
136	罩
136	堊
135	瀞
134	艾
134	銹
133	崋
133	獗
133	嫣
133	爲
132	屎
132	棉
132	噸
131	假
131	疥
131	瑟
131	巓
131	紂
130	陝
130	祚
130	諱
130	諂
129	摑
129	豺
129	椽
129	嵬
129	坏
129	榧
129	梏
129	鞏
128	奧
128	碾
128	蹉
127	囈
127	蟀
127	釵
127	佻
127	棠
126	恟
126	羂
126	鹹
126	諡
125	渫
125	殯
125	懈
125	跌
124	攬
124	纈
124	巍
124	傴
124	柝
123	孩
123	橈
123	厥
123	眄
123	黌
122	邊
122	廖
122	粱
122	慴
121	靼
121	鉗
121	磬
120	籟
120	撻
120	蛟
119	掣
119	稷
119	鬩
119	窗
119	闌
119	焜
118	琦
118	靠
118	靨
118	杙
116	歔
116	豫
116	纐
116	骰
116	隴
116	澗
115	耻
115	顯
115	掖
115	莅
114	砌
114	戛
114	豌
114	瑯
114	鈞
114	熙
114	瘢
113	霑
113	霏
113	櫨
113	淪
113	證
112	幄
112	叺
112	檠
112	鏖
112	區
111	廐
111	齒
111	祗
111	當
111	萃
111	捐
110	珥
110	賁
110	梔
110	剔
109	冰
109	奘
109	旒
109	羯
108	鯵
108	絲
108	薹
108	駘
108	瘋
108	妍
108	棧
107	并
107	插
107	巖
106	嚆
106	蛞
106	彳
106	慫
106	盂
106	鈔
106	蝓
105	兌
105	臾
105	怏
105	慂
105	珞
105	菴
104	戰
104	漓
104	礙
104	鰈
104	鈕
104	姆
103	痼
103	寔
103	檗
103	罌
103	發
102	掉
102	鶺
102	鴒
102	冉
102	卞
102	犒
102	頴
102	侃
102	喞
102	鮟
102	覘
101	莟
101	嬬
101	簸
101	鈑
101	粍
101	鱇
100	欹
100	澀
99	吩
99	洙
99	怡
99	鴬
99	溂
99	痾
98	吋
98	壙
98	炮
98	鷽
97	喨
97	榔
97	頰
96	纜
96	鴈
96	覯
96	渙
96	鏘
96	貉
96	瞽
95	晟
95	戞
95	鎹
95	枋
95	兮
95	豐
95	蜚
95	礦
95	碣
94	諤
94	爐
94	蕊
94	鐵
93	殳
93	總
93	蟋
93	餘
92	竇
92	姚
92	蜊
92	賺
92	樗
92	磋
92	猷
92	仭
92	澎
91	榾
91	檳
91	顋
91	葫
91	酣
90	經
90	藏
90	倨
90	枳
90	敖
90	怱
89	婀
89	佶
89	艸
89	篁
89	哈
89	襯
89	踰
88	籔
88	欷
88	楫
88	鐚
87	雕
87	竏
87	俚
87	咩
87	蟒
87	鑞
87	對
86	篦
86	訌
86	霆
86	搨
86	凵
86	琺
85	鮠
85	衞
85	峪
85	軈
84	鬧
84	裘
84	狢
84	圜
84	鷓
83	遉
83	沂
83	鐺
83	顴
83	蛎
83	鴣
82	銕
82	驥
82	輳
82	臺
82	讎
82	潯
82	鰤
82	雋
82	鮓
81	飆
80	閭
80	箆
80	樂
80	閔
80	僣
80	贇
79	胝
79	褞
79	僉
78	杼
78	淙
78	篏
78	桧
78	蔚
78	蟾
78	搖
78	綵
78	粽
77	醂
77	汾
76	廾
76	擅
75	翩
75	潼
75	橡
75	孚
75	愬
75	錺
75	褶
75	舂
74	邃
74	蘿
74	賣
74	鎔
74	鐶
74	琮
74	衲
74	拈
74	渣
74	醵
73	贊
73	辮
73	簗
73	稈
73	瀰
73	駛
73	礒
73	躄
73	鯔
72	吶
72	顏
72	淞
72	癈
72	幢
71	泗
71	胄
71	寉
71	妲
70	廁
70	个
70	潁
70	梭
70	蕁
70	塢
70	瀋
70	梠
70	溷
70	犂
69	癆
69	楮
69	閼
69	黯
69	騏
68	甃
68	蔘
68	騷
68	蹣
67	柯
67	胯
67	撈
67	糯
67	瞻
67	竭
67	噬
67	畫
67	湃
66	睹
66	窈
66	杆
65	靈
65	絖
65	錡
65	赳
65	鴇
65	豸
65	槿
65	戀
64	崟
64	茴
64	啾
64	菲
64	蟆
64	錣
64	跚
63	篆
63	鞅
63	畚
63	卅
63	誄
63	佚
63	鏨
63	汨
63	驤
62	鵝
62	盡
62	窕
62	籌
62	鶫
62	岫
62	汞
62	銓
62	迢
62	鐃
62	鵙
62	溟
61	燔
61	揣
61	槓
61	靫
61	婬
61	广
61	轉
60	羲
60	禺
60	祿
60	樣
60	麼
60	啻
60	鰥
60	沍
60	觀
60	咐
60	覊
59	腓
59	軫
59	卉
59	闡
59	處
59	聶
59	皰
59	烝
59	鱧
58	袗
58	胼
58	矣
58	嚔
58	耘
58	粲
58	舸
58	蔬
58	嘖
58	磚
58	澳
57	怦
57	贓
57	湎
57	仞
57	蛻
57	琪
57	筺
57	撩
57	篳
57	廈
57	壟
56	慍
56	篥
56	贏
56	羌
56	盜
56	鴆
56	呎
56	愿
56	漾
56	侫
56	茘
55	纔
55	鋩
55	葎
55	祅
55	帙
55	縣
55	姨
54	紵
54	蒿
54	栢
54	豎
54	秉
54	渝
54	嚠
54	嫖
54	苹
54	鑰
54	櫺
54	冦
54	鐔
54	醋
54	隗
53	輅
53	歟
53	簔
53	覡
53	斫
53	麋
53	桙
53	濺
53	變
52	啀
52	烱
52	攷
52	圈
52	哂
52	葷
52	蜍
52	桀
52	趁
52	挂
52	茵
52	缺
51	悒
51	倻
51	榕
51	鞦
51	吁
51	膩
51	筝
51	楳
51	閊
51	甑
51	曄
51	册
50	迚
50	萍
50	洽
50	從
50	鬮
50	礬
49	礪
49	鄧
49	厦
49	嬋
49	檐
49	庠
49	渟
49	詑
49	勣
49	荳
49	薑
49	點
49	羔
49	孱
48	鬻
48	獨
48	帶
48	顱
48	勳
48	椹
48	陞
47	卻
47	絮
47	癘
47	蘚
47	痲
47	廏
47	髱
47	麁
46	潺
46	闃
46	蕈
46	嶇
46	貳
46	鯡
46	姙
46	壹
46	恤
46	惘
46	濮
46	醪
46	蠟
46	僮
45	綉
45	槨
45	舖
45	辯
45	袤
45	縻
45	俶
45	糒
45	楙
45	悵
45	溲
45	闔
45	佼
45	觴
45	晝
45	扎
45	魴
45	剱
44	蓴
44	杰
44	刄
44	藐
44	洸
44	艟
44	艨
44	萠
44	臉
44	嚊
44	鶸
43	數
43	眥
43	壻
43	兪
43	廚
43	癡
43	鷄
43	崛
43	璞
43	劭
43	皹
43	淺
43	咨
42	薀
42	髮
42	兩
42	笨
42	犁
42	爼
42	醺
42	啞
42	旃
42	蹇
42	豕
42	妁
42	螳
42	壤
42	傚
42	髀
42	苒
41	駑
41	菎
41	齪
41	貘
41	鬆
41	駻
41	晉
41	扣
41	昱
41	甸
41	祺
41	劬
41	穉
41	殘
40	鉅
40	縡
40	旆
40	澆
40	睿
40	劔
40	琰
40	呱
40	陬
40	昊
40	嫗
40	咯
39	蝣
39	惡
39	泯
39	菠
39	廩
39	弴
39	儺
39	鳧
39	裹
39	彧
38	黜
38	栲
38	鱠
38	璟
38	續
38	齷
38	罔
38	饕
38	鰆
38	樸
38	閹
38	崕
38	拆
38	慊
38	筬
37	瘁
37	旄
37	慓
37	參
37	禧
37	哇
37	貽
37	殃
37	况
37	巒
37	裨
37	霓
37	膽
37	悚
37	歙
36	蔗
36	硅
36	鐐
36	曵
36	灑
36	譎
36	黥
36	尓
36	墅
36	曩
36	皚
36	洌
36	黔
36	韆
36	鑚
36	蜉
35	鰒
35	嫦
35	熹
35	鳰
35	咏
35	耨
35	砺
35	鴟
35	暼
35	簽
35	瑳
35	讖
34	號
34	緡
34	卷
34	蠡
34	綮
34	詁
34	芟
34	潸
34	軀
34	嶷
34	齲
34	槊
34	皷
34	軻
33	嗔
33	沚
33	孑
33	笳
33	爭
33	關
33	蚋
33	肓
33	敝
33	鱪
33	琿
33	筰
33	餮
33	薐
33	矗
33	歸
33	痞
32	癧
32	穗
32	踴
32	囗
32	遶
32	苣
32	耙
32	毳
32	孛
32	坎
32	沾
32	滕
32	遯
32	翟
32	駸
31	醴
31	酥
31	蚌
31	謦
31	翊
31	嬾
31	竊
31	瘰
30	鹼
30	瓮
30	萵
30	罕
30	枸
30	菁
30	簣
30	寶
30	袰
30	軾
30	鄂
30	墺
30	齦
29	鋺
29	鑒
29	秕
29	鯤
29	惺
29	硼
29	蚩
29	摶
29	戡
29	涓
29	衂
29	鰲
29	娟
29	薤
29	鮃
29	殱
29	疔
29	鱚
29	兒
29	抬
29	湲
29	薈
28	蝨
28	甌
28	甞
28	圍
28	覩
28	剳
28	遏
28	吭
28	藜
28	龜
28	鸛
28	昤
28	鎭
28	鑪
28	鏈
28	狃
27	醉
27	簷
27	埔
27	彝
27	拯
27	剿
27	蕷
27	螫
27	姶
27	羇
27	鷭
27	肄
27	雜
27	鷸
27	毋
27	妣
27	曉
27	蓐
27	圄
27	嚏
27	誥
27	葩
27	紮
27	觚
27	靜
27	咢
27	靆
26	匝
26	骼
26	塡
26	囹
26	蔕
26	籘
26	箚
26	峭
26	梛
26	朮
26	霸
26	髢
26	崧
26	氛
26	癢
26	篋
26	桴
26	皴
26	飫
26	獸
26	瓩
26	椛
26	皸
26	孀
26	恂
26	驊
26	裄
26	戲
25	敞
25	們
25	徑
25	鷦
25	勦
25	蹕
25	瞹
25	亂
25	捫
25	囘
25	拜
25	肭
25	燮
25	冫
25	隍
25	柬
25	臻
25	杲
25	鯣
25	鮹
25	陟
25	鯊
25	椈
25	璉
25	鑁
24	繆
24	拂
24	螽
24	糕
24	瘻
24	膃
24	滿
24	釐
24	燹
24	攅
24	塋
24	劍
24	擯
24	鷯
24	痳
24	睟
24	瑰
24	斷
24	權
24	寃
24	珎
24	螻
24	埤
24	潦
24	絋
23	糀
23	棊
23	怎
23	緲
23	愎
23	笋
23	擣
23	繪
23	偖
23	萢
23	圉
23	褫
23	暝
23	葆
23	縟
23	帑
23	腟
23	莵
23	蚰
23	收
23	瓠
23	嫐
23	珮
23	怫
22	顚
22	羮
22	抔
22	夂
22	臚
22	鵤
22	牴
22	齊
22	臟
22	蛔
22	賚
22	瀏
22	祕
22	瓣
22	皈
22	僞
22	肅
22	崘
22	拔
22	劒
22	籖
22	蘂
22	峅
22	徙
22	尅
21	啗
21	瘉
21	騫
21	汴
21	勞
21	糶
21	濟
21	蘖
21	蕀
21	燒
21	癰
21	逕
21	晤
21	踠
21	鞨
20	觜
20	麑
20	圖
20	驛
20	樓
20	壚
20	皖
20	轂
20	譽
20	隲
20	冕
20	簞
20	粹
20	竚
20	篷
20	璣
20	愷
20	痂
20	覓
20	鱘
19	蛄
19	乘
19	擘
19	苜
19	絅
19	薺
19	摠
19	瀛
19	愼
19	緝
19	殞
19	蒄
19	隱
19	爨
19	閧
19	禱
19	腭
19	閇
19	蓚
19	裝
19	陌
19	匚
18	蒹
18	辭
18	躡
18	羸
18	廢
18	棡
18	屶
18	抃
18	丿
18	鼕
18	銈
18	蓊
18	耒
18	訖
18	僵
18	咼
18	駢
18	椴
18	臧
18	厰
18	柞
18	蟬
18	莓
18	闥
18	諢
18	恠
18	淇
18	顬
18	蓿
18	鰕
18	眤
17	擺
17	襪
17	熕
17	懷
17	醬
17	僊
17	殄
17	歡
17	陷
17	壑
17	翕
17	蹐
17	綰
17	奐
17	郤
17	鷙
17	餝
17	娃
17	贍
17	險
17	縉
17	俠
17	楞
17	矇
17	偬
17	倥
17	鶻
17	无
17	徇
17	靺
17	皀
16	歐
16	擠
16	榑
16	寰
16	嗷
16	絎
16	屬
16	稱
16	幗
16	鐡
16	鄰
16	黠
16	罨
16	跖
16	唵
16	貅
16	閙
16	竅
16	袙
16	觸
16	簓
16	挌
15	捥
15	粳
15	罘
15	亟
15	椏
15	繽
15	寢
15	紲
15	狹
15	煇
15	搆
15	瞿
15	醢
15	輒
15	蕚
15	郢
15	驗
15	駟
15	亶
15	槎
15	擧
15	徭
15	箜
15	飭
15	葯
15	瀦
15	鴿
15	繝
15	侖
15	徃
15	冖
15	輕
15	篌
15	緇
14	磽
14	嵋
14	濬
14	譟
14	紜
14	據
14	潴
14	廸
14	寤
14	湫
14	倡
14	禀
14	陂
14	袒
14	彡
14	伾
14	專
14	寫
14	僖
14	櫪
14	貔
14	睇
14	丐
14	掎
14	藕
14	璵
14	眛
14	拊
14	慵
14	緜
14	垠
14	鰡
14	麈
13	黽
13	倏
13	惴
13	驅
13	昻
13	韈
13	謚
13	妝
13	胖
13	蠧
13	邉
13	惆
13	齡
13	惱
13	繧
13	碼
13	仂
13	髦
13	惷
13	臠
13	莠
13	龝
13	宀
13	膈
13	蔔
13	嶄
13	禖
13	鴃
13	糢
13	雎
13	曁
13	鐫
13	媧
13	餒
13	阯
13	迴
12	牘
12	弖
12	刪
12	逑
12	瑩
12	岷
12	脯
12	搔
12	灞
12	營
12	輙
12	遐
12	暠
12	炷
12	鼇
12	掀
12	殤
12	湟
12	唳
12	陜
12	估
12	儁
12	鶚
12	鏗
12	氤
12	鬟
12	晌
12	彈
12	澡
12	攤
11	釋
11	嵎
11	恁
11	楝
11	綫
11	愆
11	磅
11	嚕
11	蕋
11	蚪
11	瀆
11	苻
11	轣
11	譯
11	卩
11	迯
11	穰
11	囿
11	檮
11	靑
11	鯒
11	稻
11	隨
11	樔
11	帋
11	凾
11	鴾
11	縑
11	听
11	丗
11	壞
11	峽
11	窰
11	腴
11	縲
11	黨
11	眴
11	爻
11	弍
11	廨
11	纛
10	獻
10	擔
10	俛
10	徼
10	桍
10	舊
10	敍
10	皂
10	鶲
10	覃
10	綢
10	脉
10	燬
10	蠻
10	畯
10	聽
10	淦
10	衄
10	鹽
10	羿
10	銖
10	蘗
10	蔟
10	蝌
10	歹
10	遲
10	蚶
10	絏
10	麪
10	錢
10	伉
10	繖
10	騁
10	偐
10	壅
10	曷
10	沒
10	垤
9	鍜
9	憖
9	迥
9	糴
9	錏
9	鶇
9	鑾
9	廳
9	晢
9	錵
9	飮
9	蝪
9	緤
9	膕
9	旡
9	咜
9	潑
9	桷
9	襍
9	幃
9	儔
9	艷
9	它
9	盻
9	饋
9	躋
9	葢
9	懾
9	峩
9	效
9	聨
9	槧
9	廛
9	蠶
9	壯
9	痿
9	價
9	嬖
9	萊
9	輊
9	荐
9	蛩
9	熬
9	爍
8	淬
8	苴
8	髫
8	磴
8	冱
8	黏
8	灝
8	艚
8	鰾
8	揀
8	灣
8	椶
8	讓
8	弯
8	屐
8	淅
8	粤
8	弌
8	糅
8	售
8	嚴
8	扛
8	嶌
8	蟯
8	渧
8	瓷
8	懴
8	楣
8	亰
8	瓲
8	粢
8	擴
8	迺
8	蠹
8	癨
8	倬
8	渼
8	轗
8	吒
8	舍
8	嶂
8	皋
8	匱
8	柁
8	拏
8	穐
8	坙
8	莊
8	酘
8	陲
8	橅
8	泝
8	埵
8	瀁
8	竢
8	鏐
8	苓
8	噯
8	嵜
8	釟
8	捶
7	煢
7	鰮
7	怛
7	蘯
7	硲
7	杁
7	碎
7	逋
7	羶
7	鉑
7	澥
7	莪
7	檢
7	弭
7	洳
7	忤
7	鰰
7	輟
7	暘
7	逖
7	从
7	厮
7	鬪
7	蛯
7	懋
7	虺
7	唏
7	俐
7	鍠
7	淒
7	剩
7	默
7	俔
7	囉
7	嚶
7	糝
7	冏
7	閦
7	髓
7	燉
7	錻
7	暾
7	酖
7	枹
7	墮
7	謾
7	釿
7	堙
7	醫
6	螟
6	搴
6	髞
6	腦
6	褲
6	茯
6	崢
6	礮
6	滉
6	娉
6	瞎
6	亊
6	鉉
6	戉
6	縱
6	奩
6	謠
6	鶩
6	圻
6	鑷
6	濕
6	椢
6	鯀
6	廝
6	阡
6	吮
6	豬
6	訐
6	挊
6	瀲
6	兔
6	辧
6	耜
6	覦
6	毓
6	悃
6	阨
6	鞳
6	熅
6	泓
6	屮
6	亳
6	洶
6	澣
6	韵
6	貊
6	榿
6	儷
6	籏
6	閩
6	甬
5	蚫
5	惓
5	椚
5	蓖
5	蘰
5	妤
5	慘
5	矚
5	顥
5	狠
5	睚
5	轜
5	詆
5	萇
5	儻
5	麥
5	袮
5	擇
5	么
5	攝
5	蕘
5	驩
5	霤
5	巵
5	轀
5	弃
5	孁
5	鈩
5	笵
5	礑
5	羣
5	璁
5	勛
5	洫
5	壗
5	謌
5	磑
5	讌
5	衽
5	驂
5	鉐
5	歛
5	貎
5	覬
5	鑛
5	貮
5	舩
5	滻
5	虢
5	鯲
5	刕
5	罸
5	豼
5	縵
5	菽
5	棣
5	曚
5	晞
5	勵
5	藥
5	隸
5	猯
5	很
5	褊
5	禳
5	犧
5	愀
5	晳
5	麸
5	殫
5	溘
5	噐
5	勗
5	樛
5	聢
5	墫
5	牋
5	决
5	丨
4	朸
4	逾
4	黶
4	醯
4	楹
4	榲
4	蹼
4	泱
4	蝴
4	匏
4	厲
4	蠖
4	煦
4	畧
4	鷁
4	滬
4	杪
4	乂
4	釁
4	呰
4	忱
4	歉
4	搓
4	殀
4	濂
4	鄱
4	栩
4	蒂
4	攵
4	麕
4	黷
4	尞
4	鬲
4	鼡
4	覈
4	寳
4	洱
4	懌
4	勹
4	羃
4	砿
4	櫞
4	厂
4	綟
4	聿
4	頏
4	喟
4	荵
4	甎
4	旙
4	讙
4	夲
4	鮦
4	彘
4	儿
4	纖
4	椄
4	鍈
4	蕣
4	牾
4	珖
4	楨
4	盍
4	糲
4	軼
4	褂
4	扞
4	秧
4	槹
4	夬
4	暸
4	亠
4	爿
4	蘋
4	靹
4	毮
4	蓍
4	笆
4	熏
4	瘟
4	摎
4	翦
3	鰉
3	嫺
3	枴
3	纎
3	滯
3	碪
3	韲
3	麵
3	梼
3	茆
3	橖
3	椪
3	粃
3	罍
3	鈐
3	蕕
3	逹
3	搜
3	槞
3	絛
3	枻
3	俾
3	抂
3	誚
3	鵼
3	忉
3	廡
3	遒
3	髟
3	箟
3	橦
3	餬
3	釗
3	夊
3	萋
3	矼
3	譖
3	樞
3	哢
3	痊
3	鬯
3	岻
3	乕
3	簧
3	菘
3	昉
3	囑
3	蒭
3	蠎
3	癋
3	簍
3	逶
3	愡
3	睜
3	鏢
3	扠
3	梣
3	凖
3	猝
3	敕
3	濔
3	綛
3	賻
3	鮴
3	虍
3	槁
3	孃
3	霎
3	繿
3	繦
3	鋧
3	螯
3	駲
3	譁
3	柷
3	椨
3	鵰
3	娵
3	甓
3	顗
3	屆
3	繼
3	潛
3	粡
3	媳
3	晄
3	疊
3	皃
3	勸
3	觝
3	搶
2	鼯
2	喁
2	轔
2	釖
2	昿
2	邐
2	韛
2	鋙
2	欸
2	蒴
2	砬
2	毖
2	刔
2	唎
2	遨
2	扃
2	孼
2	縈
2	贐
2	迤
2	顙
2	錞
2	飇
2	唹
2	枌
2	璅
2	珣
2	痃
2	颻
2	剏
2	棆
2	柤
2	您
2	崚
2	撿
2	吧
2	粔
2	嗎
2	籙
2	杦
2	艣
2	姧
2	輫
2	緌
2	賍
2	躔
2	囊
2	钁
2	蹬
2	餾
2	諠
2	猗
2	釭
2	鷂
2	軅
2	抖
2	挈
2	槭
2	鞁
2	褝
2	溽
2	彑
2	炕
2	堞
2	閠
2	柮
2	卆
2	昜
2	攴
2	奝
2	椁
2	剴
2	琫
2	岔
2	沆
2	汜
2	隰
2	兊
2	盖
2	蓁
2	鼙
2	鎺
2	叨
2	琚
2	丫
2	觔
2	懍
2	擶
2	泮
2	毗
2	殕
2	彔
2	鐇
2	暲
2	砡
2	壓
2	埣
2	炤
2	栱
2	冂
2	蚸
2	甯
2	膓
2	檪
2	价
2	衵
2	鑄
2	靦
2	柀
2	刧
2	鱏
2	螇
2	迩
2	骶
2	郛
2	竓
2	鴕
2	嫻
2	昃
2	聃
2	蕤
2	蕺
2	挘
2	欏
2	殍
2	邙
2	嵒
2	覽
2	穩
2	萓
2	鉸
2	綣
2	跿
2	冪
2	浯
2	昞
2	檍
2	禪
2	絈
2	膸
2	鞐
2	柎
2	尢
2	畤
2	踈
2	氵
2	秫
2	犖
2	咊
2	貲
2	俉
2	揩
2	柆
2	恊
2	憙
2	翆
2	畊
2	遖
2	篶
2	淸
2	气
2	僴
2	佰
2	豢
2	犲
2	囎
2	鉚
1	襃
1	驒
1	袵
1	彜
1	朿
1	糘
1	澈
1	滷
1	坥
1	誾
1	昕
1	朏
1	骭
1	孥
1	耡
1	篪
1	觧
1	哽
1	啅
1	蘢
1	鳬
1	唔
1	凬
1	澂
1	釶
1	莩
1	皁
1	簟
1	泚
1	鯏
1	秬
1	鵫
1	畴
1	磆
1	淌
1	蘓
1	繒
1	緕
1	棰
1	酲
1	薰
1	嶝
1	愽
1	紿
1	惕
1	齶
1	冩
1	跑
1	蕙
1	歃
1	暄
1	嚬
1	檞
1	胙
1	椥
1	垬
1	浹
1	泅
1	姒
1	幤
1	飡
1	剞
1	騶
1	朷
1	鑣
1	樝
1	奬
1	噦
1	耋
1	筎
1	忻
1	魣
1	洄
1	奓
1	鋗
1	魲
1	鈬
1	焏
1	厓
1	鉎
1	氿
1	桒
1	箞
1	鋓
1	竑
1	惲
1	汯
1	墹
1	碆
1	鈆
1	撝
1	鉀
1	桾
1	敎
1	梲
1	嚝
1	鮗
1	凮
1	龠
1	癜
1	橢
1	豔
1	敧
1	煠
1	燾
1	昀
1	荅
1	黹
1	穃
1	巉
1	珸
1	煜
1	鉷
1	匸
1	錝
1	笘
1	禛
1	罧
1	賰
1	隯
1	哦
1	匤
1	冾
1	馞
1	諶
1	稘
1	悅
1	幺
1	孖
1	鮻
1	增
1	靤
1	沺
1	砠
1	遘
1	劦
1	訷
1	隝
1	鮏
1	畄
1	綷
1	惞
1	譌
1	樮
1	昮
1	酳
1	鋿
1	釛
1	哿
1	裵
1	朖
1	溿
1	涖
1	郞
1	諟
1	恝
1	寬
1	釡
1	厝
1	渊
1	筴
1	杠
1	朞
1	詎
1	泙
1	藿
1	塲
1	垜
1	倔
1	岾
1	軏
1	羝
1	戕
1	飃
1	琛
1	悁
1	珵
1	鞫
1	霾
1	齠
1	筠
1	黼
1	纉
1	秡
1	婕
1	椌
1	齔
1	戳
1	垪
1	菷
1	孳
1	蘩
1	貍
1	圦
1	榱
1	濆
1	顒
1	碵
1	欟
1	軆
1	懽
1	踐
1	忞
1	鵐
1	莖
1	鬥
1	竸
1	苡
1	跂
1	咾
1	糂
1	楜
1	攜
1	弸
1	挧
1	儉
1	瘭
1	獵
1	蒞
1	紕
1	蛬
1	靏
1	嶹
1	榘
1	踟
1	訒
1	驎
1	楴
1	瀨
1	楾
1	垈
1	曦
1	鷆
1	鶤
1	釬
1	魵
1	蔣
1	襅
1	緣
1	彖
